# Web-Google induced subgraph
# Nodes: 50000
# FromNodeId ToNodeId
0 11342
11342 0
11342 27469
11342 38716
2 30957
30957 2
4 44695
44695 4
5 39733
39733 15455
7 19576
7 43343
19576 9925
19576 40379
19576 43343
43343 19576
10 49988
49988 10
11 42021
15 16586
15 43847
15 44788
17 33881
17 40033
33881 48729
20 7235
7235 21394
7235 36960
22 13505
25 13825
27 47401
47401 27
38 47312
48 25870
25870 48
54 7969
63 43416
43416 17047
64 21682
21682 14619
21682 39469
21682 48630
73 26122
74 25293
78 46428
85 17093
85 29338
85 43515
17093 85
17093 24891
17093 29338
17093 38599
17093 43515
29338 85
29338 17093
29338 43515
43515 85
43515 17093
43515 29338
88 27920
89 19476
19476 89
19476 15233
19476 21682
19476 32163
19476 47468
90 40573
40573 90
96 27924
27924 96
106 46965
46965 106
110 6345
110 12976
6345 110
111 7314
111 48423
48423 7314
113 39364
39364 28363
39364 33902
117 25744
119 16347
121 36292
36292 34315
123 24004
24004 123
124 41909
41909 24340
135 3339
135 14396
3339 14396
14396 135
14396 3339
14396 11048
142 44114
44114 142
145 9652
145 20483
9652 145
9652 20483
20483 145
20483 9652
146 18795
18795 146
147 3170
147 20514
3170 20514
3170 33459
20514 3170
153 37107
155 11958
157 1673
157 24275
24275 157
24275 1673
159 10009
161 17940
17940 12108
17940 38359
174 16101
16101 41619
180 27821
27821 180
181 19142
185 49495
49495 185
186 15259
15259 36292
192 29792
29792 192
193 3694
3694 193
194 22413
194 24423
194 45703
22413 24423
24423 45703
196 36832
36832 196
199 25802
202 34548
202 35398
34548 37255
35398 202
208 5654
208 46853
5654 208
5654 46853
46853 208
46853 5654
211 32163
32163 34291
32163 47823
32163 48888
214 22874
214 27134
214 30124
214 30320
22874 214
22874 27134
22874 30320
30124 11639
30320 214
30320 22874
30320 27134
222 8731
8731 10777
223 31435
31435 223
230 22310
232 29433
232 31782
29433 43105
29433 44050
31782 232
31782 29433
233 42165
42165 233
237 29104
242 9141
9141 242
256 41948
260 33214
260 45818
33214 45818
45818 296
261 38839
38839 261
38839 30620
271 21682
278 23097
279 21430
21430 279
283 15453
15453 14225
284 9088
9088 284
285 5756
289 19976
19976 289
19976 1291
19976 2496
19976 18943
290 9111
290 15236
293 11911
300 5534
5534 300
303 44157
305 4694
4694 305
308 31781
31781 308
312 18642
312 49975
320 28364
322 32163
322 34472
34472 32163
34472 49889
328 41909
331 23244
333 40691
343 20779
343 37545
20779 343
20779 37545
37545 343
37545 20779
351 21682
359 10777
359 13714
359 15752
10777 23526
10777 32721
13714 37404
13714 39176
15752 359
364 36060
372 6555
6555 372
375 30837
30837 31180
379 35605
35605 379
383 3259
3259 45491
384 34793
34793 384
387 17314
390 16219
390 35346
16219 390
16219 35346
391 48757
392 17412
394 39792
399 28479
28479 22238
403 14795
409 11551
11551 409
420 20257
420 41909
20257 420
20257 41909
421 32163
421 48888
48888 32163
422 3410
3410 422
3410 30280
428 12005
428 40505
12005 40505
40505 12005
40505 21544
429 31180
433 24481
24481 433
434 33505
33505 434
441 24052
24052 441
445 46237
456 3054
3054 24457
3054 26576
459 21682
467 35024
35024 467
35024 17953
35024 30689
35024 34411
481 23086
483 35856
35856 483
486 34192
493 43600
43600 1284
499 11347
500 44040
504 7314
511 16903
16903 511
515 9550
515 17687
17687 515
17687 10000
17687 38614
517 5314
519 19485
19485 519
19485 13087
522 5778
5778 522
529 21244
21244 13719
535 28777
539 2531
540 3611
543 41909
551 15968
15968 33273
554 9678
9678 45826
556 28365
28365 33361
567 28421
28421 567
572 45425
573 45425
583 18299
593 2816
593 11429
599 10780
599 28005
28005 10780
600 5524
5524 600
605 48733
606 1300
606 27366
1300 606
613 12958
12958 30847
615 18408
616 5651
5651 616
625 31425
630 14032
14032 630
640 38555
649 29270
29270 649
653 3044
3044 33594
656 16370
657 42636
658 20137
658 26391
20137 658
660 29243
29243 660
662 16664
670 22007
670 24098
22007 18425
22007 20303
24098 670
24098 22007
677 26846
679 1479
686 43792
687 11015
11015 15233
691 6806
691 8032
6806 8032
8032 6806
697 3905
3905 697
3905 31937
699 40912
706 19873
706 33337
706 42577
719 34527
720 2244
720 28998
726 2920
726 14578
2920 14578
2920 20286
2920 48095
14578 2920
728 45013
45013 728
733 34201
734 36839
735 27125
27125 735
740 2939
740 34637
2939 740
2939 34637
756 5236
771 44358
772 23677
773 33950
773 45024
33950 7258
45024 33950
775 10610
775 41909
781 41909
792 10400
10400 792
10400 3305
795 18153
809 22050
813 8713
813 20043
813 40212
813 41295
813 47867
8713 813
41295 27496
819 17412
827 1985
827 6264
827 12028
827 32163
827 35911
1985 827
1985 32163
1985 35911
6264 827
6264 17123
6264 32163
12028 827
12028 32163
35911 827
35911 1985
35911 32163
830 15456
837 26151
837 48098
837 49404
26151 18100
838 34227
845 45324
845 47838
45324 845
47838 845
47838 45324
846 11970
849 15981
857 33469
859 2975
859 22790
2975 22790
864 37397
37397 26392
37397 32205
869 44514
44514 869
872 1532
885 9134
9134 885
888 40162
895 41909
899 32122
902 16868
16868 17297
16868 48667
911 17265
17265 911
913 30837
921 45425
932 7912
7912 11780
937 16545
937 41909
16545 41909
943 44112
951 28670
952 28774
28774 952
954 11786
11786 954
956 3925
956 46881
3925 956
966 10268
966 23992
10268 966
10268 23992
23992 966
23992 10268
970 36293
973 6115
973 32837
6115 973
6115 3613
6115 32837
32837 6115
977 20654
977 34349
20654 977
20654 34349
34349 977
34349 20654
979 42717
980 11689
980 48752
11689 980
991 10153
10153 991
10153 8026
1002 45026
45026 1002
1013 14121
1025 6988
6988 1025
1026 21682
1030 36197
1035 3472
1035 32163
1036 23554
1036 37727
23554 37727
37727 23554
1041 4015
1041 43102
4015 1041
4015 43102
43102 1041
43102 4015
1048 30548
30548 2512
1049 3496
1049 15883
1049 19373
3496 1049
3496 19373
15883 16866
19373 1049
19373 3496
1051 1304
1052 21904
1052 27072
1052 27924
21904 27924
27072 27924
1054 7314
1062 16008
1062 28680
16008 1062
16008 28680
28680 1062
28680 16008
1071 45529
45529 1071
1074 37923
1074 39596
1080 12668
1080 12979
12668 12979
1087 9542
9542 1087
9542 8040
1089 32640
32640 1089
1093 25534
1093 32163
1093 48888
25534 32163
25534 48888
1101 36197
1122 429
1122 31180
1125 1610
1126 30393
1127 30836
1129 2218
1130 19419
19419 1130
1131 29519
29519 1131
29519 11953
1134 5280
1134 22384
5280 22384
22384 5280
1142 3854
1142 20251
1142 38452
3854 1142
3854 20251
3854 38452
20251 1142
20251 3854
20251 38452
38452 1142
38452 3854
38452 20251
1164 16437
1169 33514
1174 21348
1176 8316
1178 32399
32399 1178
1181 19364
1182 20495
20495 14779
1183 26478
1186 15693
1189 30667
1189 41909
1192 49021
1196 6771
1204 32163
1205 28919
28919 1205
1210 27130
1211 7838
7838 1211
1212 32536
32536 1212
1213 43792
1214 9638
9638 1214
1217 30557
1218 43799
1227 26614
26614 1227
1232 8316
1239 25757
1239 38222
1239 40554
25757 1239
25757 38222
25757 40554
38222 1239
38222 25757
38222 40554
40554 1239
40554 25757
40554 38222
1240 31765
1240 42403
1240 47376
31765 47376
42403 31765
42403 47376
47376 31765
1243 39565
1255 20860
1255 21769
1255 44124
21769 1255
21769 20860
21769 44124
44124 1255
44124 20860
44124 21769
1256 22500
22500 1256
1257 2592
1262 1682
1269 38817
1278 21682
1282 16192
1282 20915
1282 24749
1282 34300
16192 1282
16192 20915
16192 24749
16192 34300
20915 1282
20915 16192
20915 24749
20915 34300
24749 1282
24749 16192
24749 20915
24749 34300
1284 6222
1285 28663
1285 32734
32734 1285
32734 28663
1286 29976
1289 13489
1291 19976
1296 2267
2267 1296
1298 15999
15999 1298
1299 32163
1301 30084
1308 35682
35682 25542
1332 41345
1332 49878
41345 1332
41345 49878
49878 1332
49878 41345
1337 21177
21177 1337
1339 17996
1340 33263
33263 48006
1345 5575
1345 42184
5575 42184
42184 5575
42184 29643
1348 16302
1348 48211
16302 1348
16302 48211
48211 1348
48211 16302
1351 47166
1352 1633
1352 23331
1354 36989
1354 40716
36989 1354
36989 40716
40716 1354
40716 36989
1362 49948
1372 45425
1379 46069
1386 41909
1390 14780
1396 17987
1399 9438
9438 1399
1401 31077
31077 1401
1403 3170
1403 20514
1405 41209
41209 1405
41209 22660
1410 24689
1411 14571
1411 43438
1412 48504
1415 37915
37915 1415
1418 28876
1428 17412
1431 36953
36953 36493
36953 44403
1436 409
1437 11319
1441 33807
33807 1441
1443 49234
49234 5683
49234 26735
1455 43988
43988 1455
1463 13809
13809 22128
13809 25410
13809 28571
13809 32921
13809 35459
1473 5347
1474 49120
1489 15326
15326 1489
1504 15034
1504 25721
15034 25721
25721 1504
25721 10131
25721 15034
1509 1401
1509 31077
1510 23623
1510 43917
23623 1510
23623 43917
43917 1510
43917 23623
1511 17754
1512 30634
30634 1512
1513 1406
1515 26253
26253 1515
1520 36197
1522 26457
1527 40761
40761 1527
1534 48986
1535 4990
1535 31518
1535 35071
4990 31518
4990 35071
31518 4990
31518 35071
35071 13737
1536 21052
1536 44894
21052 44894
44894 21052
1546 7796
1549 6111
6111 3395
1553 22309
1561 41354
1562 33592
33592 1562
1569 32545
1586 49987
1589 42969
1595 18299
1597 12304
12304 23959
12304 33005
1607 30356
1614 24660
24660 1614
1617 32163
1617 36708
36708 1617
36708 32163
1621 49828
49828 1621
49828 19670
1624 827
1624 32163
1627 10681
1634 10148
1636 2048
1636 7896
1636 30214
2048 7896
30214 1636
30214 2048
30214 7896
1639 15235
15235 1639
1647 32163
1647 47823
1647 48888
47823 18631
47823 32163
47823 34291
47823 35953
47823 42160
47823 43858
47823 48888
1648 11759
1648 15883
1650 8979
1657 44201
44201 18974
1661 8669
8669 1661
1669 5108
1676 32163
1676 41357
41357 32163
1677 27355
27355 18953
27355 33331
27355 47369
1695 6530
1695 20860
1695 21661
6530 1695
6530 20860
6530 21661
21661 1695
21661 6530
21661 20860
1702 27562
1704 47245
1705 693
1709 19001
1713 21169
1714 43228
43228 1714
1715 28451
1716 25808
25808 7546
1717 1825
1717 20076
1825 1717
1825 20076
20076 1717
20076 1825
1722 8734
8734 1722
1725 37136
37136 39578
1727 33770
33770 1727
1729 22416
1729 24189
22416 24189
24189 22416
1733 27912
27912 15252
1737 16996
16996 1737
1739 6236
6236 1739
1745 8316
1763 45530
1769 34144
1770 10817
10817 1770
1774 17574
17574 1774
1778 23151
23151 1778
1786 4547
1786 12799
1786 44224
12799 1786
12799 4547
12799 44224
44224 1786
44224 4547
44224 12799
1794 45425
1800 40922
40922 1800
1806 43792
1824 28757
1824 29551
1827 32604
32604 1827
1829 43717
1833 7314
1834 33896
33896 1834
1835 38922
1835 45179
38922 45179
1838 8217
1847 25135
1858 35954
1858 42144
35954 43839
42144 35954
1860 5622
5622 1860
1862 18433
1869 5780
1869 15013
1869 19470
1869 35956
5780 19470
5780 33578
35956 15013
35956 45491
1882 18697
18697 1882
18697 38200
1888 12463
1889 13116
13116 1889
1891 31832
1891 39157
31832 1891
31832 39157
1902 9877
9877 1902
1903 47297
1911 7314
1911 15121
1911 15564
1911 41538
15121 7314
15121 15564
15121 41538
15564 7314
15564 15121
15564 41538
41538 7314
41538 15121
41538 15564
1913 23622
1913 38789
1913 43833
23622 1913
23622 27580
23622 38789
23622 43833
38789 1913
38789 23622
38789 43833
1915 19160
1915 38457
38457 1915
38457 19160
1925 10577
10577 1925
10577 45073
1927 22571
1928 10131
1928 15034
1928 25721
1938 32163
1945 9581
1945 18013
9581 1945
9581 18013
18013 1945
18013 9581
1947 36794
1948 23086
1950 13527
1950 23209
13527 30359
13527 32163
23209 32163
23209 48888
1956 20763
1956 29917
20763 1956
29917 1956
29917 20763
1965 45699
45699 3035
45699 30941
1966 28040
28040 1966
28040 28364
1967 4064
1972 32163
1972 48888
1976 2415
1979 32163
1992 33062
1992 45565
33062 1992
33062 45565
45565 1992
45565 33062
1998 18408
1998 42214
42214 1998
42214 18408
2002 38897
2003 19088
19088 8078
2006 3966
2006 21682
3966 2006
3966 21682
2007 22050
2009 42326
42326 2009
2010 9533
2027 15883
2028 14619
2028 21682
2028 39469
2028 48630
14619 21682
14619 39469
14619 48630
39469 14619
39469 21682
39469 48630
48630 2028
48630 14619
48630 21682
48630 39469
2031 38455
38455 2031
2032 47580
2034 33757
2035 24307
2039 16868
2039 24873
2039 27591
2039 40865
24873 16868
24873 28469
27591 2039
27591 16868
27591 24873
27591 40865
40865 2039
40865 16868
40865 24873
40865 27591
2041 32163
2042 18752
2044 19773
2045 10021
2045 32163
10021 32163
2062 7252
7252 206
7252 36667
7252 39561
2068 11350
11350 2068
2071 27141
27141 2071
2074 15463
2074 31847
2075 40975
2077 37726
2078 47369
2079 41909
2082 47420
2084 12793
12793 2084
2085 12579
2100 49583
2108 32756
32756 2108
2116 44270
44270 44567
2118 30356
2127 7010
2127 35664
7010 35664
35664 7010
2129 16545
2129 41909
2135 600
2135 5524
2137 29581
29581 2137
2138 46398
2145 23441
2146 2028
2146 21682
2150 21809
2150 36724
21809 2150
36724 2150
36724 21809
2156 41909
2159 23351
2159 46146
23351 2159
46146 2159
2169 28588
2176 11029
2176 49334
11029 2176
11029 49334
49334 2176
49334 11029
2179 23005
2182 44202
2183 47161
47161 2183
2185 8899
8899 2185
2190 32163
2193 19891
2197 38411
38411 2197
2200 14086
2200 19943
2200 40617
2200 46807
2201 16868
2210 3339
2213 21948
21948 2213
2217 5432
2223 15503
15503 2223
2224 45425
2226 10393
2235 13875
2242 30094
2242 38015
2243 15684
2250 21686
21686 2250
2253 46834
2255 7314
2255 11647
2256 16868
2256 44076
44076 16868
2259 44972
44972 2259
2262 44168
2264 3378
3378 2264
2274 10354
2274 34961
2275 35268
35268 2275
2279 17206
2280 29706
2283 732
2285 26273
26273 2285
2293 35346
2297 39969
39969 2297
2304 33049
33049 2304
2316 30739
2336 33590
2341 19220
19220 2341
2346 42212
42212 2346
2353 37146
2365 19915
2366 44558
2368 39279
39279 2368
39279 9534
39279 11233
39279 37502
2371 14915
2374 40466
40466 2374
2377 9198
9198 42114
2381 41909
2385 4456
2385 17766
4456 2385
4456 17766
17766 2385
17766 4456
17766 24521
17766 28543
2387 36923
36923 38168
2388 18951
18951 2388
2393 29340
2394 1739
2394 6236
2394 42994
42994 2607
42994 4027
2396 22985
2396 48907
22985 2396
48907 2396
48907 22985
2404 827
2404 32163
2408 19911
2409 43147
43147 2409
2413 29248
2413 47988
29248 2413
29248 47988
2414 35346
2416 1866
2417 10533
10533 2417
2421 11520
2437 28510
2437 35900
28510 20052
28510 35900
35900 12562
35900 30239
2466 7314
2466 23716
2466 26801
23716 7314
23716 26801
26801 7314
2469 9192
2469 23974
9192 23974
23974 2469
23974 3905
23974 9192
2477 7626
7626 2477
2480 3667
2480 36292
3667 2480
3667 36292
2485 46105
46105 2485
2487 17794
17794 2487
2493 15005
2495 28232
2495 36292
28232 2495
28232 36292
2496 19976
2500 29005
2503 34208
34208 2503
2505 46540
46540 2505
2511 35230
35230 40666
35230 46848
2514 32701
32701 33553
2519 7272
7272 2519
2525 6111
2535 31523
2539 14674
2540 25841
2546 23005
2554 26048
26048 17416
26048 39958
2555 8283
2559 20652
2562 16127
16127 2562
2563 41909
2565 2982
2575 7244
2575 16101
7244 2575
7244 16101
2582 26465
2584 8659
2586 6984
6984 2586
2587 9810
9810 11243
2593 33438
2595 41545
41545 2595
2599 2722
2599 23093
2722 2599
2722 23093
23093 2599
23093 2722
2603 45016
45016 14518
2607 4027
4027 15468
4027 29679
2609 2
2609 30957
2613 16812
16812 2613
2618 32163
2618 48888
2628 3401
3401 2628
2630 25112
2630 33370
25112 2630
25112 33370
33370 2630
33370 25112
33370 29036
2634 21682
2634 30386
30386 2634
30386 21682
2636 6571
6571 2636
6571 22662
2641 41909
2645 26291
2645 47309
26291 2645
26291 31550
26291 47309
47309 2645
47309 26291
2650 23260
23260 2650
23260 15206
2651 41909
2655 41909
2657 30045
2657 44629
2659 15587
2659 28725
28725 2659
28725 15587
2661 25038
2661 41273
2661 45672
2693 33198
2695 25891
25891 2695
2706 9303
9303 2706
2708 19665
19665 2708
2712 44579
2714 8631
2714 21362
2714 22210
2714 29088
8631 2714
21362 2714
21362 22210
21362 29088
22210 2714
22210 21362
22210 29088
29088 2714
29088 21362
29088 22210
2720 16212
2720 36307
16212 2720
16212 36307
36307 2720
36307 16212
2731 39049
2737 26583
26583 2737
2744 30351
2744 42040
30351 2744
30351 42040
42040 2744
42040 30351
2747 15229
2754 19192
2754 25371
2754 45550
19192 2754
19192 25371
19192 45550
25371 2754
25371 19192
25371 45550
45550 2754
45550 19192
45550 25371
2759 29911
29911 2759
2760 17766
2761 32163
2761 47823
2761 48888
2769 41909
2771 22128
22128 13809
22128 25410
22128 31076
22128 32921
22128 34013
22128 35459
2774 37848
2777 16868
2791 409
2796 8549
2798 20715
2808 14393
2810 3284
2810 6517
2815 19915
2818 14674
2824 43504
43504 2824
2825 44485
44485 2825
2827 9706
2832 41909
2834 36822
2837 14487
2837 36411
14487 2837
36411 2837
2839 41444
41444 2839
2842 1684
2844 5776
5776 8670
2852 1536
2855 34206
2860 23526
23526 10777
2865 41909
2886 14499
2892 12604
2892 16940
2892 47677
12604 16940
12604 47677
16940 12604
16940 47677
47677 12604
47677 16940
2893 5500
2893 14809
5500 2893
5500 14809
14809 14393
2895 17994
2895 19196
2897 38783
2914 38925
38925 2914
2917 46337
20286 2920
20286 14578
48095 2920
48095 14578
48095 20286
2928 40256
2928 46209
40256 47694
46209 40256
2932 16680
2950 36710
36710 13177
36710 22128
2951 32163
2955 12115
2955 27508
27508 12115
2964 18520
2964 34215
18520 2964
18520 34215
34215 18520
2977 16576
16576 2977
2989 28365
2994 41909
2996 19914
2999 9605
2999 32163
9605 2999
9605 32163
3001 33950
3002 16910
3004 2596
3021 17119
17119 3021
3022 29737
3022 32471
29737 3022
29737 32471
29737 33869
32471 3022
32471 29737
32471 33869
3033 44572
3035 9310
9310 30941
3038 20922
20922 3038
3039 3373
3039 16713
3039 25594
33594 3044
3046 32498
3048 17779
17779 4783
3049 5547
3052 36092
36092 3052
3053 18282
24457 3054
26576 3054
3058 14034
3058 48733
3060 2402
3060 34118
3064 2486
3066 15364
15364 18216
15364 36218
15364 37593
3069 11564
3069 18967
11564 3069
11564 18967
3071 3822
3071 30230
30230 3822
3085 11639
3085 23111
23111 11639
3098 36430
3101 2964
3101 18520
3101 34215
3105 1236
3111 16868
3123 41909
3124 36716
36716 27600
3128 3160
3132 48173
3140 8385
3148 26995
26995 3148
3150 48986
3151 5624
5624 3151
3153 10224
3154 28108
3155 13059
13059 3155
3159 13679
3159 27701
27701 13679
3169 27475
33459 3170
33459 20514
3174 4547
3176 13078
3176 33352
33352 13078
3177 20961
3177 32163
20961 16038
3178 22128
3178 25410
25410 12079
25410 13809
25410 22128
25410 28479
25410 32921
25410 35459
3179 7314
3182 36292
3182 44161
44161 9545
44161 36292
3183 14649
3183 38054
3183 42581
3186 16690
3190 8316
3199 29021
3199 30139
29021 3199
29021 30139
30139 3199
30139 29021
3205 21682
3228 36413
36413 21423
36413 30279
36413 34795
3229 38417
38417 13863
3241 8922
3242 46067
3245 8329
3245 48174
48174 3245
48174 8329
3251 3054
3254 45425
45491 35956
3260 15587
3260 34104
34104 3260
34104 8545
3261 28108
3263 34006
3268 47995
3274 35869
3276 1298
3282 46845
46845 3282
46845 38714
3283 7382
3294 32163
3294 37708
3294 48011
48011 3294
48011 32163
48011 37708
3296 6111
3299 5132
3306 41909
3307 14113
3311 33950
3315 3518
3316 41909
3324 41909
3326 31765
3326 47376
3333 16332
3338 1737
3338 8853
8853 1737
3343 8979
3344 27469
3347 12672
12672 3347
3348 36292
3366 3692
3692 3366
3368 1723
3369 9893
3369 32625
3384 6236
3386 9804
9804 3386
3388 39258
3388 40057
3388 43018
3388 49728
39258 3388
39258 43018
40057 3388
40057 43018
40057 44176
43018 3388
49728 3388
49728 6818
49728 43018
3389 45936
45936 3389
3395 6111
3397 37166
37166 3397
3405 38150
38150 3405
3406 3532
3406 45970
3407 5355
5355 3407
3421 5314
3422 13771
3424 24724
3424 49206
3437 6574
3456 36623
3460 33590
3464 41299
41299 19572
3468 8316
3471 5623
3474 26940
3476 31642
31642 46335
3483 21682
3483 26429
3483 36557
26429 3483
26429 21682
26429 36557
36557 3483
36557 21682
3488 39468
3493 15256
3504 22879
3512 19619
19619 3512
3515 10777
3515 44914
44914 10777
3519 14598
14598 47170
3520 12958
3520 39715
39715 12958
3521 45417
45417 3521
3537 8082
3537 42850
42850 3537
3542 21682
3546 42858
42858 3546
3557 49627
3560 4547
3571 14673
3576 40362
3577 46899
3579 9678
3580 4548
4548 3580
4548 46531
3585 13372
3587 46629
3596 49617
3598 40016
3600 40994
40994 3600
3602 17009
3613 6115
3613 32837
3614 6559
3614 7334
3614 29860
6559 7334
6559 29860
7334 6559
7334 29860
7334 48221
29860 6559
29860 7334
3615 12091
12091 3615
12091 32520
3616 11670
11670 3616
3619 26048
3621 47298
47298 3621
3622 20191
3624 44972
3638 11830
3641 22563
3643 16308
3644 21682
3644 46583
46583 3644
46583 21682
3645 48006
3653 6939
3653 12020
3653 14753
6939 12020
12020 6939
14753 3653
14753 6939
14753 12020
3654 5314
3660 31503
3660 40257
40257 71
40257 31503
3664 19362
3671 28124
3675 35242
35242 15912
35242 21900
3682 35546
35546 3682
3683 4000
3683 44966
4000 44966
3685 4657
4657 3685
3686 2028
3686 21682
3695 23413
3695 33014
23413 3695
23413 33014
33014 3695
33014 23413
3696 48195
3716 36292
3716 44161
3726 8316
3733 32624
3739 31590
31590 3739
3751 35579
35579 40697
3757 25123
3757 31441
3759 10025
3765 2107
3781 4466
3783 23497
3784 27106
27106 3784
3788 48099
3791 4627
3791 19453
19453 3791
19453 4627
19453 7431
3792 19979
19979 9589
19979 28470
3795 7533
3795 37358
7533 3795
7533 37358
37358 3795
37358 7533
3807 26360
3807 42354
26360 3807
26360 42354
42354 3807
42354 26360
3814 6573
6573 3814
3815 38039
38039 3815
3817 36246
36246 3817
3818 9572
9572 3818
3819 7539
3827 8766
8766 3827
3832 31968
3846 32163
3846 48888
3853 41909
3858 8879
8879 22668
3861 2527
3861 44694
44694 513
44694 5775
44694 5974
44694 7331
44694 16094
44694 19915
44694 22208
44694 25116
44694 40890
44694 42443
44694 45070
3864 38638
3864 42517
38638 3864
38638 42517
42517 3864
42517 38638
3865 16851
3865 43533
16851 43533
3883 4635
3883 29459
29459 4635
29459 10456
3887 29070
29070 3887
3897 5625
3897 10130
3897 23971
3897 42995
3897 44560
5625 3897
5625 10130
5625 42995
5625 44560
10130 3897
10130 5625
10130 42995
10130 44560
42995 3897
42995 5625
42995 10130
42995 24782
42995 31507
42995 44560
42995 47256
42995 48757
44560 3463
44560 3897
44560 5625
44560 10130
44560 42995
3898 5409
31937 3905
3908 3483
3908 21682
3908 36557
3914 12522
3915 24939
3926 14809
3940 38802
3940 49103
38802 49103
49103 3940
49103 38802
3943 7004
7004 3943
3944 13327
3944 32163
3944 48888
13327 32163
13327 48888
3949 26426
3949 33974
3949 43185
26426 24508
3950 45952
3952 34849
3957 38964
38964 3957
3958 15263
3958 32163
3958 48888
15263 32163
15263 48888
3959 20998
3961 15263
3961 32163
3961 48888
3972 20852
20852 3972
3977 4667
3995 46198
46198 3995
46198 15653
46198 17077
3996 11919
3996 39876
11919 3996
11919 39876
39876 3996
39876 11919
3997 17918
4001 7314
4004 12680
12680 4004
4006 28874
4006 47356
28874 47356
47356 4006
47356 28874
4008 22115
4023 11535
11535 9533
11535 34824
11535 36294
4025 18418
4026 15091
4032 46159
46159 4032
4033 13478
4039 28153
28153 4039
4042 7550
4049 18659
18659 21510
4053 40973
4053 42910
40973 4053
42910 40973
4056 46765
46765 4056
4057 42714
4061 19662
4067 10839
4067 13232
10839 13232
10839 42689
13232 4067
13232 10839
4068 31134
4073 7531
4087 18755
4089 31503
4090 19572
4090 41299
19572 41299
4094 45425
4095 29938
4095 46701
29938 17729
29938 46701
46701 11731
46701 29938
4102 27840
4107 1532
4110 18083
18083 4110
4114 11762
4115 13374
4118 9787
4120 39265
39265 4120
4127 710
4128 13536
4132 9684
4135 36292
4143 33568
4143 45831
33568 45831
45831 33568
4145 39834
39834 4145
4146 32163
4149 8055
4150 12858
12858 4150
4151 12017
12017 4151
4153 7438
4161 12958
4161 39715
4167 42281
4167 42924
42281 4167
42281 42924
42924 4167
42924 42281
4172 17806
4173 43792
4182 43674
4182 45769
43674 4182
43674 45769
45769 4182
45769 43674
4184 46326
4189 17547
4189 47927
17547 47927
47927 17547
4199 33198
4211 36292
4213 10219
4216 46316
46316 4216
46316 32904
46316 41097
4217 25808
4218 22416
4218 24189
4219 8653
4219 21882
8653 2483
4224 46932
4225 20923
4227 4552
4237 10200
4237 23215
10200 4237
10200 23215
23215 4237
23215 10200
4239 32163
4246 26922
4246 28754
4246 41422
28754 26922
28754 41422
4252 11471
11471 4252
4257 5224
4257 37521
5224 37521
37521 5224
4267 18500
4273 14635
4273 40318
4273 43874
14635 4273
14635 40318
14635 43874
40318 4273
40318 14635
40318 43874
43874 4273
43874 14635
43874 40318
4281 25925
4289 34258
4301 20462
4308 7314
4313 17846
4313 40541
17846 4313
17846 40541
40541 4313
40541 17846
4322 36292
4332 34622
34622 42340
4333 37903
4346 44966
4352 38939
38939 10906
38939 22115
4354 8008
8008 4354
4361 8544
4361 19077
4361 21584
4361 24339
4365 5337
5337 4365
4367 280
4375 12222
12222 15470
12222 16575
4379 32335
4385 39540
4387 48436
48436 2866
48436 4387
4388 42388
4392 37909
4396 8275
4399 36982
36982 4399
4415 46474
4439 10778
10778 4439
10778 15587
10778 45702
4441 23421
23421 4441
4444 12977
12977 4444
4446 15889
15889 10777
15889 14225
4450 30837
4460 42783
4460 48104
42783 22011
42783 24558
4463 5763
4463 13804
4463 40047
5763 4463
5763 13804
5763 40047
13804 5763
13804 40047
40047 5763
40047 13804
4465 44244
4469 21337
4471 13742
13742 4471
4476 7917
4480 18022
4481 28759
4483 13808
4500 17271
17271 4500
4503 33194
4508 21636
21636 4508
4509 32403
4514 12266
4514 48556
12266 4514
12266 48556
48556 4514
48556 12266
4516 8676
4518 7747
7747 4518
4522 18408
4532 17065
17065 4532
4541 9080
4542 27913
27913 4542
27913 40160
4544 31063
31063 4544
4545 39366
39366 4545
46531 8635
4557 8316
4560 20308
4560 42797
4571 6693
6693 4571
4574 26498
26498 4574
4577 28042
28042 4577
4578 27416
4581 211
4585 4635
4585 29459
4589 14972
14972 4589
4597 36292
4598 44080
44080 34698
4601 11832
4601 40709
11832 40709
4608 37676
4620 33880
33880 4620
4621 4760
4621 30211
4760 30211
4760 37151
30211 4760
4625 31622
4625 47900
31622 47900
31622 49424
4631 47789
47789 8105
4633 12854
4633 13478
4633 44967
44967 4633
4636 15687
15687 4636
4638 7665
7665 4638
4640 14134
4649 2841
4661 19550
4661 28159
4661 42440
28159 4661
28159 42440
42440 19550
4664 23526
4668 32163
4673 34945
4678 5786
5786 4678
4683 16156
4686 13326
4686 15924
4686 22039
4686 48902
13326 4686
13326 15924
13326 22039
13326 48902
15924 4686
15924 13326
15924 22039
15924 48902
22039 4686
22039 13326
22039 15924
22039 48902
48902 4686
48902 13326
48902 15924
48902 22039
4689 14787
4690 8329
4692 19708
4697 34788
34788 4697
4698 36761
36761 4698
36761 25762
4705 7840
7840 4705
4706 32774
32774 4706
4710 9497
4712 7314
4718 45425
4720 8101
4728 29232
4731 39738
39738 4731
4743 17864
4743 35960
17864 4743
17864 35960
4747 7925
37151 4760
4762 8316
4778 13800
4778 37138
4779 17333
4781 7314
4783 17779
4791 43963
4807 34673
34673 4807
4817 32163
4817 48888
4818 30837
4819 8283
4824 40828
4828 15587
4829 23953
4831 14484
4835 43396
4844 9533
4845 2569
4845 36170
4850 16660
4870 932
4874 13494
4874 20629
4874 33557
13494 4874
13494 33557
20629 4874
20629 33557
33557 4874
4879 16892
4879 21691
16892 4879
16892 21691
21691 4879
4880 42878
42878 4880
4888 8219
8219 4888
4893 16868
4894 43346
43346 4894
4898 7575
7575 4898
4902 14672
4904 3400
4907 43855
43855 4907
4912 7314
4917 3937
4919 10033
4919 10380
10033 4919
10033 10380
10033 46119
10380 10033
4932 23005
4941 26463
26463 33822
4942 12487
4944 23804
23804 4944
23804 29288
4954 34999
34999 4954
4958 8979
4959 30703
30703 4959
4960 42866
4960 43564
4960 48761
42866 4960
43564 4960
4961 31746
4965 45304
4968 10981
10981 4968
10981 16969
4972 43792
4977 29671
4977 43126
29671 4977
43126 4977
43126 29671
4980 278
4980 23097
4984 39264
4992 16548
16548 4992
4993 23858
5004 33461
5005 49872
49872 5005
5006 7038
5010 23526
5011 25419
5011 48316
25419 5011
25419 48316
48316 5011
48316 25419
5015 17667
5019 6111
5027 17547
5027 47927
5029 40975
5035 17798
5035 24233
5035 41909
17798 24233
17798 41909
24233 15280
24233 17583
5040 34431
34431 5108
5054 6047
5054 30596
6047 5054
6047 30596
30596 5054
30596 6047
5056 40112
40112 5056
5073 12336
5079 3805
5079 35458
5081 11096
5081 15235
11096 15235
5088 10333
5088 43217
43217 5088
43217 10333
5097 21682
5099 7906
5100 10889
10889 3684
5110 9129
9129 5110
5111 4333
5116 48984
48984 5116
5124 8994
5124 19480
8994 19480
19480 5124
19480 8994
5127 20100
20100 5127
5133 2874
5139 39364
5143 35495
35495 5143
5158 8316
5179 43946
5202 26945
26945 5202
26945 40481
5207 10558
5207 42341
10558 5207
10558 40653
42341 10558
5209 39144
5214 13173
5220 23876
5223 23308
23308 35555
5237 10814
10814 5237
5241 6557
5249 7117
5249 36292
7117 36292
5252 22280
5255 34780
5266 10573
5266 32709
10573 28676
5270 45036
45036 5270
5275 19352
5278 32163
5278 48888
5290 12604
5290 16940
5290 47677
5296 45425
5308 25841
5309 26661
26661 5309
5313 1155
5316 9553
9553 42024
5318 14778
5319 32382
5319 37134
32382 5319
32382 37134
37134 5319
37134 32382
5335 10021
5335 32163
5339 15630
15630 5339
5344 48029
5350 8148
5354 8317
5354 21876
21876 11780
5357 11263
5358 7314
5363 4635
5363 10456
5363 29459
10456 4635
10456 29459
5366 41909
5371 10333
5373 19043
5378 14951
5378 48561
14951 48561
48561 5378
48561 14951
5381 5715
5381 15747
5381 21682
5715 15747
5715 21682
15747 5715
15747 21682
5386 1285
5386 28663
5386 32734
5389 15994
5390 21225
5401 49864
5414 34527
5415 41094
41094 17198
5418 12317
5418 49419
12317 5418
12317 49419
49419 5418
49419 12317
5426 4027
5426 9533
5431 25311
5431 37177
25311 37177
37177 25311
5437 48646
5441 3497
5444 1068
5445 49845
5447 36240
36240 5447
5451 16362
16362 5451
16362 39626
5452 5676
5452 41909
5676 41909
5453 1532
5453 33125
33125 1532
5456 40302
5456 41909
40302 41909
5458 15587
5459 30775
5464 17017
17017 5464
5465 30002
5474 34011
34011 21292
34011 36759
5489 1633
5489 23331
5498 45425
5501 45425
5513 36292
5516 15235
5517 44766
44766 5517
5529 34539
34539 5529
5532 6100
5532 16681
5532 35879
16681 35879
35879 16681
5535 23329
5536 26996
5539 6236
5546 718
5546 36292
5548 33556
5550 47900
5552 24689
5556 18980
5556 20334
5556 46264
18980 20334
18980 46264
20334 18980
20334 46264
46264 18980
46264 20334
5561 44416
5564 49041
5570 13421
5570 32423
13421 5570
13421 32423
32423 5570
32423 13421
5581 41909
5590 36292
5591 5623
5596 28256
5607 16332
5612 43597
5626 48977
48977 5626
5628 14675
14675 5628
5629 32190
5629 33016
32190 33016
33016 32190
5631 46778
5634 45534
5645 18193
5645 32052
18193 32052
32052 18193
5647 19575
19575 5647
5649 8856
5653 1049
5660 10453
5660 27469
5661 14985
5661 39435
5663 14147
5663 47900
14147 47900
5666 3395
5666 6111
5669 30010
30010 5669
5678 21028
21028 5678
5680 49452
5683 49234
5705 4635
5705 29459
5709 35811
35811 34431
5718 24192
24192 5718
5722 48378
48378 5722
5740 30083
30083 5740
30083 32280
5741 17648
17648 5741
17648 42116
5744 1049
5744 36943
36943 1049
36943 5744
5745 36394
5753 23232
5762 8213
8213 5762
5764 12217
12217 13189
5769 41445
5773 32163
5773 33478
5773 46640
5773 48888
33478 5773
33478 28925
33478 32163
33478 48888
46640 32163
46640 48888
5775 42443
8670 5776
33578 19470
5787 31457
5787 37069
31457 5787
37069 5787
5788 16868
5788 48667
48667 16868
5790 38246
5797 12830
5806 30837
5807 25746
5807 36243
25746 36243
36243 48549
36243 49944
5813 18039
18039 5813
5814 8316
5823 14306
14306 5823
5825 28935
5828 9048
9048 5828
5829 2415
5830 26637
5833 29066
29066 5833
5837 45474
5838 40646
40646 32595
40646 35579
40646 42616
40646 43032
5850 10261
10261 40241
5851 26116
5856 47297
5857 22538
22538 41693
22538 45195
5858 42798
42798 25617
5863 36312
36312 5863
5864 42800
42800 5864
5867 21255
21255 11546
5875 41197
41197 5875
5884 35141
35141 5884
5887 35577
35577 5887
5889 11567
5889 35478
11567 5889
35478 5889
5891 13213
13213 5891
5894 32296
32296 5894
5896 4899
5898 28022
5899 12423
5899 39378
12423 5899
39378 5899
5903 13408
5908 23494
5910 32163
5910 48888
5912 41007
41007 5912
5915 35085
35085 5915
5919 3793
5922 13416
5922 14621
13416 5922
13416 14621
14621 5922
14621 13416
5924 38524
5926 15290
5926 32163
5926 38502
15290 5926
15290 32163
15290 38502
38502 5926
5927 43792
5934 14672
5938 47937
5939 17632
17632 5939
5959 37971
37971 5959
5968 36292
5973 7916
5975 48650
5979 20090
5982 4864
5982 43693
43693 4864
5986 520
6001 46919
46919 6001
6005 16545
6005 41909
6014 10609
6014 21924
6014 31507
6014 33035
6023 32976
32976 6023
6035 28073
6036 45126
45126 6036
6042 8545
8545 17253
6059 18408
6076 36292
6082 2825
6087 2591
6088 18412
18412 6088
6099 8316
6101 5918
6110 25930
25930 3476
25930 31642
6112 30964
6112 40774
30964 6112
30964 40774
40774 6112
40774 30964
40774 46997
6130 18126
6130 23261
6130 36010
18126 6130
18126 23261
18126 36010
23261 6130
23261 18126
23261 36010
36010 6130
36010 18126
36010 23261
6136 13285
6144 18348
18348 6144
6152 21295
6155 23578
23578 6155
6157 21538
6158 3170
6158 20514
6161 23355
23355 6161
6170 21682
6170 43110
6178 18392
18392 45908
6182 45425
6196 14967
6201 26349
6201 48049
6204 43503
43503 6204
6205 34405
6208 181
6212 38700
38700 6212
6213 30198
6213 37905
30198 6213
30198 37905
37905 6213
37905 30198
6214 21682
6216 47688
6217 38800
38800 6217
6218 44405
44405 4999
44405 10816
44405 11970
44405 20209
44405 20641
44405 21437
44405 34954
6219 28575
28575 6219
6224 26815
26815 6224
26815 41439
6230 407
6231 41247
41247 42277
6237 39589
6241 13502
6242 6115
6242 32837
6244 34338
34338 6244
6245 6127
6247 28381
6248 27380
6250 13083
6253 14622
14622 6253
6255 47472
47472 6255
6256 42276
42276 6256
6257 35662
6258 35414
17123 15691
17123 32163
6265 10254
6268 29158
29158 6268
6271 40421
6271 41909
40421 6271
40421 41909
6276 10677
6276 34526
6279 31765
6279 47376
6283 41909
6290 5005
6290 15116
15116 5005
6300 10112
6312 24210
24210 6312
6314 16332
6314 39805
6314 48976
39805 23633
39805 48976
6317 48623
6325 39709
6325 48633
39709 6325
39709 48633
48633 6325
48633 39709
6328 39280
39280 45725
6329 48504
6343 11639
6351 45527
6362 16868
6363 27618
6363 38849
6364 32163
6364 48888
6368 8249
6368 10720
8249 6368
10720 6368
10720 8249
6373 41909
6375 48141
48141 6375
6376 30847
6378 15168
6378 41909
6379 11373
6384 12503
6386 4702
6386 32769
6399 37390
6403 5930
6414 9810
6416 14554
14554 6416
6422 25393
25393 6422
25393 33002
6428 2161
6431 8316
6440 28785
28785 6440
6443 46966
6465 4864
6466 18500
6471 32163
6477 17547
6477 47927
6492 5461
6499 11860
11860 6499
6500 7314
6509 45470
45470 6509
6520 45425
6522 45663
6525 31718
6544 24066
6544 36197
24066 36197
6545 9662
6545 36197
6549 23311
6551 27600
6554 32163
6563 43934
6566 7314
6576 11568
6576 11793
11568 6576
11793 6576
6578 47900
6591 34658
34658 6591
6598 38321
6599 30837
6601 44376
6604 23990
6610 14672
6615 6956
6618 12033
6618 31344
6618 32762
6620 8316
6624 40679
40679 6624
40679 34897
6642 40773
6652 49624
6658 9205
6663 31395
31395 6663
31395 18941
6667 2719
6670 8983
6670 35254
6672 42341
6676 26566
26566 6676
6678 15991
6678 36197
15991 6678
15991 36197
6680 46316
6683 45276
45276 48842
6685 42469
6691 30956
30956 1615
6692 36122
36122 6692
36122 10946
6694 2912
6700 15719
6705 31981
31981 7314
6708 17398
6715 9246
9246 6715
6723 183
6734 943
6739 31981
6740 32163
6746 38532
6746 45425
6753 17677
6753 44847
44847 23218
6758 23390
6775 4481
6775 47265
47265 6775
6781 13702
13702 6781
6789 15883
6791 44092
6792 2142
6792 35253
35253 2142
6799 21961
21961 6799
6800 46955
6803 28602
28602 6803
6804 27167
6810 7240
6810 32924
7240 32924
6813 41909
6815 25541
25541 6815
6818 3388
6818 43018
6822 31258
6837 40094
40094 6837
6838 7314
6840 7476
6842 33123
6842 46451
33123 23912
33123 46451
46451 6842
46451 33123
6847 45425
6879 21833
21833 6879
6894 36292
6895 48881
6898 32163
6898 32727
6898 38381
6898 48888
32727 32163
32727 38381
32727 48888
38381 32163
38381 32727
38381 48888
6899 31143
31143 6899
6900 38139
6900 48498
38139 48498
48498 38139
6911 12435
6916 8994
6916 11784
6916 19480
11784 8994
11784 19480
6922 8881
6922 23666
8881 23666
8881 44428
23666 8881
6926 42048
42048 6926
42048 12294
6932 11373
6934 39688
39688 17763
6935 4312
6935 20244
6935 31160
20244 6935
20244 31160
31160 6935
31160 20244
6940 31824
6942 8922
6942 21682
6952 31878
6952 48299
6954 36024
6958 18795
6958 21319
21319 6958
21319 18795
6962 6885
6962 8019
8019 6885
6967 17054
6968 7314
6969 6109
6969 16572
6971 17776
6976 41909
6977 45425
6987 1673
6989 4547
6989 22761
22761 3174
6991 8196
8196 47468
6997 48002
6998 22128
7002 6550
7003 36940
7003 40479
7016 16993
7018 4131
7026 39822
39822 7026
7027 19785
19785 7027
7033 5603
7037 30847
7039 24514
7039 37826
24514 37826
7041 28483
7042 3423
7045 23010
7045 48901
23010 48901
48901 23010
7049 8743
7049 33008
8743 33008
33008 8743
33008 23201
7064 16604
7066 44820
7082 21066
7082 30766
21066 7082
21066 30766
30766 7082
30766 21066
7094 8101
7100 13079
7107 4863
7113 8726
8726 7113
7115 42341
7119 18097
7123 22128
7127 34953
34953 7127
7128 31413
7128 48099
31413 7128
7129 25930
7131 12238
12238 4032
7133 14694
7134 22213
7134 28924
7134 36508
22213 7134
22213 8594
22213 23862
22213 28924
22213 36508
28924 7134
28924 22213
28924 36508
36508 7134
36508 22213
7137 23767
23767 7137
7138 4898
7138 7575
7139 31541
31541 37057
7146 13502
7159 1826
7161 21267
7161 38378
21267 38378
21267 41012
38378 7161
38378 21267
7165 19374
19374 38194
7172 35340
7172 40924
7172 46719
35340 7172
35340 40924
35340 46719
40924 7172
40924 35340
40924 46719
46719 7172
46719 35340
46719 40924
7179 8316
7182 12469
12469 333
12469 30372
7183 26530
26530 7183
7199 42048
7207 21567
7207 45271
21567 7207
21567 45271
45271 7207
45271 21567
7213 10778
7213 14674
7215 18614
7215 39685
18614 7215
39685 7215
39685 18614
39685 46100
7216 42454
42454 7216
7221 2488
7221 45174
45174 2488
45174 7221
7225 39156
39156 3047
7226 10969
7229 7314
7229 34313
34313 7229
34313 7314
34313 31396
7230 9111
7234 13492
7234 37261
13492 7234
13492 37261
37261 7234
37261 13492
21394 36960
36960 20
36960 10471
36960 21394
36960 38504
36960 39197
7238 23763
23763 7238
7239 14241
7239 40474
14241 7239
14241 40474
14241 48013
40474 14241
7243 39493
7243 48976
39493 7243
39493 48976
7246 30995
30995 7246
7249 40263
7257 46338
46338 7257
7258 33950
7260 17412
7288 5766
7288 21039
7289 41909
7292 47470
47470 16881
7294 43792
7310 49867
49867 7310
7313 32163
7313 46465
7313 48888
46465 7313
46465 32163
46465 48888
7327 41909
7328 29846
7328 45385
29846 7328
45385 7328
48221 6559
48221 7334
48221 29860
7336 20621
20621 7336
20621 31637
7337 33221
33221 7337
7340 17131
7340 41314
17131 7340
41314 7340
41314 23537
7343 9533
7346 19875
7346 35258
19875 7346
19875 35258
35258 7346
35258 19875
7347 39819
7358 7314
7358 14034
7361 41299
7365 16901
7366 3919
7384 33114
7397 19045
7397 32655
7397 39152
19045 39152
32655 19045
32655 39152
39152 19045
7398 43792
7404 46305
7406 33762
7406 41909
33762 41909
7408 11666
7415 27927
7416 28855
7431 4627
7431 39806
39806 4627
39806 7431
7433 48845
48845 7433
48845 21994
48845 49092
7442 31746
7443 34112
7443 40366
7443 47700
34112 7443
34112 40366
34112 47700
40366 7443
40366 34112
40366 47700
47700 7443
47700 34112
47700 40366
7448 22763
22763 7448
7452 34746
34746 7452
7456 8979
7457 742
7458 29110
29110 7458
29110 43020
7466 7314
7473 8460
8460 7473
7478 33675
33675 12677
7484 43845
43845 7484
7488 40207
40207 7488
7492 5415
7492 18556
18556 49611
7502 49552
7507 4635
7507 29459
7511 15956
15956 7511
7522 14694
7530 16660
7530 21341
21341 7530
21341 20071
7536 47993
7544 26847
7546 25808
7547 31831
7547 38693
7547 43694
7553 36598
36598 7553
7556 25109
7556 35373
7556 39725
7556 44701
25109 7556
25109 35373
25109 39725
25109 44701
35373 7556
35373 25109
35373 39725
35373 44701
39725 7556
39725 25109
39725 35373
39725 44701
44701 7556
44701 25109
44701 35373
44701 39725
7558 15578
7561 27486
27486 14345
7567 25720
25720 7567
7568 1448
7568 44423
7571 32163
7573 37603
37603 7573
7577 3505
7584 32163
7584 48888
7592 41909
7599 13324
7599 14386
7599 32163
13324 7599
13324 14386
13324 32163
14386 7599
14386 13324
14386 32163
7604 46330
7610 29499
29499 7610
7621 21864
7621 46075
7632 2677
7632 3247
7632 8489
7632 31271
7636 8089
7638 43501
43501 7638
7655 7916
7655 10711
7655 46314
7655 48651
10711 7655
10711 7916
10711 48651
48651 7916
48651 46314
7656 44506
44506 7656
7663 22224
22224 7663
7664 16205
7664 16550
16205 7664
16205 16550
16550 7664
16550 16205
7674 47565
7677 3170
7677 20514
7682 17397
7686 17541
17541 7686
7696 23199
7701 32356
32356 7701
7704 13502
7711 24234
24234 7711
7712 8813
7722 32989
7723 28141
7734 32229
32229 7734
7743 15149
15149 7743
7746 1532
7748 25885
25885 7748
7755 26880
26880 2105
7767 20101
7768 24655
24655 7768
7770 18756
18756 7770
18756 43886
7771 30733
30733 7771
7780 14820
7781 36336
7781 40705
7781 41263
36336 28560
7784 40659
40659 7784
7787 19364
7801 29679
7803 20050
7806 20403
7807 36536
36536 7807
36536 35861
7808 18433
7810 20225
20225 7810
7811 4864
7816 38831
38831 7816
7820 20935
7820 29791
29791 20935
7821 12907
7824 34748
7824 42387
34748 10778
42387 7824
7827 5314
7835 14113
7844 10524
10524 7396
7858 14672
7862 3400
7873 19870
19870 7873
7878 35662
7880 23629
7880 25604
7880 41304
23629 25604
23629 41304
25604 23629
25604 41304
41304 23629
41304 25604
7882 21039
7882 40054
40054 5766
40054 7882
40054 21039
7886 9859
7886 46622
46622 7886
46622 9859
7895 5003
7898 8316
7900 12958
7910 109
7911 1049
11780 42370
7928 38005
38005 7928
7937 32163
7937 48888
7941 43466
7970 2607
7970 23372
23372 2607
23372 7970
7991 40071
40071 7991
7999 23412
23412 7999
8000 49198
49198 8000
8005 3259
8014 34437
8022 6349
8026 10153
8030 47468
8040 9542
8043 48559
48559 8043
8044 41909
8047 16724
16724 8047
8065 16630
8066 21651
8066 37441
21651 8066
21651 37441
37441 8066
37441 21651
8098 24976
8100 17292
17292 8100
8102 7684
8104 26450
26450 8104
8112 36606
36606 8112
8128 29193
29193 8128
8129 29248
8129 30941
30941 206
30941 3035
30941 9310
30941 24303
30941 27694
30941 32167
30941 34185
30941 45699
30941 47987
30941 48302
8131 42387
8134 12540
8137 31667
8142 8476
8145 8402
8153 32163
8153 48888
8154 32163
8156 46407
8166 37433
37433 8166
8170 32190
8170 33016
8176 31162
8177 36292
8178 41909
8179 42797
8182 41609
8183 11292
8205 20719
20719 8205
8212 28604
8212 39321
39321 28604
8214 36464
8215 44889
44889 8215
44889 14016
8226 32597
8226 35952
8226 36919
32597 35952
32597 36919
35952 32597
35952 36919
36919 32597
36919 35952
8228 23762
8231 44688
44688 24220
8235 40381
40381 8235
8239 49060
8260 41070
41070 8260
8284 2920
8284 13562
8284 14578
13562 2920
13562 8284
13562 14578
8286 21682
8287 7314
8297 30836
8299 21125
8299 40170
8299 42758
21125 42758
40170 8299
40170 21125
40170 42758
42758 8299
42758 21125
42758 40170
8304 7314
8304 18323
18323 7314
18323 11852
8318 45278
8322 28665
28665 8322
8324 12309
8324 44972
12309 8324
12309 44972
8328 21241
8330 21682
8342 31305
8342 39473
31305 39473
39473 5995
39473 8342
39473 13303
39473 27842
39473 31305
8344 3679
8345 31097
8345 43017
31097 8345
31097 43017
43017 8345
43017 22340
8350 19282
19282 8350
8354 12096
12096 8354
8355 15229
8359 33556
8359 39964
39964 11780
8362 10621
8369 36723
8373 32163
8373 47823
8373 48888
8378 7402
8378 9233
9233 8378
9233 41537
8392 16868
8392 48667
8399 7314
8408 49583
8412 46579
8435 27581
27581 13685
8436 16437
8437 10576
8441 47355
8442 2778
8442 8744
8449 19365
19365 8449
8452 32163
8452 47823
8452 48888
8455 26829
8457 31968
8457 40813
40813 31968
8466 9608
9608 8466
8471 22361
8475 5042
8479 47657
47657 8479
8484 49987
8496 45425
8498 7314
8498 25775
25775 7314
8511 43311
8517 14456
8517 43600
8523 30841
30841 8523
8524 46427
46427 8524
8528 25083
8531 17222
8531 25417
8532 48005
17253 8545
8550 12217
8550 23221
8553 15259
8558 34945
8559 47493
8564 41909
8566 34675
34675 8566
8575 34207
8583 23642
23642 31746
8593 38059
38059 11771
8605 27551
27551 8605
8619 14750
8635 46531
8637 1279
8638 113
8638 28363
8638 39364
28363 39364
8643 30199
8643 34085
30199 8643
30199 37259
34085 8643
8644 16180
8651 49210
49210 8651
8658 9533
8665 3397
8665 37166
8667 22244
8667 32096
22244 8667
22244 32096
32096 8667
32096 22244
32096 43319
8673 23460
8680 32163
8704 32163
8704 48888
8712 43411
43411 8712
8714 18685
18685 8714
8718 31955
31955 8718
8719 20101
8722 41073
8722 47252
41073 47252
8728 13996
8728 32163
8728 33185
8728 39682
13996 32163
13996 33185
13996 39682
33185 13996
33185 32163
33185 39682
39682 13996
39682 32163
39682 33185
8736 30956
8748 12765
8748 31867
8748 34012
12765 8236
12765 8748
12765 31867
12765 34012
34012 8748
34012 12765
34012 31867
8751 15692
8751 27122
8751 49835
15692 8751
27122 8751
49835 8751
8753 3206
8756 17412
8761 47900
8764 11207
11207 30001
8765 27380
8770 39054
8773 23894
8773 40779
23894 8773
23894 40779
40779 8773
40779 23894
8774 21837
8781 12905
8789 29611
8790 35485
8791 18752
8793 39109
8794 41909
8795 25812
8803 35386
8815 16332
8818 9482
8820 9390
8820 25671
9390 8820
9390 25671
25671 8820
25671 9390
8821 21682
8834 14571
8842 2249
8843 10008
10008 26265
8845 38025
8850 284
8850 9088
8852 9956
8855 37130
8855 45407
8857 25490
8864 11349
8864 16339
8864 46120
11349 8864
11349 16339
11349 46120
16339 8864
16339 11349
16339 46120
46120 8864
46120 11349
46120 16339
8865 40474
8866 29849
29849 17332
8871 11639
8876 49845
22668 8879
44428 8881
44428 23666
8893 16833
8893 20027
16833 20027
20027 16833
8894 43859
43859 8894
8896 26927
8896 48757
26927 48757
8904 49443
8905 9151
8905 35878
8905 43104
9151 8905
43104 6208
8908 31808
8914 39980
8921 32163
8921 48888
8926 41963
8935 32229
8943 30393
8945 40773
8960 49987
8964 44660
8969 71
8969 612
8969 1500
8969 17858
8969 31286
8969 46204
46204 71
8975 36433
8988 27365
8992 47900
8993 41909
8993 42273
42273 41909
9000 14672
9012 13171
9013 42714
9014 27648
9015 8979
9020 6443
9023 11806
9028 41833
41833 25998
9032 4230
9035 33823
33823 16169
9038 17238
17238 25618
17238 27266
17238 42797
9039 43792
9045 31180
9050 16458
9052 31823
9054 9394
9054 31393
9394 9054
9062 18392
9065 25373
9078 44176
9082 36603
9082 45817
45817 9082
9087 29545
9093 45814
45814 9093
9099 37916
9110 1739
9110 6236
9115 9339
9120 16868
9131 33236
33236 9131
9132 5889
9142 16868
9147 10740
9161 31746
9166 27496
9169 26628
9169 42458
26628 9169
26628 42458
9170 45425
9172 21682
9196 41909
42114 9198
9200 45498
45498 9200
9202 13807
13807 9202
9204 42897
9204 43365
42897 9204
42897 43365
43365 9204
43365 42897
9208 15904
9208 28215
9219 1536
9220 22397
9224 38345
38345 9224
9225 7699
9227 5889
9235 6236
9235 10035
10035 6236
9238 13948
13948 9238
9240 5314
9243 16910
9250 44452
9253 15263
9253 32163
9253 48888
9254 46097
9264 3570
9264 10361
9264 12081
9266 43456
43456 9266
9268 48896
9276 33194
9278 2028
9278 17849
9278 21682
17849 2028
17849 21682
9279 7699
9284 40996
40996 14155
9295 30739
9299 2601
9299 28039
9302 21241
9308 23966
9317 22205
22205 9317
22205 32281
9320 28778
9324 30213
9326 514
9326 22233
9326 28788
9331 6236
9333 5415
9333 16691
9334 8979
9338 37602
37602 27584
9343 21394
9343 36960
9346 3170
9346 20514
9347 7314
9348 46329
9349 18433
9351 40400
9352 293
9360 41909
9362 30836
9363 38992
38992 9363
9375 32122
9376 39995
9379 11394
11394 9379
9380 16749
9397 47588
47588 36292
9410 5314
9413 23526
9419 9810
9421 44003
9426 7217
9431 9428
9444 16545
9444 41909
9456 4547
9458 31393
9460 2483
9460 43357
9463 47076
9463 48865
48865 14006
9466 39674
9469 24111
24111 9469
9476 17536
9476 30993
9477 47237
9487 26048
9488 7314
9488 19982
19982 7314
9501 13177
13177 49951
9509 9533
9512 6848
9515 13084
9515 16332
13084 9515
13084 16332
9518 7295
9520 22050
9529 1451
9534 39279
9535 183
9545 36292
9545 44161
9549 5981
9549 16237
16237 17911
16237 35171
42024 30309
9556 48359
9561 5119
9561 27733
9561 46545
9562 36292
9563 33904
33904 9563
33904 38036
33904 47040
9568 11079
9571 20391
9574 47363
47363 1732
47363 13193
47363 22554
47363 37160
47363 44164
9576 24688
9577 20754
20754 9577
9579 13825
9583 29434
9585 47133
9589 19979
9589 28470
28470 9589
28470 19979
9590 3170
9590 20514
9592 4773
9594 5270
9594 19908
19908 5270
19908 9594
9596 40896
40896 24422
9597 41909
9599 18231
18231 9599
9600 26942
9600 43333
26942 9600
9624 17590
9628 41909
9630 1787
9630 11052
9632 34389
9640 49987
9646 4635
9649 39541
9649 49371
39541 9649
39541 49371
49371 9649
49371 39541
9673 13396
9673 16215
13396 6236
13396 9673
9676 1296
9676 25802
45826 9678
9689 10577
9690 40474
9695 9533
9700 46330
9707 40024
9708 30847
9709 10912
9709 24465
10912 24465
24465 9709
24465 10912
9714 27281
27281 9714
9715 38629
9716 19169
19169 9716
9725 43792
9738 2314
9740 36640
9746 38400
9749 7309
9754 39561
9769 36292
9784 35582
35582 9784
9788 45711
9789 7314
9789 29439
29439 7314
29439 9789
9790 34431
9791 39151
39151 9791
39151 31637
9797 13298
9799 11092
11092 19267
9816 34763
9821 28367
9821 42436
28367 42436
42436 28367
9828 24003
24003 9828
9833 31746
9835 35918
9835 41909
35918 9835
35918 41909
9839 35269
9846 41909
9847 20718
9847 30837
9847 48096
20718 30837
48096 48846
9848 29778
9852 44231
9872 36447
9886 5121
9886 49006
49006 5121
9888 40648
9889 27472
9889 49087
27472 9889
27472 49087
49087 9889
9897 7314
9897 42376
9900 27242
27242 9900
27242 20395
9908 10021
9908 32163
9910 38476
9920 35369
35369 21356
9927 36505
36505 5079
9929 12677
9929 33675
12677 33675
9930 1536
9931 5981
9934 30118
9934 45744
45744 9934
45744 30118
9937 9566
9944 41909
9945 23776
9945 47697
23776 47697
9955 19572
9955 41299
9964 41744
9973 5201
9974 41724
41724 9974
9978 18101
9978 30432
18101 30432
30432 18101
9981 29434
9981 45491
9987 36292
9988 7074
9991 21682
9997 26069
26069 9997
10003 6896
10003 16562
10004 28834
10005 36502
10006 4741
10017 7314
10019 9305
10020 624
46119 10033
10040 15554
15554 23770
10041 16682
10041 28129
10041 49105
16682 28129
16682 49105
28129 16682
28129 49105
49105 16682
49105 28129
49105 46851
10043 24689
10052 22987
10053 933
10053 23326
10053 29207
10053 35976
10053 40566
35976 47688
10057 10598
10059 12681
10062 44325
10065 41909
10067 35070
10067 42244
35070 42244
42244 47708
10071 41909
10080 41729
10086 29678
29678 4738
10088 718
10088 36292
10096 10577
10096 40823
40823 10096
40823 10577
10100 44548
44548 10100
10107 14318
10117 38568
38568 10117
10123 4626
10128 3483
10129 41811
10139 1615
10139 30956
10145 20190
20190 10145
10156 18425
10156 20303
10156 22007
18425 20303
18425 22007
20303 18425
20303 22007
10158 49119
49119 10158
49119 47932
10160 17670
10161 1633
10161 23331
10166 35573
10166 42487
42487 10166
42487 35573
10169 49899
49899 10169
10173 3611
10177 37719
10177 45547
37719 45547
45547 37719
10180 41909
10209 3054
10220 29344
10222 28761
28761 10222
10231 47264
10233 14674
10234 36292
10235 5766
10239 5314
10245 2
10245 30957
10247 12958
10249 31878
10252 10777
10260 1946
10260 24422
40241 10261
10262 12958
10262 15684
10262 16554
10262 36395
10262 38453
16554 18766
10266 1406
10277 8748
10277 12765
10277 31867
10277 34012
10280 43792
10286 27418
27418 10286
10289 23243
23243 10289
10295 32967
10296 49995
10297 10475
10297 35570
10475 11100
10475 16025
10475 35570
10475 46248
10475 48049
35570 10475
10303 48164
10324 13469
13469 10324
10326 21976
10331 21238
10331 42010
21238 10331
21238 42010
42010 10331
42010 21238
10336 32163
10342 24667
10342 27244
24667 10342
24667 27244
27244 10342
27244 24667
10351 27355
10356 31180
10356 36613
10359 47485
10365 34177
34177 10365
34177 46097
10368 16094
10368 44694
16094 44694
16094 48216
10371 22310
10373 30434
10375 9810
10375 11243
10377 718
10377 36292
10381 33558
10382 17412
10384 21388
21388 10384
10387 22711
10388 22048
22048 10388
10410 2562
10410 16127
10418 6598
10431 2763
10436 36292
10439 942
10441 24563
10441 32163
24563 10902
24563 32163
10442 27837
10442 49845
27837 10442
27837 28595
27837 32400
27837 49845
10447 16545
10447 41909
10448 12202
10448 47157
12202 47157
47157 12202
47157 33888
10451 25914
25914 10451
10454 27600
10466 9691
10468 34142
10471 21613
16025 10475
16025 35570
10476 20612
20612 41934
10477 12958
10477 30847
10481 3497
10484 45507
10485 23129
10490 22466
10490 42825
22466 11478
22466 42825
42825 11478
42825 22466
10491 39364
10493 21682
10500 10276
10504 8994
10504 19480
10512 34002
10520 5005
10522 46531
10526 20655
10526 34906
10527 46590
10534 30836
10542 22011
10543 17381
10543 32163
10544 4664
10544 23526
10546 40433
10550 296
10552 5280
10552 22384
40653 10558
40653 42341
10559 7004
10560 46932
10562 34649
34649 10562
10567 12209
10568 28673
28673 14383
10569 25413
25413 10569
10570 11328
11328 10570
28676 10573
10574 10055
45073 10577
45073 18640
45073 34118
10578 19896
10578 45193
19896 34465
19896 48773
10584 19363
19363 10584
10601 21113
10601 40531
21113 10601
10618 28273
10618 40075
28273 10618
28273 40075
40075 10618
40075 28273
10630 41909
10632 47937
10635 13211
10637 37777
10641 11443
10646 6776
10654 22624
22624 10654
10656 13502
10664 29233
10672 31946
10673 5415
10675 27913
10676 14123
10676 20718
10676 24788
10676 26455
10676 30837
10676 42780
14123 30837
42780 30837
10678 3038
10678 20922
10682 21345
10684 28111
28111 10684
10685 39805
10685 48976
10690 4990
10690 31518
10690 35071
10693 21037
10699 43280
43280 10699
10700 28124
10700 39482
39482 10700
39482 28124
10704 8979
10717 48675
48675 10717
10728 17245
17245 10728
10734 23562
23562 10734
10741 7609
10750 41770
41770 10750
10753 7314
10775 29085
10776 19352
32721 10777
45702 11357
45702 15007
45702 20390
10781 14783
10781 33998
14783 10781
14783 33998
33998 10781
33998 14783
10786 11218
11218 10786
10791 42341
10796 38607
10797 4630
10797 27598
27598 39043
10798 39387
39387 4138
39387 33016
10807 40374
40374 10807
10809 13892
10811 44166
10812 37508
10818 16910
10826 17012
17012 10826
10833 23721
42689 25897
10844 1532
10882 16332
10882 21262
21262 16332
21262 48014
10894 23629
10894 25604
10894 41304
10897 42021
10901 32163
10902 24563
10902 32163
10906 38939
10907 21673
10907 27006
10910 8316
10923 27993
10924 30309
10924 38464
38464 10924
10925 13509
13509 10925
10928 40248
10933 43951
10938 21042
10942 44972
10946 6692
10946 36122
10950 25548
10964 49583
10967 40775
10971 45425
16969 4968
16969 10981
10988 12992
10991 16183
16183 10991
10996 18193
10996 32052
11003 1375
11003 15314
11005 16868
11005 24202
24202 16868
11008 39503
11010 18531
18531 7010
18531 35664
11018 39726
11018 47329
11018 49181
11022 31723
11024 18223
11026 27736
27736 11026
11027 13182
13182 47509
11034 3516
11037 3054
11038 42603
42603 11038
11044 37136
11044 44323
44323 37136
11048 3339
11048 14396
11053 14428
11054 12721
11058 41909
11063 13202
13202 11063
11064 15002
11070 15758
15758 11070
11076 6781
11076 13702
11077 38817
11082 36292
11093 8226
11093 32597
11093 35952
11093 36621
11093 36919
36621 8226
36621 32597
36621 35952
36621 36919
11095 11753
11095 12634
11095 44668
11753 44668
12634 11095
12634 11753
12634 44668
44668 11095
44668 11753
11099 35557
11114 24215
11114 25099
11114 30439
11117 43231
43231 11117
11134 49429
11135 16332
11146 40282
11151 47391
11153 12744
12744 11153
12744 32409
12744 37928
11154 27959
11154 38519
27959 11154
38519 11154
11158 45699
11159 11275
11275 11159
11171 34696
34696 18093
11172 38400
11185 7314
11187 33194
11198 4898
11198 7575
30001 8764
30001 11207
11208 7314
11217 43003
43003 11217
11224 17754
11227 41924
11227 46741
41924 11227
41924 46741
46741 11227
46741 41924
11229 9533
11232 17709
11232 33551
11233 39279
11240 46854
11244 24702
11244 41207
24702 35132
41207 11244
11245 16868
11245 24583
11245 44076
24583 11245
24583 16868
24583 44076
11246 27692
11246 36115
27692 11246
27692 36115
36115 11246
36115 27692
11249 23088
11249 45619
11249 49216
11256 10160
11258 13733
11261 32163
11262 14598
11264 8316
11266 11157
11266 32163
11266 48888
11274 26350
26350 24463
26350 28255
11277 15187
15187 6179
11290 43181
43181 11290
11300 27822
11301 18331
11303 31727
31727 11303
11304 451
11310 41514
41514 11310
11315 35416
11322 31305
11322 39473
11325 38928
38928 11325
11326 24191
11326 38932
11335 13792
13792 11335
11337 36292
11341 48237
48237 11341
38716 0
38716 3501
38716 11342
11344 13708
11344 34117
13708 34117
34117 13708
11345 4998
11351 48106
11354 12118
12118 11354
11358 41014
11358 45939
41014 45939
45939 41014
11374 30837
11374 31180
11398 13528
13528 11398
11403 30707
11405 7314
11433 6466
11433 18500
11434 8316
11434 25331
11444 4760
11446 27486
11449 42493
11457 2967
11464 4039
11465 2845
11470 7352
11470 13596
11476 47297
11478 22466
11478 42825
11481 47262
11482 24204
24204 36521
11525 26979
26979 11525
34824 9533
34824 11535
34824 36294
36294 9533
36294 11535
36294 20720
36294 34824
11536 23406
11537 7916
11541 46092
11543 19914
11547 2705
11548 28593
11548 37811
28593 12064
37811 28593
11555 15693
11578 17355
11583 9678
11600 384
11600 14914
14914 384
14914 11600
11607 28588
11608 35624
35624 11608
11623 31746
11630 13505
11633 49559
11640 28662
28662 17751
11653 27580
27580 27357
11655 18296
11658 11798
11658 12321
12321 11658
11659 14360
11659 39475
14360 11659
14360 39475
39475 11659
39475 14360
11662 280
11663 13189
11664 23322
11664 43942
23322 11664
23322 43942
43942 11664
43942 23322
11673 47354
11677 42819
42819 11677
11678 1826
11680 3497
11683 1532
11687 24484
24484 11687
11693 41909
11696 5763
11696 13804
11696 40047
11709 20935
11709 29791
11716 8316
11720 7314
11723 7314
11723 21082
21082 7314
21082 11723
11725 26142
11728 19374
11728 38194
38194 19374
11731 29938
11731 46701
11737 17412
11738 41433
11752 16306
11758 13795
11763 20612
11764 45287
45287 11764
45287 20297
11771 38059
11777 18417
11777 39364
18417 113
18417 11777
18417 28363
18417 39364
11778 32600
32600 48864
42370 11780
42370 21876
42370 22663
42370 31758
11781 15803
15803 11781
11787 33904
11789 31968
11796 47989
47989 35651
11802 30564
11802 30846
30846 30564
11810 3054
11812 7235
11814 25014
11814 36020
25014 11814
25014 36020
36020 11814
36020 25014
11817 22053
22053 11817
11826 19709
11827 25550
25550 11827
11845 10111
11852 7314
11852 18323
11858 41909
11859 10577
11869 17547
11869 47927
11875 39047
39047 11875
11876 8316
11895 3167
11895 22993
22993 3167
22993 11895
11897 15910
15910 36429
11898 32642
11901 13613
13613 11901
11910 41076
11912 46442
11912 47173
46442 47173
47173 46442
11913 31393
11913 46041
46041 11913
46041 31393
11914 16362
11926 22884
11927 0
11927 11342
11939 19514
11939 32562
19514 32562
32562 19514
11943 30948
30948 22427
11953 45425
11954 8873
11961 39780
39780 11961
11963 40658
40658 11963
11978 29545
11979 5089
11979 17526
17526 5089
17526 11979
11983 47355
11991 43123
43123 11991
11993 10777
11993 39164
11994 4763
11997 24908
12002 14373
14373 12002
12004 9533
12008 24887
12010 37514
12013 32163
12013 48888
12013 49769
49769 17592
12024 8197
12027 32163
12027 48888
12039 7706
12041 943
12051 12492
12051 25145
12492 12051
12492 25145
25145 12051
25145 12492
12054 17858
12054 25316
25316 17858
12055 39588
12064 28593
12074 15376
12078 5208
12078 48096
12079 13809
12079 22128
12079 25410
12079 32921
12079 35459
32921 13809
32921 22128
32921 25410
32921 35459
35459 49108
12080 8197
12080 33881
12084 39802
12088 675
12090 1729
12090 22416
12090 24189
32520 3615
32520 12091
12092 19875
12093 28759
12094 16868
12094 48667
12095 34623
34623 12095
12097 37799
37799 12097
37799 14910
37799 26364
37799 41565
12107 28131
28131 12107
12108 38359
38359 12108
12113 15680
15680 12113
12120 6123
12122 21140
12131 32163
12137 13588
12137 27921
13588 27921
27921 13588
12142 1406
12146 13786
13786 12146
13786 34184
12151 46883
46883 12151
12152 17415
12152 34113
34113 17415
12161 3388
12161 43018
12173 6628
12173 18059
18059 12173
12175 32862
32862 37039
12184 44758
12187 48707
12205 27830
12205 42117
27830 12205
27830 42117
12208 47443
47443 12208
12213 31915
12214 35858
35858 12214
12218 31746
15470 16575
16575 15470
12228 42551
12245 38547
12248 2648
12251 1532
12254 49561
49561 12254
12265 42388
12278 5280
12278 22384
12288 16414
12288 16868
16414 16868
12294 6926
12294 42048
12299 32314
12302 27234
27234 12302
27234 42116
23959 12304
12308 29431
29431 12308
29431 32605
12312 31192
12312 38867
12312 41554
31192 12312
31192 38867
31192 41554
38867 12312
38867 18406
38867 31192
38867 41554
41554 12312
41554 31192
12314 22806
22806 12314
22806 14751
22806 31807
12318 10445
12323 22011
12323 24558
12323 48104
24558 22011
12326 19605
12327 39364
12328 49736
49736 12328
12329 32163
12330 48106
12335 28256
12343 10925
12343 13509
12345 11639
12357 46491
46491 12357
12369 45490
12381 12108
12381 38359
12391 12838
12391 39352
12838 39352
39352 12838
12401 7314
12403 12481
12481 36555
12410 13172
12410 15726
13172 12410
13172 15726
12416 30742
12416 37688
30742 12416
12419 20827
12419 31069
20827 12419
20827 31069
31069 12419
31069 20827
12421 10895
12427 71
12430 32856
32856 12430
12441 1536
12446 29109
12451 14137
14137 12451
12452 33673
12455 41909
12457 10037
12457 49881
49881 10037
12458 15883
12471 27742
12471 43107
27742 12471
27742 43107
43107 11458
43107 27742
12472 38192
38192 12472
12477 22672
12482 20638
12485 47937
12486 6055
12486 36063
12491 43792
12496 18064
12511 34558
34558 19470
12526 24985
12526 40206
12526 42935
42935 12526
12530 11350
12530 22128
12533 27246
27246 12533
12534 44612
12535 29207
12537 30881
30881 12537
30881 48293
12542 40265
12548 32163
12552 6111
12554 4901
12558 31992
12558 48233
12559 36292
12562 28510
12563 9209
12564 34253
12573 13102
12583 38541
12592 24266
12592 46801
24266 12592
24266 46801
46801 12592
46801 24266
12606 46005
12607 35459
12609 7314
12617 46067
12620 38978
38978 27778
12631 14393
12641 5314
12645 39799
12648 14696
14696 12648
12650 3958
12650 15263
12650 32163
12650 48888
12658 48964
48964 12658
12659 47330
47330 12659
12663 14672
12673 13502
12683 2543
12685 32163
12685 48888
12687 36197
12687 49013
49013 12687
49013 36197
12690 2027
12693 9104
12698 17717
17717 12698
12701 40806
12706 8273
12706 14756
12710 943
12718 21722
12718 31032
31032 12718
31032 21722
12719 31714
31714 12719
12725 16332
12727 18929
18929 12727
18929 24782
18929 30223
18929 31507
12731 42174
12737 1532
12739 42443
32409 12744
37928 12744
12748 33734
12749 42341
12751 23086
12754 18194
18194 12754
12755 6314
12755 48976
12758 47989
12760 30103
30103 12760
12777 3698
12778 48972
12787 18324
18324 12787
12792 36292
12794 24015
24015 12794
12797 25875
25875 12797
12821 18310
12821 41909
18310 12821
18310 41909
12824 43456
12828 29638
12829 34815
34815 12829
12832 25271
25271 12832
12837 40348
40348 12837
12844 31658
12847 37897
37897 12847
12855 20189
12859 280
12871 47602
12884 1189
12884 41909
12885 29325
12885 46556
46556 12885
46556 29325
12887 15048
12887 27748
15048 12887
27748 12887
27748 15048
12888 48517
12897 40856
12897 43156
40856 12897
40856 43156
43156 40856
12906 5713
12906 43077
43077 12906
12908 10734
12912 37084
37084 16347
12920 25460
25460 12920
12922 407
12925 43637
12927 43792
12929 955
12930 41909
12931 23139
23139 42218
12932 8101
12936 44270
12945 6771
12949 4003
12951 33440
33440 12951
33440 20079
12965 44902
44902 12965
12968 27010
12969 23526
12975 4898
12975 7575
12978 27006
12981 44150
44150 14456
12983 4898
12983 7575
12988 48006
12997 8685
12999 34849
13004 5314
13012 5314
13014 6885
13016 21359
21359 10621
13018 9533
13018 28741
13018 34503
28741 9533
28741 13018
28741 34503
34503 9533
34503 13018
34503 28741
13026 21431
13028 27552
13028 39346
27552 39346
39346 27552
13043 13564
13054 10331
13054 21238
13054 42010
13058 7314
13060 16197
16197 13060
16197 27585
16197 34301
13065 21586
21586 13065
13072 31605
31605 20505
13074 29868
29868 13074
13077 4547
13085 296
13087 19485
13090 4028
13094 24574
24574 13094
13106 32163
13109 37700
13127 28778
13146 17260
17260 13146
13149 20217
20217 13149
13152 16442
13155 39364
13169 24939
13170 17982
49951 13177
13178 21248
13184 44780
13186 49295
13187 34405
13201 25906
13203 35346
13210 41126
13215 21072
13216 21266
13216 44688
21266 42467
21266 44908
13217 21806
21806 47355
13219 5107
13223 32163
13234 37818
13234 44936
37818 13234
44936 13234
13236 46742
46742 13236
13244 6236
13266 29636
29636 13266
13272 39519
39519 12723
13275 32163
13275 48888
13284 17547
13284 47927
13297 8129
13297 46420
46420 13297
13301 35251
35251 13301
13303 31094
13303 31305
13303 39473
31094 31305
31094 39473
13304 20494
13310 16868
13317 22961
13322 41909
13328 32163
13332 47470
13334 541
13336 46330
13337 32403
13340 14672
13343 41033
13353 27631
13357 1826
13359 41909
13365 38667
38667 13365
13376 25907
25907 7541
25907 21021
13383 49508
49508 13383
49508 20607
49508 30205
13386 1826
13406 29260
29260 13406
13407 24114
24114 13407
13412 16714
13412 45958
45958 13412
45958 16714
13420 22045
13420 27289
13420 38507
13420 41092
13420 47158
22045 13420
22045 27289
22045 38507
27289 13420
27289 22045
27289 38507
38507 13420
38507 22045
38507 27289
47158 3693
47158 35056
13426 17699
17699 13426
13437 18895
13440 40709
13444 49583
13448 27927
13467 22848
22848 13467
13470 14318
13479 32163
13495 25468
25468 13495
13499 33206
13504 4027
13504 14267
13504 15468
14267 4027
13506 45699
13508 2942
13525 32163
13525 48888
30359 13527
13529 43268
43268 34129
13532 25335
25335 13532
13535 859
13535 22790
13537 26941
13537 46440
26941 13537
26941 46440
46440 13537
46440 26941
13547 8527
13554 13622
13554 31180
13554 40200
13622 13554
13622 31180
13622 40200
40200 13554
40200 13622
40200 31180
13583 10777
13583 43944
13586 31304
13592 11759
13592 43841
13593 17517
13593 39916
13593 43911
13593 46123
17517 13593
17517 24659
17517 30309
17517 33112
17517 36291
17517 39916
17517 43911
17517 46123
39916 13478
39916 13593
39916 17517
39916 30309
39916 43911
39916 46123
43911 13593
43911 17517
43911 17973
43911 39916
43911 46123
46123 732
46123 13593
46123 17517
46123 19036
46123 25490
46123 39916
46123 43911
13594 17533
13598 14136
14136 31746
13602 15388
13606 8748
13606 12765
13606 31867
13606 34012
13611 48646
13614 39858
13615 29994
13619 29798
29798 13619
13620 31893
31893 13620
13628 47274
13636 7994
13637 23089
23089 38612
13641 31180
13655 2091
13663 1889
13663 13116
13666 2040
13666 19990
13666 46722
19990 5920
19990 30021
13685 27581
13690 35960
13691 2028
13691 21682
13699 47355
13706 38480
37404 13714
37404 39176
39176 13714
39176 37404
13726 32163
13726 47823
13726 48888
13727 7916
13727 27054
27054 7916
27054 13727
13734 9196
13734 36927
13734 41363
13734 41909
36927 13734
36927 41909
36927 44209
41363 41909
13735 20976
20976 13735
13737 35071
13743 33270
13744 21305
21305 13744
13757 19043
13761 49945
13770 41817
13774 25379
13775 955
13777 30707
13781 37774
37774 13781
13787 834
13788 20497
20497 13788
13805 15179
13811 18521
13811 28017
18521 28017
28017 18521
28017 31524
13819 39561
13820 43239
43239 25009
43239 46391
13822 27021
13822 33919
27021 13822
27021 33919
33919 13822
33919 27021
13836 45557
45557 10705
13839 8216
13841 32203
32203 13841
13845 3435
13846 48733
13853 30602
30602 13853
13856 23422
23422 13856
23422 34055
13861 25573
13863 3229
13863 38417
13864 5657
13865 31968
13870 35107
35107 13870
13871 17806
13884 17518
13890 13285
13904 36720
36720 13904
13905 39616
39616 13905
13906 43600
13909 47508
13912 30646
30646 13912
13918 40996
13931 18688
18688 13931
13939 4190
13941 8044
13941 41909
13944 7314
13945 41909
13949 34160
34160 13949
13954 32163
13957 6444
13969 46138
46138 21682
13974 27190
13974 31765
13974 47376
27190 31765
27190 47376
13979 23279
13988 44959
44959 13988
13990 4547
13991 47297
13992 36292
13994 33194
14000 24066
14000 36197
14003 33663
33663 43609
14005 28236
28236 14005
14006 48865
14007 35456
14007 48985
35456 14007
35456 48985
14014 38798
14016 44889
14017 25617
14017 42798
25617 42798
14019 14809
14022 32163
14022 47823
14022 48888
14029 37238
14031 3677
14036 17084
14039 42734
14053 32163
14057 35538
14061 47470
14066 46746
14068 142
14068 44114
14069 19607
19607 14069
14075 46973
14094 44087
14096 7314
14105 10328
14106 42174
14107 7314
14111 11873
14112 11536
14117 38922
14117 45179
14119 23086
14126 2486
14130 8316
14132 18408
14135 40482
40482 14135
14140 3679
14143 26485
26485 14143
14152 41488
41488 14152
14153 3856
14156 13261
14163 32163
14164 19605
14164 27291
27291 14164
27291 19605
14165 22262
22262 14165
14166 44519
44519 14166
14167 21187
14170 7131
14170 33048
14170 38742
33048 7131
33048 14170
33048 38742
38742 7131
14175 16868
14187 49250
49250 14187
14198 11294
14198 37248
14200 32349
32349 14200
14201 13793
14204 12108
14204 38359
14206 7314
14211 7314
14212 30059
14212 36292
30059 14212
30059 36292
14226 16542
48013 14241
48013 40474
14244 40256
14244 46209
14248 43330
14249 32163
14249 48888
14251 26150
26150 14251
14252 44868
14257 30438
14259 13939
14261 10025
14277 32163
14296 32163
14296 48888
14303 17590
14314 7314
14324 38822
14325 7314
14334 12435
14349 20085
14349 25200
20085 14349
25200 14349
14353 17402
17402 14353
14355 9305
14356 21606
14356 27505
21606 14356
21606 27505
27505 14356
27505 21606
14357 34429
34429 14357
14359 43601
43601 14359
14368 25719
14369 25523
14369 38655
14372 33021
14376 37185
14383 28673
14400 33272
33272 14400
14416 29807
29807 14416
14424 44166
14429 1784
14432 31987
14436 22926
14437 18994
14437 35829
14437 47550
18994 14437
18994 35829
18994 47550
35829 14437
35829 18994
35829 47550
47550 14437
47550 18994
47550 35829
14440 23198
14453 41646
14459 18433
14459 29099
29099 14459
29099 18433
14460 42346
14461 14113
14465 15964
15964 14465
14468 3510
14468 13307
14473 25085
14474 36292
14475 35346
14479 8650
14486 35671
14486 40888
35671 40888
40888 35671
14488 1515
14488 26253
14490 41299
14500 4552
14500 32040
32040 4552
14507 9593
14510 20863
14510 46766
14510 48325
20863 14510
20863 46766
20863 48325
46766 14510
46766 20863
46766 48325
48325 14510
48325 20863
48325 46766
14516 6084
14518 45725
45725 15023
14519 33950
14527 4149
14535 3704
14535 31917
31917 3704
14536 47958
14556 17412
14564 35225
14576 46747
14580 30314
30314 14580
14584 22963
14586 1614
14590 196
14590 36832
14592 3276
14593 18296
14594 44987
44987 39667
14595 7448
14596 39474
47170 14598
14600 27016
14600 38943
27016 14600
27016 38943
38943 14600
38943 27016
14605 7314
14608 40292
14610 19485
14611 38767
14620 33206
14623 25337
14623 35900
25337 35900
14625 10276
14626 36197
14633 8685
14634 9297
14639 24508
14655 15925
15925 14655
14657 21682
14662 25252
25252 14662
14665 8997
14676 28668
28668 14676
14677 21682
14678 45188
14683 40975
14688 8316
14690 27715
27715 14690
14704 29852
14705 41118
41118 14705
14707 15981
14709 38702
14712 48686
48686 14712
14719 7586
14727 11815
14729 40587
14729 47093
40587 41481
40587 47093
47093 40587
14730 8653
14730 22222
14732 49734
49734 24976
14737 8545
14740 43792
14741 23137
14743 30676
30676 14743
14747 49349
14748 17478
17478 16852
14749 8316
14751 22806
14751 31807
31807 12314
31807 22806
14766 19784
19784 41213
14769 23526
14776 4763
14785 23429
14785 45285
23429 14785
45285 13185
45285 35926
14789 39367
39367 2607
14790 194
14790 19238
14790 24423
19238 22413
19238 24423
19238 27911
19238 45703
14798 32163
14799 19993
14802 21682
14802 35316
35316 14802
35316 21682
14803 17858
14805 35877
14807 3173
14811 3497
14812 47182
47182 14812
14813 4027
14813 6236
14814 3035
14818 1536
14821 7131
14823 280
14823 7718
14829 2766
14831 32163
14831 47823
14831 48888
14833 13925
14835 16868
14836 26455
14836 30837
14845 7314
14845 26290
26290 18256
14850 41909
14854 12304
14856 8316
14869 42187
14873 40912
14878 45201
14886 11443
14888 43792
14897 18392
14899 9533
14910 12097
14910 37799
14911 48296
48296 30837
48296 31180
14912 3682
14912 35546
14917 29679
14927 47162
14928 12235
14930 48517
14935 29278
29278 14935
14938 23704
14938 28855
14938 33527
14943 31066
14946 44606
44606 14946
14948 48340
14950 14529
14950 21102
14957 26048
14960 34039
34039 14960
14969 46438
14990 173
15000 22305
22305 10889
22305 15000
22305 41086
15003 49938
15006 13382
15006 35231
15021 17100
17100 15021
15022 5864
15024 38367
15027 27019
15028 25889
15030 34543
34543 15030
15031 215
15035 23086
15038 965
15038 16026
15042 45609
15050 27130
15051 41909
15052 15919
15057 1536
15058 32163
15059 14672
15060 42496
15066 5202
15068 7314
15069 1657
15069 18974
15069 44898
15079 5889
15082 25812
15092 28280
28280 15092
15095 27064
15096 45191
15102 48068
15107 24292
15125 21607
15136 19367
15136 27355
19367 15136
19367 27355
15137 45283
15142 23526
15146 8646
15152 6349
15155 41929
15161 46139
46139 15161
15163 25900
15169 32163
15169 48888
15195 19090
15204 9600
15204 43333
15205 42443
15206 2650
15206 23260
15207 20693
20693 15207
15210 21682
15213 44688
15215 43792
15241 7703
15242 26164
15244 24460
15247 24307
15252 27912
15255 5314
15257 17667
15265 32163
15265 48888
15267 25718
15267 29245
25718 15267
25718 29245
29245 15267
29245 25718
15268 2607
15269 35402
15280 17583
17583 15280
15281 6527
15281 27564
15284 23796
15303 6236
15304 30837
15310 43383
43383 15310
15311 591
15325 21682
15330 28428
15330 41400
15337 2231
15345 46123
15350 9079
15350 39383
39383 26503
15352 7106
15352 13169
15352 24939
15355 9767
15356 39805
15357 24089
15358 12102
15360 18192
15361 7131
18216 2484
18216 36218
18216 37593
36218 18216
36218 37593
37593 18216
37593 36218
15368 41443
41443 15368
15369 9678
15374 30837
15378 22751
22751 281
22751 29851
22751 41654
15380 49845
15399 26396
26396 15399
15418 21682
15418 48630
15425 27970
27970 15425
15430 8549
15455 42450
42450 15455
15458 22438
15458 30644
30644 46829
15465 25819
15469 29992
15479 44027
44027 15479
15480 11092
15484 3842
15488 15995
15489 31968
15489 42036
42036 15489
42036 31968
15492 17567
17567 15492
15493 48975
15496 18038
18038 15496
15511 33274
15511 36821
33274 15511
15517 8138
15518 49995
15523 1826
15524 7314
15526 4635
15526 29459
15527 12923
15533 45425
15540 11443
15544 23198
15545 24413
15551 36292
23770 15554
15559 34730
15559 49193
34730 15559
34730 49193
49193 15559
49193 34730
15563 10224
15569 10609
15569 21924
15572 12795
15572 41141
15583 33645
33645 15583
15584 31527
15596 12202
15596 47157
15602 28225
28225 48729
15606 5270
15613 5314
15619 21304
21304 15619
15622 43542
43542 15622
15624 2737
15624 26583
15626 39871
39871 15626
15632 20718
15636 37719
15636 45547
15640 9810
15644 8275
15652 41503
41503 15652
15653 46198
15657 34206
15658 28851
15659 36366
36366 15659
15669 17851
17851 15669
15683 35232
15686 7668
15686 20722
15691 827
15691 17123
15691 32163
15706 1682
15709 31677
15709 36419
31677 15709
31677 36419
36419 15709
15710 19550
15710 42440
15712 16093
16093 1515
16093 26253
15715 15235
15755 19804
19804 15755
15781 46095
15786 21241
15796 37793
15801 35990
15804 8748
15804 12765
15804 31867
15804 34012
15815 1536
15816 30772
30772 15816
15821 30837
15823 13996
15823 32163
15823 33185
15823 39682
15827 30775
15830 9433
15833 35189
35189 15833
15834 17063
15836 39879
15836 40408
15838 32163
15838 48888
15840 32163
15840 48888
15841 2982
15850 19103
19103 15850
15854 36366
15864 25262
15864 30612
25262 15864
25262 30612
30612 15864
30612 25262
15872 15587
15872 45687
45687 3260
15882 39672
15885 16785
15887 32379
32379 15887
15888 24071
15891 36292
15892 6117
15901 0
15901 11342
15905 19358
15905 39808
39808 15905
15908 34430
15908 41927
34430 41927
41927 34430
36429 15910
15912 21900
15912 39507
21900 15912
39507 15912
15918 36292
15921 44189
44189 3601
44189 45699
15930 44627
15931 29545
15932 41536
41536 15932
15938 42064
15943 16101
15944 23051
15950 30837
15951 15091
15958 26568
26568 20655
15960 13710
15963 24849
24849 15963
33273 15968
15969 45607
15970 48114
48114 15970
15973 42676
42676 15973
15974 5668
15982 37238
15989 2377
15989 9095
15989 31627
15989 44381
31627 15245
31627 20930
31627 23190
31627 44381
44381 31627
15990 23505
23505 15990
15998 5270
15998 35457
35457 5270
35457 15998
16014 30436
16021 37586
16022 43446
43446 16022
43446 42583
16029 13527
16029 20509
16029 26448
16029 32163
16029 35953
16029 44388
16029 48888
35953 32163
44388 32163
16031 20689
16031 43576
16033 43468
43468 16033
16034 15883
16037 1633
16037 23331
16038 20961
16041 28623
16051 4027
16051 47954
47954 4027
16054 22277
16059 10657
16061 30837
16066 45425
16079 35543
16083 15993
48216 16094
16100 9810
16100 11243
41619 16101
16108 36128
16112 37389
16117 10471
16120 16868
16130 32163
16130 48888
16134 18061
18061 16134
16135 41909
16141 23688
23688 18657
16144 21247
16152 7314
16158 15520
16168 21225
16169 33823
16170 49987
16175 30837
16176 28759
16178 39788
16185 36292
16193 732
16193 39289
16196 21345
34301 16197
16207 6885
16213 4131
16221 18172
16222 22338
22338 16222
17911 16237
17911 35171
35171 16237
35171 17911
16243 8994
16243 19480
16248 26067
16252 25103
16253 2573
16280 19306
19306 16280
16281 34849
16281 46599
46599 16281
46599 34849
16309 23620
16311 1394
16323 37820
16323 43259
16324 19664
16324 38793
16325 24883
16326 28759
16328 11265
16331 42587
42587 16331
16349 25104
16351 49752
49752 16351
16354 1536
16356 17123
16356 19379
16356 32163
19379 16356
19379 17123
19379 32163
39626 16362
16382 44918
44918 2543
16383 47297
16385 515
16394 42458
16404 45425
16409 3054
16415 29006
29006 16415
16416 44688
16419 32163
16419 48888
16439 41432
16450 24454
16451 25819
16457 7314
16462 18411
16475 19251
16495 47369
16506 41213
41213 10997
16524 7314
16525 309
16526 3435
16539 4370
16544 15556
16549 3181
16551 43366
18766 17621
16561 49058
16565 22128
16568 17412
16570 16680
16582 36292
16583 46117
16587 19899
16592 1406
16594 5637
16600 35346
16602 32163
16602 37040
16602 48888
37040 32163
37040 48888
16608 17547
16608 28104
16608 47927
28104 17547
28104 47927
16611 1515
16611 16093
16611 26253
16619 22267
22267 16619
16620 36154
36154 16620
16623 24380
24380 16623
16629 20568
16629 35929
20568 20147
20568 23606
35929 16629
35929 20568
16643 37452
37452 16643
16665 13559
16671 11332
16679 21594
16679 43935
21594 16679
21594 43935
43935 16679
43935 21594
16686 40795
16688 28138
28138 16688
16692 620
16694 14672
16697 34848
34848 16697
16699 16776
16701 26279
26279 33667
16702 44601
16709 15259
16723 27405
16730 32163
16730 48888
16733 23249
16738 36292
16748 27927
16748 35843
35843 16748
35843 27927
16758 1181
16783 2982
16787 18838
16790 5319
16790 32382
16790 37134
16797 4547
16802 37560
16806 28634
16806 37651
16808 35467
35467 16808
16815 15235
16819 47355
16824 1532
16826 46359
16828 20774
20774 16828
16831 4934
16835 17928
17928 16835
16839 19001
16842 2088
16849 33295
16850 18073
16855 45425
16857 13179
16862 47297
17297 16868
16870 25691
16870 48389
16874 37369
37369 16874
16877 45503
45503 16877
16878 3266
16880 40654
40654 16880
40654 28223
40654 35976
16881 27916
16882 48867
16883 36602
16884 7771
16884 17647
16884 39918
17647 7771
39918 7771
39918 17647
16885 3284
16887 21805
16889 12313
16891 1737
16891 8853
16896 34188
16896 45556
45556 16896
16897 33206
16900 48986
16905 13603
16905 17010
16907 29135
16914 1536
16922 47083
47083 44210
16923 30847
16931 12984
16931 38571
16932 7235
16934 18117
18117 16934
16939 27652
27652 16939
16952 41955
41955 16952
16956 17865
16956 21682
17865 21682
16957 35937
35937 16957
16963 49742
16975 16076
16978 12081
16979 46104
16980 13681
16991 3170
16991 20514
16997 12958
16997 38253
16998 24782
16998 28777
16998 31507
24782 35230
16999 8316
17001 41204
41204 17001
17004 32004
17005 42494
42494 17005
17018 14962
17020 17024
17024 17020
17027 4149
17033 41909
17040 943
17045 39588
17053 17126
17126 17053
17060 45425
17067 37390
17069 48749
17077 46198
17088 11220
17088 47473
47473 11220
47473 17088
24891 17093
24891 38599
38599 17093
38599 24891
17094 25290
17098 12749
17098 13173
17102 20612
17105 33757
17106 23807
17108 33849
17108 39783
33849 17108
39783 17108
17115 6557
17117 11095
17117 11753
17117 44668
17118 16048
17122 36648
36648 17122
17134 43780
43780 17134
17138 25900
17146 45425
17147 31021
17147 49833
17149 36377
17154 21682
17156 32612
17160 17026
17162 42218
17178 7916
17178 48651
17181 30726
17181 35797
30726 35797
17187 28567
17188 12958
17190 26023
26023 17190
17195 28587
17202 28839
17205 797
17209 107
17219 23766
17219 46554
23766 17219
23766 46554
46554 17219
46554 23766
17221 32163
17221 47823
17228 41333
25618 45422
17243 21812
17252 30651
17254 26964
17255 9533
17256 1532
17262 23211
17266 22686
22686 12958
22686 13095
17280 5005
17283 13875
17285 31765
17285 47376
17286 36292
17295 28244
17306 3679
17315 18408
17320 41909
17321 27017
17323 34544
17323 37707
17324 10777
17326 4547
17328 32163
17329 1081
17345 21682
17351 6002
17352 32000
17353 36375
36375 17353
17357 46704
17359 23526
17363 41909
17364 31808
17367 19669
17371 1826
17379 42797
17395 8432
17396 30571
17403 2593
17403 33438
17403 48213
48213 2593
48213 17403
48213 30444
48213 33438
17405 33644
17416 26048
17423 9533
17424 6582
17433 23198
17436 16249
17436 41909
17437 40773
17438 31968
17440 1356
17445 8316
17461 8316
17470 38802
17470 49103
17479 45750
17481 45425
17497 16504
17499 21682
17504 40150
24659 13593
24659 17517
24659 30309
24659 36291
24659 39916
24659 43911
24659 46123
36291 17397
17519 23620
17519 29547
17520 28989
28989 17520
17522 38581
38581 17522
17528 8316
17531 38371
17531 49755
17532 19039
17532 23306
19039 17532
19039 23306
17543 41909
17545 1653
17545 39659
17546 39600
39600 17546
17549 33487
33487 8252
17551 8345
17551 43017
17572 41909
17575 40912
17576 48643
17584 32163
17588 40515
17588 42837
40515 17588
40515 35322
40515 42837
42837 17588
42837 40515
17589 7314
17593 16868
17600 22553
17604 36292
17609 49987
17611 47516
47516 17611
17612 36774
36774 17612
36774 41909
17624 41909
17627 16149
17634 19374
17638 49560
49560 3483
49560 21682
49560 36557
17651 36201
36201 17651
17653 827
17653 32163
17655 31186
31186 17655
17656 49084
17658 37906
17668 9100
17669 37808
37808 17669
17675 41566
17676 32924
17681 13825
38614 7250
38614 35973
17698 17415
17698 34113
17702 20293
17703 41909
17707 48529
17711 18250
17715 23882
17729 29938
17729 46701
17734 15755
17734 19804
17738 2602
17738 7884
17741 1645
17741 43792
17743 35034
17743 40410
35034 17743
35034 40410
17745 36286
36286 17745
17750 8316
28543 17766
17769 26268
26268 17769
17774 48580
48580 17774
17775 49516
17778 33472
33472 17778
17781 19251
17784 18635
18635 17784
17786 46635
17799 39198
17807 46326
17812 17547
17812 47927
17814 7175
17817 32317
32317 27650
17828 48985
17832 42238
42238 21682
17833 24066
17833 36197
17836 49418
17837 21259
21259 19470
17842 22128
17856 7978
17875 16868
17875 48667
17878 11442
17881 36292
17881 44161
17882 13073
17886 30550
17886 36111
30550 17886
30550 36111
36111 17886
36111 30550
17900 15919
17906 4635
17906 29459
17908 32163
17912 48146
17915 32163
17915 48888
17922 16868
17923 19630
19630 38449
17933 11834
17936 20650
17951 18408
17953 35024
17956 5005
17975 28872
17983 280
17990 18659
18002 47047
18003 21810
18003 34839
21810 34839
34839 21810
18004 13073
18004 27580
18015 7268
18016 46646
46646 18016
18024 1328
18025 5905
18026 40787
18033 48531
48531 18033
18037 14672
18043 31804
18052 20033
18055 48930
18071 31658
18072 21682
18084 33558
18084 34938
34938 18084
18090 39364
18091 28238
18105 14674
18106 9533
18106 23875
23875 9533
23875 18106
18113 25215
18118 17231
18121 753
18121 8886
18121 10922
18121 11410
18133 32163
18135 32163
18142 45066
18148 31746
18159 7715
18165 21359
18168 12977
18171 43460
43460 17491
18174 25165
25165 18174
18187 36292
18191 36292
18195 19565
18195 46929
19565 47755
46929 31187
18197 6090
18210 9305
18210 10019
18219 23425
18219 33568
18219 45831
23425 33568
23425 45831
18222 5314
18224 13490
18228 1945
18228 9581
18228 18013
18228 34856
18237 41341
18247 7309
18248 10738
18248 14642
18254 40092
40092 18254
18256 7314
18259 49021
18261 35434
18274 32168
32168 18274
18275 4636
18276 22207
22207 18276
18277 49199
49199 18277
18284 24431
18284 44775
18284 48733
24431 44775
24431 48733
44775 24431
44775 48193
44775 48733
18286 9898
18294 47925
18302 1739
18302 6236
18302 9110
18302 36611
36611 6236
18306 4893
18306 16868
18314 32731
32731 18314
18316 35783
18320 11092
18322 3611
18328 8316
18329 8844
18329 26187
26187 18329
18332 21665
18334 26385
18341 3093
18342 11265
18351 41909
18355 16868
18357 30974
18363 46578
46578 36292
46578 49362
18378 16910
45908 18392
18397 33644
18406 38397
38397 18406
18407 8316
18413 29328
18415 23520
23520 18415
18427 32163
18427 48888
18430 11892
18431 49528
18442 46128
46128 18442
18445 39693
39693 18445
18452 10808
18456 5432
18462 36642
18465 35859
18471 16043
18473 1633
18473 23331
18487 31968
18488 36292
18490 44857
44857 18490
18493 43792
18497 25945
25945 18497
18499 2366
18509 44289
44289 18509
18510 42113
42113 30201
18513 10333
18515 41909
18525 28587
18526 12001
18528 26048
18528 27944
27944 26048
18534 23526
18538 36197
18539 718
18539 36292
18543 20327
20327 18543
18546 5005
18555 27159
27159 18555
18560 11524
18563 31267
18569 20465
20465 18569
18600 36290
18607 25179
18611 23189
18615 28762
28762 18615
18620 32163
18621 6885
18628 39270
18629 22649
18629 41909
18631 32163
18631 47823
18631 48888
18634 6325
18634 39709
18634 48633
18640 10577
18640 45073
18644 26162
18648 16973
18649 13714
18650 37250
18651 31746
18652 9577
18652 20754
21510 18659
18672 15259
18673 27261
18681 36027
18686 36292
38200 18697
18710 35119
35119 18710
18712 34431
18717 47297
18725 15684
18726 23526
18729 29214
29214 18729
18737 8316
18738 1752
18738 7352
18738 35730
18738 40444
18739 26384
18742 32403
18746 13092
18746 43026
18747 47705
18754 49845
43886 7770
18759 21682
18772 32313
32313 18772
18788 44823
18799 21682
18800 22173
18800 35302
22173 35302
35302 22173
18803 6233
18803 36393
36393 30958
18811 48733
18819 28876
18824 12992
18833 4625
18833 6247
18833 20940
18833 36311
18833 44491
18840 4637
18840 15576
18840 19459
18840 20735
18840 21803
18840 33451
18840 48861
20735 48861
48861 20735
18844 28567
18845 34527
18846 33997
33997 15884
18848 26915
18848 39271
26915 18848
26915 39271
39271 18848
39271 26915
18849 48749
18856 1168
18856 25822
18856 34116
18856 45182
18861 10778
18864 14897
18864 32611
32611 14897
18865 4552
18874 1945
18874 9581
18874 18013
18880 45699
18881 30130
18882 19984
18885 9566
18886 33904
18886 38036
38036 33904
18892 28123
18893 1536
18894 19985
19985 1083
19985 18894
18902 22930
18902 41909
22930 18902
22930 41909
18907 16101
18907 44831
44831 16101
44831 18907
18912 7932
18914 18636
18916 37969
18922 36060
18927 45425
18930 5374
18930 33279
18940 23308
18940 29674
18940 35555
29674 43324
35555 23308
18941 31395
18943 19976
18944 17412
18947 16868
18947 48667
18952 10626
18955 19993
18960 34434
18960 36925
18960 43940
34434 43940
43940 34434
18963 23526
18965 3167
18965 36949
36949 3167
36949 18965
18966 1406
18979 10333
18988 32163
18988 48888
18996 15130
18999 1068
19000 8316
19003 47468
19004 2590
19010 36292
19018 48733
19019 7314
19022 3559
19024 16332
19028 37248
19030 7314
19032 36983
19036 7
19036 19576
19036 43343
19037 6780
19046 6416
19046 14554
19048 12217
19049 36197
19058 13521
19059 12182
19065 36292
19070 4898
19070 7575
19071 970
19071 36293
19076 43753
19080 18520
19080 34215
19108 36602
19114 28141
19115 24517
19121 14672
19129 16101
19133 3054
19149 41554
19150 41958
19155 38150
19158 4131
19159 32163
19164 26272
19168 49845
19170 3077
19173 43438
19194 34945
19214 24952
19217 49605
49605 19217
19225 46087
19228 2912
19232 18170
19235 22626
22626 19235
19240 10781
19240 33998
19243 15587
19256 19548
19259 8979
19264 26415
26415 19264
19268 20603
20603 19268
20603 40780
19271 31554
19271 37751
19292 12880
19292 41448
19295 3466
19297 30847
19301 42828
42828 19301
42828 49472
19303 4635
19303 29459
19305 45665
19310 18791
19314 22494
22494 35485
19327 48561
19329 49987
19343 42725
42725 42586
19347 16868
19353 39500
39500 19353
19354 40033
19355 11540
19355 18400
19359 23619
19359 35241
19378 49852
19384 43963
19400 32163
19405 14672
19406 46102
19411 3784
19411 27106
19420 44409
19435 20888
19450 25069
25069 19450
19451 30624
19451 48486
48486 13925
19456 29853
19460 19548
19460 20499
19463 40365
19465 23526
19466 23526
19474 16974
19477 8316
19486 16706
19488 15807
19491 32915
32915 19491
32915 45534
19496 16901
19496 22574
22574 16901
22574 19496
19500 20552
19505 14241
19505 40474
19513 1406
19551 4809
19560 47468
19561 7216
19561 42454
19563 39279
19574 32163
19577 38280
38280 19577
19589 12865
19591 18500
19592 20337
19592 39295
20337 19592
39295 19592
19594 42312
19595 31676
19595 46559
31676 19595
31676 46559
46559 19595
46559 31676
19598 14041
19610 47933
47933 19610
19611 48671
48671 19611
19612 24802
19612 41909
24802 41909
19615 37635
37635 19615
19616 43533
19621 13710
19625 2602
19629 7314
38449 19630
19638 45425
19657 2819
19663 1826
19670 1167
19673 1737
19673 8853
19676 14571
19678 19681
19681 19678
19685 29555
29555 7541
19689 22194
19691 29594
19691 35230
19694 28457
19701 38336
19706 1536
19718 25632
19720 14672
19728 26629
26629 19728
19731 40033
19741 20719
19741 47697
19759 14235
19759 22128
19765 22310
19769 29762
19771 24445
19780 22589
22589 19780
19786 15981
19791 41456
41456 19791
19794 23777
23777 19794
19807 38393
38393 19807
19808 29207
19811 19485
19813 47419
19828 28365
19835 10333
19838 37555
19844 41909
19845 16332
19846 2028
19847 24496
19856 3679
19864 16868
19866 42583
19866 45288
42583 43446
45288 19866
45288 42459
45288 43627
45288 46745
19867 707
19881 14353
19881 17402
19886 40879
19888 4547
19898 31429
31429 19898
19901 31563
19901 31995
31563 19901
31563 31995
31995 19901
31995 23761
31995 31563
19910 24976
19912 14475
19919 9720
19928 41909
19929 36873
19938 943
19942 15736
19945 1889
19945 13116
19950 5280
19950 22384
19987 46112
19997 21747
20002 38336
20009 33385
33385 20009
20013 27006
20023 46330
20031 30837
20037 32163
20037 48888
20048 7028
20049 21682
20051 49375
20052 35900
20071 16660
20071 21341
20073 13792
20079 32612
20083 36197
20089 32075
32075 20089
20091 33551
20094 12526
20104 41440
20109 20532
20115 5766
20115 21039
20124 32163
20132 31180
20132 45007
45007 20132
45007 31180
20135 41909
20142 41909
20147 20568
20147 23606
23606 20147
23606 20568
23606 26523
20159 31134
20162 46047
46047 20162
20165 14923
20171 40971
40971 20171
20176 29886
20176 32170
20179 31075
20179 33340
20193 11643
20197 7679
20201 4131
20203 31771
20209 20419
20212 3088
20219 19452
20224 1532
20227 5314
20227 15255
20227 41799
20232 45491
20243 25672
20247 19669
20247 36994
36994 19669
36994 20247
20256 8316
20265 2093
20284 25075
20284 33004
20284 33328
20284 48194
25075 33004
25075 33328
25075 48194
33004 25075
33004 33328
33004 48194
33328 25075
33328 33004
33328 48194
48194 25075
48194 33004
48194 33328
20290 41672
41672 20290
20291 23305
23305 20291
23305 26467
20297 47268
47268 20297
47268 30836
20304 6236
20304 26574
26574 6236
20305 19779
20307 13678
20309 41299
20311 41799
20313 4991
20315 5223
20315 36109
20315 36654
20315 41694
20315 43543
36109 36654
43543 43601
20320 28333
20329 18096
20329 32845
32845 20329
20338 10820
20341 6784
20347 18501
20358 29515
20363 49987
20366 47307
20379 36060
20386 17754
20394 8316
20395 27242
20398 33118
33118 20398
20402 44059
44059 20402
20404 39946
39946 46549
20408 46434
46434 20408
46434 43235
20420 10441
20420 32163
20423 3069
20423 11564
20423 18967
20424 8011
20433 24004
20435 40652
20435 41909
40652 41909
20437 41909
20442 36464
20449 36601
36601 29623
20455 17412
20460 46913
46913 20460
20467 15709
20467 36419
20468 35206
35206 20468
20486 35225
20487 7314
20491 36292
20493 25906
20507 46837
46837 20507
20508 29207
20510 32163
20510 47367
47367 20510
47367 32163
20513 40272
20531 48033
48033 20531
20540 23899
20547 32163
20547 48888
20556 17594
20558 18569
20558 20465
20582 29659
29659 20582
20588 32163
20588 48888
20589 38817
20591 13771
20598 23490
23490 20598
40780 19268
40780 20603
20610 42241
41934 20612
20614 29545
20615 10158
20615 49119
20619 36197
31637 9791
20624 40750
20625 30113
30113 20625
20626 20403
20627 38705
38705 20627
20630 29627
29627 20630
20636 48986
20637 22550
20639 6444
20645 3611
20649 19800
20649 32299
32299 20649
20663 23352
23352 15780
20670 49057
20676 43637
20687 37745
37745 20687
20692 3349
20695 21682
20696 12304
20698 23005
20713 21383
20713 27497
20716 5864
20720 11535
20721 45608
45608 20721
20733 21256
20733 26469
21256 20733
21256 26469
26469 20733
26469 21256
20737 17412
20744 14490
20744 41299
20746 30982
20753 16332
20758 12793
20759 24125
24125 20759
20769 32163
20771 41909
20776 25444
25444 20776
20799 34167
34167 20799
20809 42458
20832 45517
45517 20832
20839 32192
20846 47387
47387 20846
20847 29821
20857 1536
20859 41125
20865 12115
20871 32163
20871 48888
20874 18792
20887 17784
20887 18635
20902 13766
20906 49987
20911 7314
20913 15143
20919 26701
20921 8316
20921 26022
20927 33098
20929 28759
20939 30109
30109 20939
20944 31074
31074 20944
20945 2057
20956 34431
20958 40319
20971 676
20971 47369
20975 32163
20975 48888
20982 17415
20982 34113
21000 7996
21001 46251
21010 31277
21011 29233
21018 47912
21020 48976
21021 8632
21021 9539
21050 34410
21053 38808
21055 12982
21057 33477
21057 39312
39312 33477
21064 7916
21069 2072
21075 8881
21075 23666
21085 47326
21099 44440
21110 32011
32011 21110
21111 12867
21117 3054
21137 36292
21144 13899
21145 38472
38472 26852
38472 34258
21148 8316
21162 36292
21164 28378
21166 28483
21170 7314
21181 15910
21183 41909
21184 1167
21205 17888
21209 36292
21219 45425
21223 5314
21249 33654
33654 21249
21252 14349
21260 23749
21260 32719
21260 40569
32719 21260
32719 23749
32719 40569
40569 21260
40569 23749
40569 32719
48014 21262
42467 21266
44908 1301
44908 21266
41012 21267
21269 2511
21269 35230
21276 6111
21279 35553
21285 1167
21291 15883
21292 3477
21292 34011
21292 42314
42314 21292
42314 34011
21296 8773
21296 23894
21296 40779
21310 47937
21312 13808
21323 49987
21327 7314
21329 49286
49286 21329
21331 35512
21333 30837
21335 943
21346 45062
45062 21346
21351 49757
49757 21351
21355 6658
21358 28774
21361 7092
21366 41909
21370 29433
21371 18509
21375 12218
21375 31746
21391 46011
21399 44708
21404 32163
21404 48888
21405 42244
21407 38702
21414 5544
21415 43533
21418 40465
21423 4170
21423 30279
21423 34795
21423 36413
30279 21423
30279 34795
30279 36413
34795 21423
34795 30279
34795 36413
21425 18680
21427 1826
21429 32037
32037 21429
21440 30610
21444 16341
21446 7596
21462 7314
21481 25186
25186 12428
25186 27243
21484 5427
21488 25088
25088 21488
21493 42798
21498 8316
21500 10254
21503 8316
21524 4655
21531 6601
21531 44376
21535 16266
21549 23526
21568 6692
21568 36122
21579 7314
21580 45710
45710 21580
21585 4338
21588 2917
21597 19251
21599 41109
41109 21599
41109 47064
21608 32599
32599 21608
21622 49629
21632 19572
21632 41299
21633 23741
21633 28869
23741 29620
28869 8626
21634 5575
21634 42184
21643 41909
21645 18392
21659 42725
21678 43907
21689 33001
21689 37785
33001 21689
33001 37785
37785 33001
21693 23077
21701 77
21704 48539
21706 38784
21706 48085
38784 48085
21710 42469
21712 27843
21713 49845
21723 34312
21725 39083
39083 21725
21726 35346
21738 32163
21738 48888
21744 7314
21745 9810
21751 16631
21756 9142
21756 16868
21756 37309
37309 9142
37309 16868
21766 45750
21771 36464
21772 22231
21776 5222
21785 34046
21789 6771
21791 36206
21804 32163
21804 48888
21808 40272
21818 36848
36848 21818
21826 10724
21846 630
21846 14032
21851 48733
21865 23454
23454 32361
21867 21247
21871 1500
21875 37796
37796 21875
21880 4216
21880 46316
21881 37155
37155 36744
21893 39924
39924 21893
39924 27007
21898 5766
21905 22751
21909 6111
21920 31556
21929 3817
21934 41354
21937 40099
40099 21937
21945 43844
21955 20256
21974 41909
21986 8316
21986 25331
21994 48845
21996 20613
21998 4552
22002 2741
22003 933
22003 34018
22009 24097
22010 49519
22018 35230
22025 6111
22026 1536
22031 32716
32716 22031
22032 38275
22049 26600
22054 7884
22055 36292
22058 8881
22058 23666
22064 32624
22070 21474
22072 10618
22072 28273
22086 49267
22093 17162
22093 42218
22106 36292
22123 14413
22124 43222
43222 38517
31076 13809
31076 22128
31076 25410
31076 32921
31076 35459
34013 13809
34013 22128
34013 25410
34013 32921
34013 35459
22129 10584
22129 19363
22138 8996
22141 24966
24966 22141
22143 9533
22145 32163
22145 48888
22150 23086
22151 25532
22151 35388
22156 29783
22161 10475
22161 35570
22162 8166
22162 37433
22164 40898
22165 47326
22184 7314
22184 28214
28214 7314
22186 21039
22186 25412
22186 38219
25412 5766
25412 21039
38219 22186
38219 25412
22189 5339
22192 21682
22203 4625
22203 14226
22203 41212
32281 22205
22206 43915
43915 22206
22209 36295
22211 40156
40156 22211
22214 39813
39813 22214
22223 41814
41814 22223
22228 35763
22229 23867
22229 24676
23867 22229
23867 24676
23867 25898
24676 22229
24676 23867
22236 9533
22237 31998
31998 22237
22238 28479
22245 3822
22255 42441
22255 49335
22255 49723
49335 22255
22257 25072
22264 46314
22270 17590
22283 24584
22290 22007
22291 45425
22300 49624
22335 11780
22337 47492
22340 8345
22340 17551
22340 43017
22346 45539
22346 46901
46901 44433
22348 29434
22352 8316
22360 47212
47212 22360
22364 7884
22365 36971
36971 22365
22370 32163
22370 48888
22375 41909
22378 8779
22409 33531
33531 1420
22415 3038
22415 20922
22419 18192
22433 22138
22433 29216
29216 22138
22436 3382
22436 26362
22439 25631
25631 22439
22440 35768
35768 22440
22452 41543
22457 3611
22459 28136
22459 47084
28136 10878
28136 22459
28136 47084
47084 22459
47084 28136
22461 1532
22461 24126
24126 1532
24126 22461
22464 23642
22464 31746
22468 27946
22471 27380
22474 3963
22474 15510
22486 32317
22487 36292
22498 27254
22507 8746
22516 1532
22516 11683
22521 36292
22523 9573
22527 37023
22537 12113
22537 15680
41693 22538
41693 45195
45195 22538
45195 41693
22539 26812
22542 36319
36319 1857
22549 35346
22551 6051
22551 20890
22552 46547
22558 26675
22590 41909
22598 41909
22598 45822
45822 41909
22601 36633
22602 25637
22607 47662
47662 22607
22608 8316
22610 1826
22613 43456
22630 7235
22632 26158
26158 22632
22635 37146
22646 28217
22646 28367
22646 42436
28217 22646
28217 28367
28217 42436
22651 5314
22652 30635
30635 22652
22653 44296
22661 23308
22661 35555
22667 36212
22670 6111
22676 32163
22685 13595
22691 41909
22695 32163
22705 15294
22705 49775
49775 15294
49775 22705
22714 36292
22717 16868
22717 17297
22717 40536
40536 16868
40536 17297
40536 22717
22724 49608
49608 22724
22728 9597
22728 41909
22732 41331
22733 29938
22733 46701
22748 11639
29851 17779
22769 8646
22772 8979
22777 38363
22777 47480
22780 33320
22780 40274
33320 4655
33320 27936
40274 43342
22781 46126
46126 22781
22785 24894
22792 16244
22801 41909
22803 1536
22812 32163
22814 41909
22816 16868
22816 48667
22819 10932
22846 165
22859 47904
22867 41909
22867 45822
22870 22128
22870 46840
22887 22007
22900 34169
22901 19596
22902 34768
34768 22902
22904 19662
22908 976
22910 25510
25510 21196
22914 44075
22916 36005
36005 22916
22922 20563
22933 41909
22958 41909
22959 9810
22962 24423
22962 45703
22979 21345
22980 9428
22999 4292
22999 7083
23000 26763
23000 43788
26763 23000
43788 23000
23027 34849
23046 37107
23050 45425
23053 19508
23060 7314
23063 42806
23070 2825
23079 40474
23080 24788
23080 30837
23083 28567
38612 23089
23096 11443
23107 7539
23117 18646
23119 284
23119 9088
23122 41909
23152 39805
23152 48976
23156 3958
23156 15263
23156 32163
23156 48888
23167 37653
37653 23167
23186 47792
47792 23186
23187 6439
23190 28783
23190 31627
23190 44381
28783 23190
28783 31627
28783 44381
23195 49717
23200 22128
23201 8743
23201 33008
23205 29992
23208 521
23213 22128
23216 42591
23218 8979
23219 3497
23224 26279
23238 41909
23253 12274
23254 2483
23259 8731
23259 10777
23262 17865
23262 21682
23285 13505
23294 20256
23300 47898
47898 23300
26467 23305
23324 36104
23324 43601
23336 30724
30724 23336
23337 41299
23341 42622
42622 23341
23342 32163
23345 41718
41718 23345
41718 28778
23347 32163
23367 17889
23367 30993
23376 45425
23386 45425
23402 31393
23405 44974
23408 44871
23417 35826
34055 23422
23428 10777
23435 12584
23435 25219
25219 23435
23438 12435
23438 14334
23440 23423
23442 8316
23446 1107
23448 38753
32361 23454
23462 32163
23475 24153
24153 23475
23493 3522
23506 41213
23507 42343
23510 44487
44487 35962
23511 40851
40851 24309
23518 49425
23527 32923
32923 23527
23535 32418
32418 23535
23537 7340
23546 44510
23549 16868
23550 47391
23571 943
23594 3054
23601 4321
23601 7975
23601 40442
23602 1398
26523 20568
26523 23606
23608 48986
23609 9649
23609 39541
23609 49371
23630 3199
23630 29021
23630 30139
23633 48976
23636 7314
23644 33770
23644 41317
41317 23644
41317 33770
23645 14235
23645 19759
23645 22128
23650 36332
36332 23650
23651 35573
23651 42487
23662 27412
23673 32701
23675 49021
23685 7378
23697 24284
23700 32163
23702 40508
23705 34384
23709 47018
47018 23709
23710 15759
23712 11013
23714 26166
26166 23714
23728 32688
32688 23728
23730 12076
23730 47785
23742 27583
23745 42469
23753 45391
45391 22530
45391 35143
45391 36646
45391 46642
23758 4861
23782 38436
23783 22310
23788 18953
23788 31652
31652 10024
31652 18953
31652 23788
31652 27598
23790 36657
36657 23790
23801 2519
29288 23804
23814 7596
23817 45425
23819 25632
23819 48364
48364 23819
48364 25632
23821 45425
23822 7314
23825 40773
23830 2723
23837 4635
23837 29459
23844 32165
32165 23844
23852 3170
23852 20514
23859 43000
43000 23859
23866 28125
25898 28679
23869 32163
23869 48888
23870 41909
23878 44982
23883 7314
23890 10475
23890 35570
23891 21528
23892 18520
23892 34215
23893 26700
23893 26705
23898 13479
23898 32163
23898 48888
23912 33123
23912 46451
23914 5650
23915 26964
23922 16930
23924 41909
23927 40775
23928 22118
23934 24877
24877 23934
23943 12613
23948 24415
23948 24758
24415 23948
24415 24758
24758 23948
24758 24415
23951 48585
23952 36493
36493 36953
36493 44403
23957 42564
42564 23957
23964 36292
23967 41909
23969 9533
23969 27264
23969 37698
23986 27496
23995 236
23995 6149
23995 7034
23995 22236
23995 31657
23995 42379
23995 45760
31657 9533
23996 24689
24002 49657
24009 49324
24017 15919
24023 3108
24024 1876
24024 19043
24024 45399
24029 37416
37416 24029
24032 44918
24033 20931
24049 41909
24050 45894
24053 17163
24055 9312
24063 43092
24067 35061
24076 27825
24077 32163
24079 2378
24085 4864
24092 11535
24092 38349
38349 11535
38349 24092
24096 4547
24108 8316
24109 46543
46543 24109
24110 30309
24119 5921
24119 35346
24128 1532
24131 9533
24131 16218
24138 25233
25233 24138
24140 16868
24141 7321
24151 8329
24151 13073
24154 49987
24160 38631
38631 24160
24161 39364
24172 12016
24178 20169
24198 20011
24206 33905
33905 24206
24207 47168
24217 21154
24220 11559
24220 31430
24220 34630
24220 44688
31430 24220
31430 44688
24227 18434
24236 48646
24238 22790
24243 32007
24245 31068
24250 28588
24253 24947
24947 24253
24262 8397
24277 13766
24285 33198
24294 37463
37463 24294
24297 13565
24298 6211
24300 46603
24306 22204
24308 28874
24308 47356
24315 33757
24322 3275
24329 33757
24340 41909
24341 1536
24361 8316
24370 13383
24370 49508
24378 4864
24383 343
24383 20779
24383 37545
24389 47688
24392 36228
24398 45425
24402 48376
24405 21682
24410 718
24410 36292
24420 46423
24425 7317
24433 20727
24437 18109
24440 29758
29758 24440
24444 35665
24444 46632
35665 24444
35665 46632
46632 24444
46632 35665
24446 30353
24446 42378
24449 15709
24449 25222
24449 36419
25222 15709
25222 36419
24461 28615
28615 24461
24464 25108
24468 28801
28801 24468
24469 35573
24469 42487
24470 2338
24490 33589
33589 24490
24491 32163
24491 48888
24492 48006
24522 11230
24523 41909
24532 6194
24545 18949
24546 2033
24547 9597
24547 41909
24548 49029
24557 48500
48500 24557
24561 4142
24562 32163
24562 48888
24564 14674
24564 27138
27138 14674
27138 24564
24568 11443
24568 49966
49966 11443
49966 24568
24572 41909
24586 6704
24589 8197
24605 34945
24607 21682
24608 48133
24611 49758
24612 12202
24612 47157
24628 24724
24630 21682
24662 23849
24678 44583
44583 24678
24707 11901
24714 34577
34577 24714
24733 16868
24736 38789
24736 43833
24737 32548
24751 6574
24760 479
24760 18855
24760 38453
24769 4131
24769 16213
24771 40183
24780 22011
24783 12958
24784 9533
24800 1201
24800 44702
24807 49125
24812 44570
24828 42948
24828 43171
42948 43171
43171 42948
24833 3170
24833 20514
24844 23306
24850 5396
24850 35220
28469 16868
24884 14674
24893 49497
24901 25519
24907 38177
24914 35573
24914 42487
24916 1536
24917 44717
44717 24917
24919 29910
29910 24919
24920 2920
24920 14578
24924 35528
24933 14672
24957 25275
24960 47252
24964 8623
24971 15005
24973 866
24977 35857
35857 24977
24982 4764
24982 36217
36217 4764
24995 43174
24999 28850
28850 24999
25009 43239
25022 37409
25023 37071
37071 25023
25043 7699
25054 4533
25054 26114
25058 47140
25077 3478
25080 45811
25087 9428
25089 31531
25089 35651
25089 40145
25089 45303
25089 47989
25089 49082
45303 23433
45303 25089
25090 17547
25090 47927
25093 4000
25093 44966
25094 280
25096 46221
46221 21262
25105 32597
25105 35952
25105 36919
25107 34971
25119 29654
25142 17412
25152 21682
25156 36222
36222 25156
25159 9810
25162 31216
31216 25162
25164 38808
25170 45425
25171 20279
25173 26886
26886 25173
25176 36642
25181 39298
25183 13459
27243 25186
25187 7664
25187 16205
25187 16550
25189 40851
25190 14005
25190 28236
25205 7794
25209 44593
44593 25209
25213 39945
39945 25213
25231 41299
25234 2668
25235 33484
25241 7438
25244 32163
25244 47823
25244 48888
25245 41909
25251 2028
25251 21682
25254 31000
31000 25254
25255 30965
30965 26494
25256 35579
25260 7539
25260 40179
40179 7539
25269 27496
25274 18392
25279 16101
25281 31491
25292 10333
25297 28006
25298 29212
25298 35960
29212 25298
29212 35960
25300 33641
33641 35252
25308 33543
25314 1515
25314 26253
25321 26285
26285 25321
25323 27270
27270 25323
25332 8748
25332 12765
25332 31867
25332 34012
25345 31383
31383 25345
25352 6092
25370 18408
25370 48810
48810 18408
25375 7314
25376 19073
25377 19915
25378 21559
25378 33083
25385 21682
33002 6422
25396 25803
25803 25396
25402 34738
34738 25402
25408 3344
25424 15919
25429 5889
25429 45644
45644 5889
45644 25429
25431 28917
28917 25431
25432 41909
25433 30941
25439 27640
27640 25439
25447 47262
25453 10558
25453 29022
29022 45536
25454 32122
25461 8545
25462 42316
42316 25462
25464 5432
25471 30615
25473 7314
25473 26292
25473 27308
26292 7314
26292 25473
26292 27308
27308 7314
27308 25473
27308 26292
25492 21682
25495 35360
25495 35500
25495 35766
25499 16910
25500 13315
25502 30099
30099 25502
25504 11798
25506 41111
41111 25506
25526 17779
25527 18315
25528 16993
25528 25967
25967 37585
25530 27050
25530 48429
27050 25530
27050 48429
48429 25530
48429 27050
25536 38256
25539 44408
25545 47326
25546 16868
25546 48667
25566 30836
25571 48462
48462 25571
25577 10777
25601 27637
25602 7314
25609 37789
25609 49721
25612 6318
25614 3268
25615 36197
45422 27266
25621 43934
25623 31627
25623 44381
25624 15136
25624 19367
25624 27355
25633 9918
25641 2205
25648 17412
25650 7314
25659 28733
25676 26332
25677 36284
36284 25677
25680 39706
39706 49974
25682 36292
25687 2607
25689 8316
25692 2492
25697 45842
25699 29328
25700 31060
25700 42797
31060 6771
25701 10224
25707 10777
25710 32465
32465 25710
25711 5056
25711 40112
25728 34137
25729 31106
31106 25729
25737 2438
25752 24254
25752 25143
25752 32333
25755 31135
31135 25755
25758 35579
25762 36761
25765 33717
33717 25765
25772 25973
25787 43101
25792 11292
25793 19134
25798 31048
25798 33917
31048 33917
33917 31048
25809 33556
25809 49726
25820 47704
47704 25820
25830 1197
25831 17206
25831 39722
39722 17206
39722 25831
25837 48646
25838 5407
25839 48729
25840 47355
25842 11780
25847 43456
25848 5407
25848 25902
25850 32163
25850 48888
25853 32437
25872 34552
34552 42635
25874 48099
28679 8226
28679 32597
28679 35952
28679 36919
25901 49820
49820 25901
25903 39804
25904 33755
33755 35742
33755 46101
25908 7315
25911 16210
25920 7314
25949 42374
42374 25949
25953 24068
25972 37156
25975 18433
25977 43073
25986 21682
25989 7314
25991 7314
25993 49583
25996 41909
25998 41833
25999 45425
26003 21682
26014 23265
26015 7314
26029 13896
26030 11538
26030 28588
26036 15580
26044 25717
26045 44594
26045 47385
44594 26045
44594 47385
47385 26045
47385 44594
39958 26048
26053 970
26053 19071
26053 36293
26056 47989
26058 47631
26085 16868
26101 30836
26113 7314
26123 22309
26125 26803
26125 41429
26135 43721
43721 26135
26145 14674
26148 1125
26148 1610
26148 2905
26148 14558
26174 20183
26176 4589
26176 14972
26182 27849
26193 49758
26196 4635
26196 29459
26200 5005
26200 15116
26204 7930
26210 41909
26215 10482
26216 24242
26221 48994
48994 26221
26230 36292
26237 36292
26248 106
26248 46965
26249 24066
26249 36197
26258 19581
26266 22007
26269 46951
46951 26269
26271 39298
26276 21747
26278 25937
33667 26279
26282 21682
26306 36623
26325 36436
26338 27059
26347 29893
26347 30935
29893 26347
29893 30935
30935 26347
30935 29893
28255 24463
28255 26350
26352 26678
26678 26352
26353 28628
26356 9533
26357 12237
26359 33904
26363 9207
26363 40166
40166 9207
26364 7557
26364 12097
26364 37799
26371 40871
26379 39182
39182 26379
26388 24201
26392 37397
26393 32163
26398 39205
39205 18194
39205 26398
26401 44334
44334 26401
26408 6211
26431 41909
26439 49393
26459 21682
33822 26463
26464 6777
26472 22882
26476 44780
26479 8316
26500 30977
26509 31134
26510 8881
26510 23666
26519 280
26524 8316
26526 22227
26533 38958
26536 1826
26537 45425
26540 19149
26540 27974
26540 41284
26540 41554
41284 26540
41284 27974
41284 35839
41284 37462
26567 13176
26575 47525
26578 10021
26578 32163
26585 47322
26610 45437
45437 26610
26611 1538
26612 18888
26620 41909
26633 9297
26643 11015
26656 41909
26659 36292
26663 23747
26670 43637
26674 44040
26677 39046
26680 41660
41660 26680
26682 2593
26682 33438
26683 37068
37068 26683
26689 19403
26697 36430
26697 48099
26698 9810
26707 8316
26708 27616
26709 23211
26718 32163
26718 43145
26718 48888
43145 26718
43145 32163
43145 48888
26735 5683
26735 49234
26739 861
26748 39947
26751 36292
26753 38872
38872 26753
26773 45425
26778 49096
26802 22128
26810 12750
41439 6224
41439 26815
26824 36955
26825 23299
26826 33021
26830 9533
26836 32397
32397 26836
32397 43167
26838 45526
45526 26838
26852 34258
26868 21682
26868 42063
42063 21682
26883 1673
26888 2937
26896 22416
26896 24189
26907 12429
26907 47478
26909 42012
26913 2714
26913 21362
26913 22210
26923 30541
26925 44991
26931 41909
40481 5202
26950 37816
37816 26950
26953 6843
26953 48561
26955 31134
26956 25880
26956 27413
26957 25632
26960 37912
37912 26960
26961 33112
26967 30956
26967 33071
26977 35317
26991 30936
30936 26991
26998 22227
27001 37283
27002 4352
27002 23642
27004 21872
27007 21893
27007 39924
27012 17412
27020 28249
28249 27020
27022 211
27028 28778
27035 45609
27038 30436
27041 48244
48244 27041
27046 42383
42383 27046
27052 15036
27053 10777
27058 45656
45656 27058
27066 41909
27076 12978
27076 17527
27101 47297
27105 5766
27105 7882
27105 21039
27112 30087
27112 47046
30087 27112
47046 27112
27115 5863
27115 36312
27124 48733
27126 46943
27128 24969
27144 30859
27147 10777
27149 5093
27165 6725
27171 3511
27171 47622
47622 3511
47622 27171
27172 12786
27175 33257
33257 27175
27179 48006
27191 1633
27191 23331
27229 15013
27229 35956
27253 11780
27256 32163
27267 7314
27267 35202
27276 45307
27280 30624
27284 35595
27284 38189
38189 35595
27288 23326
27288 40017
40017 23326
40017 27288
27293 35877
27294 37273
37273 27294
27312 37428
37428 27312
27325 31066
27329 280
27339 33579
33579 27339
27356 37472
27356 49624
37472 22128
27358 1826
27361 14354
27363 20733
27363 26469
27369 19912
27379 14361
27386 7314
27386 44267
44267 7314
44267 27386
27390 42716
27400 32163
27400 48888
27406 44470
44470 27406
27428 23005
27434 32163
27434 48888
27459 5005
27461 45075
45075 27461
27468 34524
27474 601
27481 34434
27481 43940
27483 34187
27483 36617
27484 26827
27489 13689
27493 10797
27493 20758
27502 40376
40376 27502
27510 20314
27541 7314
27544 1532
27555 27146
27575 9079
27577 35239
27584 37602
27587 31184
31184 27587
27590 24605
27590 34945
39043 27598
27604 9561
27604 49517
49517 9561
49517 27604
27611 23299
27612 48530
48530 27612
27622 3388
27622 43018
27624 35329
27639 28941
27644 19914
27650 32317
27653 13771
27659 21682
27660 5851
27665 29833
27665 32459
29833 32459
29833 36292
27666 31828
31828 27666
27673 30837
27688 27913
27697 11540
27697 18400
27697 19355
27698 3038
27698 20922
27705 45179
27705 45391
27709 22554
27710 2027
27713 12202
27713 47157
27718 32295
27719 39174
27725 15693
27728 27010
27730 31124
27734 836
27737 11639
27741 8748
27741 12765
27741 31867
27741 34012
27743 7314
27749 7314
27751 36292
27754 21682
27778 38978
27797 11038
27797 42603
27803 31189
31189 29244
31189 41751
27816 42798
27824 31180
27826 29988
27826 38006
29988 27826
29988 38006
38006 27826
38006 29988
27842 31305
27842 39473
27846 13825
27861 49021
27881 2630
27881 25112
27881 33370
27889 21440
27890 8197
27898 13620
27898 31893
27899 19374
27903 43983
43983 27903
43983 34246
27910 14752
27940 1532
27941 1546
27941 7796
27942 7314
27956 32163
27960 8316
27968 3679
27976 41390
27976 46387
41390 27976
41390 46387
46387 27976
46387 41390
27981 32154
32154 27981
27986 23526
27989 41433
28000 30201
28000 42113
30201 42113
28009 42760
28011 6500
28011 7314
31524 18521
31524 28017
28020 21260
28020 23749
28020 32719
28020 40569
28021 9533
28037 7314
28038 26933
28058 41433
28075 34049
28076 21682
28083 28123
28083 48634
28088 11398
28088 13528
28094 47355
28105 35360
28105 44265
44265 28105
28115 47601
28118 24689
28119 30842
28128 40272
28135 35569
35569 28135
28140 45206
28143 29467
29467 28143
28145 1068
28146 3611
28163 46330
28172 3679
28173 45567
45567 28173
28174 48976
28178 28176
28195 46005
28206 19374
28207 44759
44759 28207
28209 11566
28218 4347
28218 14138
28223 16880
28223 35976
28223 40654
28226 18290
28228 710
28228 22528
28228 43918
28247 48290
48290 43609
28254 4547
28268 49886
49886 28268
28282 18310
28282 41909
28286 44820
28289 43476
43476 28289
28296 41809
28298 22942
28298 27819
28302 49462
49462 28302
28306 30836
28316 46273
46273 28316
28317 13710
28328 21682
28345 21682
28358 17941
33361 28365
28368 5113
28368 8978
28375 3249
28377 5544
28389 12702
28391 44804
28395 25968
28395 46986
46986 25968
46986 28395
28396 18646
28411 45027
28418 10577
28420 21682
28425 43792
28442 6567
28444 19354
28444 40033
28444 42009
42009 19354
42009 28444
42009 40033
28445 49194
28447 7314
28447 15121
28447 15564
28447 41538
28452 35960
28453 44057
28456 6018
28459 48733
28472 48028
48028 28472
28475 24080
28477 15046
28487 32163
28494 3515
28494 10777
28494 44914
28503 27745
28503 36663
28508 30367
28513 29922
28513 30837
29922 30837
28521 3289
28530 20567
28535 44270
28536 5314
28540 36292
28546 6668
28548 6305
28561 38094
28561 40698
40698 28561
28568 32380
32380 28568
28572 9135
28582 33764
28582 46760
28582 47167
33764 28582
33764 47167
46760 47167
47167 46760
28584 4627
28609 1536
28645 8177
28645 36292
28675 46434
28681 6236
28682 48106
28684 5145
28684 11700
28684 38624
28688 40162
28698 47083
28702 7539
28704 41333
28709 32163
28709 48888
28719 41909
28731 33198
28734 409
28745 15356
28745 39805
28751 18935
28760 36596
28773 30643
28773 49304
30643 28773
28807 8261
28809 26294
28814 45956
45956 28814
28816 30233
30233 37178
28818 9933
28822 37196
28822 49034
28827 47937
28828 18153
28829 26048
28831 11832
28831 40709
28837 7539
28838 25759
28840 32163
28840 48888
28849 7314
28866 45075
28873 16868
28877 8337
28890 18311
28892 3302
28892 36118
36118 3302
36118 28892
28895 46237
28905 31091
28908 10074
28908 43587
28909 39364
28918 33129
28929 43734
28936 10979
28954 44572
28957 25711
28966 46474
28967 39509
39509 28967
28973 20189
28981 41433
28985 19036
28986 49430
49430 28986
28991 34825
34825 28991
28994 42693
42693 28994
29003 4763
29017 539
29017 2531
45536 29022
29026 13298
29031 5330
29035 10261
29036 2630
29036 25112
29036 33370
29040 37210
37210 29040
29042 16280
29042 19306
29047 48348
29063 31503
29086 1285
29086 28663
29086 32734
29090 49825
29091 9533
29095 44970
29096 46531
29100 10394
43020 29110
29115 10777
29120 10587
29128 7699
29133 34229
29138 39049
29142 45616
29149 12108
29149 38359
29159 33257
29161 8011
29163 23422
29168 48733
29174 41485
29174 45230
29174 48346
41485 45230
41485 48346
45230 41485
45230 48346
48346 41485
48346 45230
29211 35137
29211 49958
29218 22961
29218 49715
29220 44783
29224 36292
29225 23526
29227 14048
29229 16540
29231 49962
29244 31189
29250 17667
29250 20846
29250 47387
29251 30885
29257 27263
29259 1536
29261 13065
29261 21586
29264 43792
29266 1532
29277 21682
29291 21081
29300 1826
29300 2140
29324 2028
29324 21682
29327 32163
29339 39466
39466 29339
29351 16868
29360 9883
29360 22007
29362 12222
29365 21452
29370 32163
29371 22050
29373 6002
29375 34784
34784 29375
29384 21140
29385 17415
29385 34113
29389 40818
40818 29389
29393 21682
29402 28061
29409 18064
29412 6784
29421 32388
29421 34604
32388 34604
34604 32388
29428 34515
34515 29428
29441 33098
29463 23757
29477 33381
29482 42195
42195 29482
29495 5889
29511 35506
29511 41383
35506 29511
35506 41383
41383 29511
41383 35506
29516 21123
29524 7419
29525 23495
29527 4993
29542 7314
29546 0
29550 6676
29550 26566
29557 27600
29560 41427
41427 29560
29562 35964
29564 14469
29567 1655
29572 12435
29572 44688
29579 13089
29580 32383
29582 35676
35676 29582
29593 25386
29598 49766
49766 29598
29621 9259
29622 6236
29623 36601
29639 718
29639 36292
29642 20718
29642 30837
29643 5575
29643 42184
29647 29623
29647 36601
29655 18206
29655 24434
29655 32386
29656 19547
29668 12304
29672 7314
29688 4592
29688 8655
29688 9461
29688 16218
29688 21609
29688 37813
29691 32163
29695 42826
29696 8197
29698 43769
43769 29698
29699 33194
29713 30836
29714 18877
29719 31765
29719 47376
29724 30584
30584 29724
29725 38937
29728 48489
29732 3349
29732 20692
29732 23491
33869 3022
33869 32471
29742 7314
29753 23747
29754 25808
29756 41914
29764 19983
29777 12519
29779 37238
29781 39496
39496 29781
29784 15229
29785 5107
29785 13219
29788 30998
29788 36009
30998 29788
36009 29788
29789 43279
29801 8779
29805 49658
49658 29805
29822 4560
29829 34823
29831 16414
29831 16868
29832 45425
29834 26767
29848 42778
29850 17184
29850 39369
29850 49496
29854 24432
29863 16210
29866 3623
29866 28622
29866 46634
46634 29866
29872 8648
29876 23526
29880 38939
29885 33073
29885 33854
33854 10932
29887 37399
37399 29887
29892 35266
29894 753
29894 8886
29894 10922
29894 11410
29899 31298
31298 29899
29905 45254
45254 29905
29926 31460
31460 29926
29944 22050
29947 22793
29955 1673
29955 45798
45798 1673
45798 29955
29974 32785
29974 38334
38334 29974
38334 32785
29981 36292
29983 30098
30098 29983
29984 36197
29995 6784
30005 24449
30009 23526
30012 45810
30035 42892
30037 30837
30058 19045
30058 32655
30058 39152
30062 49649
30069 34280
34280 30069
30078 38125
30082 40142
40142 30082
32280 5740
30088 31181
30111 32718
30116 19548
30132 1536
30133 6236
30138 17778
30138 33472
30155 9249
30159 943
30168 38703
30172 8011
30174 38893
38893 30174
30186 34713
34713 30186
30193 48088
30196 3699
30196 23223
30204 20612
30205 13383
30212 15465
30212 16451
30217 10577
30221 42029
42029 30221
30232 1945
30232 9581
30232 18013
37178 30233
30235 15229
30245 37179
30247 39313
39313 30247
30255 14672
30263 47520
47520 30263
30266 25812
30281 0
30281 11342
30285 32785
30306 22741
30316 37700
30317 39456
39456 30317
30332 49415
49415 30332
30345 44092
30346 12115
30350 35994
30363 16609
30377 33834
33834 30377
30389 20808
30391 1826
30394 36729
30398 2483
30400 34398
30419 4117
30430 18197
30435 4355
30441 1500
30444 2593
30444 17403
30444 33438
30444 48213
30444 48288
48288 2593
48288 17403
48288 33438
30445 43133
43133 30445
30449 23526
30454 47978
30484 37863
30484 41475
41475 30484
30494 21682
30507 17569
30512 18408
30517 7314
30526 13149
30526 20217
30545 30309
30553 33031
33031 30553
30558 4763
30560 8653
30563 827
30563 32163
30565 40562
30573 48643
30578 38754
38754 30578
30587 11780
30587 42370
30589 31746
30591 35579
30609 43533
30620 38839
30633 24071
30637 24788
30638 21723
30638 34312
30645 28022
30650 19989
30656 827
30656 10901
30656 32163
30658 43433
30672 2917
30691 9566
30698 38703
30701 11398
30701 13528
30702 43581
43581 30702
30713 12304
30731 23524
30732 11092
30744 1840
30753 14897
30765 4626
30773 46970
46970 30773
30778 15229
30779 301
30779 6092
30779 42894
30786 11058
30786 41909
30786 45122
45122 41909
30792 33293
33293 30792
30802 19277
30805 17723
30823 12304
30834 7531
30845 35960
30858 11658
30858 11798
30863 14694
30866 30837
30870 25617
30870 42798
30876 17778
30876 33472
48293 12537
30891 26504
30897 15883
30901 19043
30902 34431
30911 4114
30911 15736
30914 3435
30930 41909
32167 3035
32167 30941
30947 14672
30950 26780
30963 1858
30963 35954
30963 36946
30963 42144
36946 35954
36946 42144
30969 32163
30969 48888
30984 3097
30988 14672
31012 42636
31023 25245
31023 41909
31025 37787
31030 8645
31036 14674
31039 7314
31041 9678
31042 32163
31042 48888
31050 35649
35649 31050
31064 13070
31067 10333
31067 25292
31071 24698
31078 4864
31080 17412
31081 23526
31082 44510
31089 34410
31090 15980
31095 32163
31095 48888
31112 30941
31114 9310
31114 34185
31116 1847
31129 43792
31131 32163
31131 48888
31139 43554
43554 31139
31147 1656
31154 41909
31165 34203
31178 3791
31178 4627
31178 19453
31179 980
31179 11689
31179 48752
31182 31505
31505 31182
41751 31189
31194 614
31194 37214
31194 43437
43437 15965
43437 39347
31197 1304
31199 2920
31199 14578
31199 40150
31200 29053
31211 48414
31213 24105
31213 39054
31213 40877
31215 44196
44196 31215
31217 15558
31217 49127
49127 15558
49127 31217
31229 5889
31232 32265
32265 31232
31235 32163
31235 48888
31241 27983
31250 45912
45912 31250
31259 15263
31259 32163
31259 39309
31259 48888
39309 15263
39309 31259
39309 32163
39309 48888
31275 33645
31284 35860
31292 8316
31299 3794
31299 48976
31300 0
31300 11342
31300 38716
31302 16540
31303 12756
31308 38139
31308 48498
31319 11892
31326 19099
31329 3512
31337 10622
31337 47940
47940 28820
31339 46779
46779 31339
31343 47641
47641 31343
31352 36292
31364 16603
31366 23626
31366 45498
31378 165
31381 42336
42336 31381
31385 34411
31396 7314
31408 15884
31412 39364
31414 12887
31414 15048
31414 27748
31419 46236
46236 35900
31428 47718
47718 31428
31432 35996
31454 29045
31454 37740
31454 46190
31456 183
31470 34049
31485 718
31485 36292
31486 16062
31509 49197
49197 31509
31512 42576
42576 31512
31513 48196
31521 41910
41910 31521
31522 4649
31534 7931
31538 24593
37057 41839
31543 41715
31547 35820
31557 39519
31562 1536
31569 6002
31581 3219
31582 23422
31582 29163
31586 18655
31598 31108
31601 41909
31614 36292
31617 34849
31618 4547
31620 33194
49424 31622
49424 47900
31623 10777
31626 8316
31628 10781
31628 33998
31631 38702
31634 8316
31640 1165
31641 16545
31641 41909
31643 18247
31646 3526
31661 4899
31662 40033
31662 42271
42271 31662
42271 40033
31668 9533
31673 14054
31673 30662
31681 1532
31686 44570
31688 1536
31692 41909
31695 30846
31695 38725
38725 30846
38725 31695
31700 6236
31710 37155
31711 45425
31725 8746
31728 21682
31728 43110
31735 7314
31742 18545
31749 41909
31754 36292
31758 11780
31760 8650
31760 14479
31761 47379
31762 34213
31778 32207
31788 32701
31791 1657
31791 18974
31791 44898
31796 16804
31813 42310
31813 45031
31814 32959
31819 8316
31821 7314
31821 36266
36266 7314
36266 31821
31840 12437
31844 33198
31860 16506
31860 41213
31864 44697
31871 22766
31872 40052
31874 41914
31875 33923
31889 20010
31890 48899
48899 31890
31898 49948
31921 31180
31923 8955
31924 7314
31934 41909
31939 37516
37516 31939
31960 43115
31962 9791
31962 39151
31965 4131
31969 11663
31969 13189
31971 22007
31972 32932
32932 31972
31993 8756
31997 8735
32010 41909
32012 36349
32019 43121
43121 32019
32021 38188
38188 32021
32026 40996
32053 5623
32055 4625
32062 44618
32063 18408
32074 16545
32074 41909
32084 6236
32087 37702
32095 3388
32095 43018
32097 3919
32104 11498
32109 36735
32113 14499
32119 41936
32127 31746
32128 29778
32137 35066
35066 13723
32139 21682
32143 31765
32143 47376
32146 28688
32146 40162
32155 12016
32160 37227
37227 32160
34291 27256
34291 32163
32181 47468
32182 23086
32182 46219
46219 23086
46219 32182
32185 12950
32195 21682
32214 6805
32216 32163
32216 48888
32218 7314
32218 44083
44083 7314
32245 30837
32248 7314
32249 3054
32250 35323
35323 32250
32258 15545
32264 4106
32264 23490
32279 1422
32282 14674
32288 43633
43633 32288
32308 18889
32308 21848
32312 39822
32312 47425
47425 39822
32319 44441
44441 32319
32320 2510
32323 42136
32326 41909
32327 32544
32544 32327
32328 7314
32331 3180
32340 3611
32342 13771
32347 31180
32370 36482
36482 32370
32371 24304
32378 3606
32402 42170
42170 32402
32404 7314
32406 12958
32406 39715
32407 22748
32411 33665
32414 6131
32420 32163
32425 5776
32425 8670
32426 6771
32427 513
32427 22208
32427 42443
32436 40617
32436 46807
32446 46170
32451 8385
32452 31981
32452 43902
43902 31981
43902 32452
32461 27618
32474 3669
32484 33194
32485 32088
32494 4763
32496 17875
32500 13177
32512 40158
32514 9533
32523 45315
32550 36628
36628 19470
32551 9714
32551 27281
32557 7314
32583 22128
32593 942
32595 40646
32602 43342
32608 32163
32608 48888
32610 45710
32614 27580
32633 5023
32633 39185
32634 45259
32638 42357
32638 47040
32654 4635
32654 29459
32666 23211
32671 43513
32676 8177
32676 36292
32677 33082
32679 13179
32684 16545
32684 41909
32697 21683
32715 40458
40458 32715
32738 7153
32738 45902
45902 7153
45902 32738
32746 41214
32751 4478
32760 211
32760 32163
32793 48068
32794 15174
32796 6885
32799 44141
44141 32799
32800 36292
32800 39249
39249 5201
39249 7314
39249 18635
39249 21682
39249 23211
39249 30965
39249 32163
39249 32800
39249 41909
32805 11328
32806 48846
48846 5208
48846 48096
32807 1501
32807 8540
32807 21707
32807 42777
32807 47580
32808 32270
32810 39922
39922 32810
32812 8837
32824 10798
32824 39387
32827 46634
32830 41909
32855 43601
32868 21369
32876 28842
32877 44787
44787 32877
32893 31627
32893 44381
32898 29434
32899 43828
32904 41097
32904 46316
41097 32904
41097 46316
32914 7314
32926 20845
32930 8650
32936 6111
32942 1406
32945 33219
32948 32735
32953 7539
32958 34438
34438 32958
32969 11684
32970 35877
32970 40406
40406 32970
40406 35877
32979 21682
32979 36886
36886 21682
36886 32979
32980 45425
32995 38817
32997 13564
32997 47578
47578 13564
47578 32997
33011 14897
33029 20094
33039 15345
33044 7314
33050 32163
33063 28080
33068 3054
33081 48733
33094 48691
33097 18394
33102 41909
33104 5314
33116 28124
33130 3170
33130 20514
33134 39304
33136 32163
33136 48888
33139 9933
33142 26067
33142 36699
36699 26067
36699 33142
33159 8183
33159 11292
33159 24955
33159 25792
33173 18299
33178 32163
33193 45497
33202 7319
33205 711
33210 23518
33218 4562
33229 7970
33231 24066
33231 36197
33238 12482
33238 20638
33241 30474
33242 9980
33252 32163
33252 47823
33252 48888
33255 38508
38508 33255
33256 16202
33256 39486
33267 3054
33267 47020
47020 3054
47020 33267
33275 31606
33296 7314
33300 45425
33302 18408
33302 45800
45800 18408
33322 13996
33322 32163
33322 33185
33322 39682
33323 17667
33326 33999
33327 19352
33332 9885
33335 9889
33335 49087
33336 36292
33336 40124
40124 33336
33341 33770
33344 4898
33344 7575
33349 26269
33349 46951
33357 10148
33363 36197
33366 30638
33366 34312
33367 37406
33367 46347
46347 33367
33371 22393
33378 32163
33378 47823
33389 36602
33404 1586
33404 24154
33404 49987
33406 36292
33407 14393
33411 36369
36369 33411
33412 19374
33418 8127
33420 16545
33424 4129
33424 36197
33425 44538
33439 26705
33444 23303
33445 43511
43511 33445
33447 14393
33460 5314
33462 16974
33470 14244
33470 40256
33481 27154
33485 2755
33496 7190
33508 48679
48679 33508
33523 16868
33523 48667
33530 49249
49249 33530
33546 15891
33546 29981
33546 36292
33547 47493
33549 8320
33550 6084
33555 36292
33555 41306
41306 33555
41306 36292
33559 36712
33559 42797
33559 47048
36712 33559
36712 42797
36712 47048
47048 36712
47048 42797
33564 31134
33581 46246
33583 2865
33583 41909
33584 18314
33595 29601
33598 15505
33598 45564
33601 1225
33611 10971
33614 33605
33627 33819
33630 21149
33642 13892
33647 46928
46928 33647
33657 21858
33659 6013
33670 41951
41951 33670
33671 40777
33676 18520
33676 34215
33684 32163
33684 48888
33686 21433
33688 41909
33689 48906
48906 35538
33692 9933
33693 44522
44522 33693
33696 38246
33703 29474
33704 5577
33705 49488
49488 33705
33713 46077
33728 19565
33741 23198
33752 46649
35742 33755
35742 48867
33758 28900
33763 20819
33772 32600
33776 35763
33782 32163
33782 36863
36863 32163
33789 33999
33793 4398
33795 3919
33797 10777
33801 14055
33808 9384
33827 36292
33829 183
33838 43792
33840 32959
33848 4635
33848 29459
33855 8735
33858 47650
47650 33858
33861 42529
33878 26428
33879 45201
33886 46091
33888 12202
33888 47157
33895 38422
33895 47215
38422 47215
33897 39364
33902 39364
33906 8316
33913 7232
33915 40265
33915 49522
49522 33915
49522 40265
33916 15256
33921 13408
33924 32955
33928 16682
33928 28129
33928 49105
33936 41710
41710 33936
33940 32163
33947 23089
33953 33257
33954 43792
33968 36292
33971 32882
33985 11332
33994 15906
33995 28460
33995 35242
34001 32268
34008 10707
36759 34011
36759 45872
34023 11012
34024 38665
34033 41909
34044 46480
46480 34044
34054 40806
34057 41434
34063 48983
34069 7314
34072 31765
34072 47376
34073 26031
34074 26324
34075 14181
34086 21682
34105 29433
34106 21026
34120 37269
34124 4625
34124 35043
35043 11136
34129 43268
34136 8641
34147 46670
34147 49671
46670 34147
46670 49671
49671 34147
34158 28123
34158 40822
40822 28123
34161 21682
34171 16332
34197 15259
34198 14674
34199 38789
34199 43833
34205 8316
34205 34327
34327 8316
34211 18447
34218 46770
46770 34218
34220 20846
34220 47387
34221 3919
34225 44171
34234 49234
34238 8989
34244 8997
34246 43983
34266 20124
34266 32163
34267 27924
34270 30829
34281 14672
34284 40291
34284 41011
40291 41011
41011 40291
34292 42903
34297 37473
37473 34297
34310 13179
34315 15259
34315 37388
37388 8553
37388 15259
34320 40982
34321 28244
34325 16981
34328 27146
34339 48487
34341 35786
34341 40033
35786 40033
34348 36683
34350 32163
34353 33112
34359 3054
34361 28733
34367 36121
36121 34367
34370 4027
34370 47954
34380 3173
34381 20612
34383 41909
34388 13892
34401 36074
34407 45080
45080 34407
34420 1615
34423 1304
34425 33888
34425 47157
34432 44668
34439 41909
34440 42377
42377 34440
34446 49693
34447 14672
34448 36292
34453 43967
43967 34453
34455 37959
34456 9566
34456 47837
34460 41714
41714 34460
34462 2540
34462 25841
34466 13237
34470 14190
49889 322
49889 32163
49889 34472
34482 22128
34482 37472
34492 11015
34504 31180
34506 22737
34513 7847
34521 942
34525 23856
34533 13809
34536 29251
34536 30885
34542 37801
34542 41307
37801 34542
37801 41307
41307 34542
41307 37801
34545 32163
42635 34552
34554 39532
39532 34554
34567 7314
34568 4274
34569 32163
34569 48888
34572 32916
34579 41909
34582 41123
34594 36292
34595 31968
42340 2522
34627 42114
34641 10975
34641 38775
34646 16232
34651 44668
34654 12979
34657 30118
34662 41909
34667 36270
34671 25267
34677 14672
34678 3497
34690 7314
34697 49583
34700 10639
34701 42680
34712 1068
34721 9244
34724 36292
34732 12079
34739 30332
34739 49415
34742 39565
34745 36822
34753 10777
34756 38966
34765 42606
42606 21
34766 29106
34770 47288
34792 4338
34792 48454
34796 29666
34810 47140
34831 15593
34877 36543
34884 32163
34884 48888
34891 8329
34891 13073
34891 42758
34897 40679
34909 24177
34910 21682
34916 3672
34921 12613
34924 21359
34932 41227
34941 23086
34944 35554
35554 34944
34948 44327
44327 16165
44327 27441
34949 45086
34958 32825
34964 4547
34973 13809
34973 22978
34974 27263
34975 20205
34979 35136
35136 34979
34984 41190
34986 7131
34998 40402
35003 7738
35003 18584
35003 47431
35006 49995
35031 14750
35036 44367
44367 35036
35042 45312
45312 35042
35044 12311
35044 43100
35044 43426
35048 37783
37783 35048
35054 49273
35056 3693
35062 35139
35062 49937
35139 35062
35139 49937
49937 35062
49937 35139
35064 29236
35069 32163
35069 35447
35447 32163
35447 40449
35083 48538
35087 40150
35092 41909
35105 6506
35131 7435
35153 46314
35161 8350
35173 14672
35176 35380
35177 32920
35178 19914
35182 43963
35187 32163
35187 47823
35187 48888
35203 36787
35209 43946
35213 36292
35221 5314
35226 16545
35226 41909
40666 35230
46848 35230
35235 36197
35237 26672
35243 36069
35243 36292
35243 43091
36069 43091
43091 36069
35260 4547
35263 7539
35278 5108
35280 1155
35280 8197
35290 35905
35905 31258
35905 35290
35306 21682
35322 40515
35334 13505
35349 18512
35351 7321
35353 15256
35354 23079
35354 40474
35354 44068
44068 40474
35355 36197
35356 37909
35364 19455
35365 27093
35367 6236
35372 36477
35374 37156
35382 10485
35382 34558
35382 35578
35389 7560
35397 11789
35397 31968
35408 2912
35415 8881
35415 23666
35419 42529
35424 5820
35439 17547
35439 47927
35442 30085
35445 41190
40449 35447
35448 13929
35451 36208
35453 2874
35453 5133
49108 34973
35462 28774
35464 41321
35470 14672
35476 45821
45821 35868
45821 41928
35477 3508
35482 20494
35486 30145
35490 1536
35494 41123
35498 37558
35498 45590
37558 45590
45590 37558
35499 21640
35502 25245
35502 41909
35503 23899
35518 2406
35520 12843
35523 1532
35527 16930
35542 12946
35549 47528
35559 19564
35562 31878
35572 24688
35574 40675
40675 35574
35580 41798
41798 35580
35604 36447
35604 49706
35619 32821
35623 9965
35628 35576
35630 21682
35641 10482
35653 17785
35656 7314
35663 4630
35666 19066
35672 31532
35673 17531
35674 38939
35679 4027
35679 29679
35680 10941
35680 21182
35685 6231
35691 7134
35691 22213
35691 36508
35699 20344
35704 1583
35704 5713
35704 12906
35704 43077
35708 22982
35713 13874
35716 7314
35731 10112
35734 8659
35743 45722
35746 34431
35760 13689
35760 21816
35760 31766
35762 18408
35769 4547
35774 3807
35774 26360
35774 42354
35775 8316
35778 24344
35779 4678
35779 5786
35779 20747
35780 23742
35780 27583
35781 26047
35785 46747
35789 15203
35789 38912
35792 33499
35793 14672
35796 38368
38368 35796
35808 8317
35809 46000
46000 35809
35823 21682
35827 45425
35830 17894
35839 27974
35847 34682
35853 17779
35853 22751
35861 17412
35867 24483
35885 331
35893 33288
35898 977
35898 20654
35898 34349
35899 6111
35902 41909
35914 20543
35917 3623
35931 16868
43839 35954
35962 20888
35962 41498
35972 26290
35979 7311
35983 48414
35984 23526
35986 6236
36023 39242
36023 44749
39242 36023
39242 44749
44749 36023
44749 39242
36028 29778
36034 12682
36036 25655
36037 21682
36039 38999
36040 40975
36046 43456
36048 32163
36073 15531
36076 5765
36079 23199
36084 24185
36085 39144
36090 42421
36094 46173
46173 36094
36100 6771
36106 42244
36106 47708
47708 42244
36110 2366
36110 4861
36123 31539
36124 31525
36125 29434
36136 19652
36144 39866
36148 32163
36148 48888
36153 46746
36155 19043
36158 36873
36178 7531
36191 7314
36194 47297
36196 19915
36220 8316
48549 36243
48549 49944
49944 25746
49944 36243
36252 7314
36257 48538
36261 43574
43574 31968
36276 41909
36280 36623
36287 7314
36299 7314
36331 6084
36342 36982
36358 17715
36364 45425
36372 22227
36378 34876
36379 29434
36379 32898
36384 41909
36397 10222
36397 28761
36400 13809
36401 15005
36406 21682
36414 19896
36414 34863
36415 40272
36422 11033
36444 43792
36445 31771
36445 44094
44094 31771
36454 27917
36457 44039
36461 5052
36461 14537
36461 21135
36473 27449
36475 23422
36475 44541
44541 23422
44541 36475
36491 44572
44403 36493
44403 36953
36494 23299
36507 13719
36511 27362
36520 4874
36520 33557
36522 22138
36524 26355
36530 23611
36530 40236
36532 26173
36539 44972
36540 6603
36547 45970
36559 7314
36561 8735
36565 45425
36567 13996
36567 32163
36567 33185
36567 39682
36568 23005
36580 14674
36586 15090
36616 9805
36625 5864
36635 5208
36635 48096
36639 22596
36644 3759
36644 10025
36644 14261
36646 45391
36647 27521
36647 44869
36651 10639
36651 47438
36664 12910
36676 8454
36682 20321
36689 409
36690 10333
36692 7314
36698 48909
36711 39364
36714 15231
36714 31515
36719 34187
36722 11761
36730 384
36730 42600
42600 384
42600 36730
36740 14672
36742 4027
36742 9533
36743 1536
36746 24446
36746 32076
36746 38706
38706 24446
36747 3392
36748 7117
36748 36292
36758 3937
45872 34011
45872 36759
36767 20103
36770 32163
36770 48888
36788 49062
36791 9810
36793 34570
36796 41063
36798 9662
36799 41958
36801 29545
36811 16332
36819 49297
49297 36819
36838 37780
37780 13688
36845 36847
36847 36845
36851 20951
36852 32163
36852 47531
36852 48888
47531 32163
47531 48888
36855 6117
36875 49120
36877 22310
36887 45425
36910 17590
36918 38789
38168 36923
44209 13734
44209 36927
44209 41909
36928 17412
36929 182
36935 17412
36936 7563
36950 16545
36950 41909
36956 8345
36956 43017
36966 16868
36979 17547
36979 47927
36998 1588
37001 22231
37004 28759
37004 39934
39934 28759
37013 47888
37019 732
37020 47190
47190 37020
37042 41321
37048 18509
37054 9111
37062 32163
37062 48888
37063 32163
37063 48888
37065 22899
37080 44530
37096 45425
37103 45201
39578 37136
37143 22336
37145 25162
37145 31216
37150 34735
37152 31528
37164 20718
37164 30837
37167 23858
37168 43011
43011 37168
37176 12115
37188 39963
39963 37188
37191 2439
37192 1826
37209 2107
37209 3765
37215 41909
37226 45593
37228 7235
37239 71
37239 20072
37239 31503
37243 41909
37247 36900
37256 41909
37262 1298
37262 7124
37266 39911
39911 37266
37270 13177
37270 14235
37270 49951
37275 18135
37275 32163
37278 16983
37278 37904
37278 41537
37904 41537
37279 17293
37288 44972
37292 49629
37310 29805
37310 49658
37318 20742
37322 16868
37322 33523
37322 48667
37328 17806
37334 32449
37345 23526
37365 31627
37365 44381
37368 8435
37368 13685
37368 27581
37377 14011
37384 24562
37384 32163
37384 34291
37384 48888
37387 48115
37391 34945
37393 46968
37395 45202
45202 37395
37411 9207
37412 11401
37414 2863
37417 10471
37424 7314
37434 23911
37435 46932
37440 943
37446 38650
37447 32702
37447 37790
37457 21682
37460 22909
37462 27974
37462 41284
37476 7658
37481 18646
37485 16200
37490 41909
37490 45524
45524 37490
45524 41909
37492 3170
37492 20514
37498 9533
37499 6433
37509 48754
37512 1067
37515 36754
37533 1593
37534 23684
37538 28220
37548 29299
37549 7314
37569 31180
37583 44481
44481 37583
37589 19571
37591 10577
37596 11469
37599 23199
37604 18104
37604 27082
37608 14186
37612 37714
37618 6236
37618 10035
37638 41909
37641 10778
37674 14227
37683 42940
37685 41909
37686 38135
37686 43980
37690 43226
37697 37924
37705 21517
37720 6328
37729 1536
37731 35095
37733 15178
37733 39644
37734 23810
37739 16507
37742 12399
37742 39771
37756 18816
37764 39066
37767 45425
37782 25296
37788 33761
37792 37797
37797 37792
37798 43612
41565 7557
41565 12097
41565 37799
37803 36197
37823 43601
37843 41092
37845 15531
37852 37107
37854 1225
37861 9382
37865 18967
37870 7314
37882 43899
43899 37882
37899 33922
37907 359
37907 15752
37918 22007
37930 38618
37953 10609
37958 10777
37964 34632
37976 1293
37991 38453
37994 8628
37994 22538
37996 1406
37997 47995
38000 18415
38000 23520
38002 32163
38002 44041
44041 32163
38007 36164
38008 49029
38010 48983
38011 11018
38011 33321
38016 33757
38026 44061
38028 17667
38034 71
38045 32310
38047 15229
38049 32852
38049 32951
38050 31771
38068 39076
39076 38068
38069 42689
38069 49767
49767 38069
49767 42689
38075 31283
38095 49987
38103 26551
38109 30174
38109 38893
38110 8177
38110 36292
38111 7314
38117 17412
38145 32163
38153 27930
38155 34431
38156 32163
38156 48888
38157 32163
38157 47823
38158 8979
38161 45210
38179 3284
38180 6771
38187 27618
38202 31180
38206 36292
38209 36292
38211 31503
38211 40257
38228 43792
38236 17858
38257 12958
38265 15364
38265 16076
38265 28777
38265 41540
38266 33957
38276 23191
38279 47636
47636 38279
38282 32163
38282 48888
38287 41029
41029 38287
38290 41909
38293 17547
38293 47927
38304 19572
38304 41299
38308 40189
38308 41909
38309 5740
38309 18093
38309 20321
38309 33198
38315 47210
38323 36292
38337 211
38337 6546
38337 24563
38337 32163
38338 19039
38338 23306
38346 3679
38346 12334
38356 14596
38361 19466
38361 23526
38366 20757
38379 16868
38387 22252
38398 37909
38401 13432
38408 7620
38409 21682
38410 40041
40041 20506
38424 12334
38430 3054
38432 19546
38456 7314
38456 15121
38456 15564
38456 41538
38459 43423
38461 12108
38461 38359
38471 33757
38475 48208
38475 49409
48208 49409
38486 17778
38486 33472
38489 28330
38501 47609
38505 32163
38505 48888
38510 7131
38510 39404
39404 7131
39404 38510
38513 32163
38515 41909
38522 8969
38529 19623
38539 13710
38543 5669
38543 30010
38544 25632
38567 955
38570 35362
38575 1406
38586 36292
38587 7314
38589 13786
38604 3790
38605 5773
38605 32163
38605 48888
38606 49414
38613 11092
38636 41909
38639 31066
38644 14789
38646 16868
38654 7314
38658 5575
38658 42184
38659 1390
38664 24518
38664 42541
42541 24518
42541 38664
38670 21517
38672 47297
38692 23197
38714 10365
38714 46845
38717 44577
44577 38717
38720 41837
41837 38720
38734 11543
38758 38999
38761 31765
38761 42403
38761 47376
38771 19088
38786 43311
38787 23024
38787 34933
38791 5529
38791 16793
38791 19564
38791 34539
38791 35559
38807 11970
38819 9312
38821 5333
38823 1945
38823 9581
38823 18013
38823 36541
38829 15054
38830 8316
38833 49326
49326 38833
38834 31210
38838 18556
38841 6671
38845 12682
38845 20539
38845 28811
38848 1536
38850 10275
38853 17382
38859 894
38864 3376
38864 21458
38874 14294
38880 17412
38881 943
38886 49583
38901 24440
38901 29758
38915 49393
38923 1041
38923 4015
38923 43102
38931 10448
38931 47157
38934 21682
38936 17359
38945 16545
38945 41909
38954 5270
38957 12765
38957 18752
38957 31867
38957 34012
38959 8748
38959 12765
38959 31867
38959 34012
38959 38957
38970 9030
38982 43533
38991 28141
38995 47641
38996 32501
39007 23526
39009 48551
48551 39009
39013 22231
39020 6501
39024 44753
44753 39024
39034 34049
39038 43316
39041 36509
39048 8781
39059 33884
39059 47059
47059 33884
39067 7314
39069 36292
39069 44161
39071 43645
39077 41516
39082 25510
39090 23306
39092 19251
39102 19605
39114 21682
39118 49742
39119 36292
39128 21682
39135 23597
39136 12108
39136 38359
39139 31474
39158 18218
39163 43038
43038 39163
39166 23211
39171 23526
39172 20841
39173 7568
39184 46351
39189 31393
39206 39983
39983 39206
39983 42586
39207 29849
39217 29047
39222 40587
39222 47093
39223 36292
39223 41909
39229 33198
39233 12493
39239 30705
39239 35669
39247 6112
39247 30964
39247 40774
39262 46314
39266 46531
39281 4547
39287 40378
40378 39287
39294 5415
39294 29013
39300 2394
39300 6236
39305 20650
39307 15622
39307 43542
39314 48406
39316 41909
39328 9810
39335 16827
39343 36623
39348 16868
39356 41909
39371 1312
39372 36292
39379 32163
39379 48888
39380 45805
39381 17980
39385 8316
39388 9111
39392 19572
39392 41299
39394 39934
39408 47937
39410 49890
49890 39410
39416 49995
39430 43278
39434 30837
39437 6236
39446 16545
39446 41909
39451 19036
39471 9111
39472 38256
39481 16679
39481 43935
39484 44868
39491 27496
39497 47820
47820 39497
39499 8464
39505 42719
42719 39505
39506 23772
39508 2072
39511 17628
39515 32163
39518 48986
39524 40094
39526 35809
39537 7314
39545 9697
39548 38678
39554 37107
39555 28124
39556 36292
39567 28339
39577 38922
39577 45179
39581 11005
39581 16868
39591 35346
39591 44492
44492 2748
44492 35346
39592 16691
39602 9174
39605 47087
47087 39605
39606 43857
39613 9698
39618 3160
39619 49325
39629 23796
39647 943
39657 36292
39663 9053
39664 7314
39675 12992
39683 30640
46100 7215
46100 18614
46100 39685
39700 29877
39700 30475
39703 230
39703 22310
39703 44777
44777 22310
49974 39706
39710 7548
39712 44604
39723 20934
39730 17206
39749 41909
39775 45425
39777 41909
39778 38817
39782 49592
39791 4733
39795 45620
39815 753
39815 8886
39815 10922
39815 11410
39816 20406
39825 46522
39838 4990
39838 31518
39838 35071
39849 7314
39851 7314
39853 2822
39856 41448
39865 7770
39894 40958
40958 39894
39899 33819
39919 48985
39925 30837
39941 15936
39941 29593
39944 2922
46549 39946
39991 40770
40770 39991
40003 25759
40008 41620
40010 41331
40025 38937
40034 44377
44377 40034
40042 34527
40056 9678
40059 14247
40079 309
40086 32163
40093 27645
40093 49734
40097 38246
40103 46895
46895 40103
40107 21682
40115 17723
40129 18299
40131 8316
40134 5236
40140 9137
40140 11969
40140 19085
40140 19141
40140 19631
40141 33320
40154 37654
40157 15893
40159 196
40159 36832
40165 32163
40178 24784
40191 32163
40194 14052
40205 1886
40209 7699
40224 12957
40228 34993
40233 45425
40242 8545
40244 32163
40244 48888
40246 3501
40250 41909
40252 10903
47694 40256
40259 7314
40261 24316
40262 17544
40262 46655
40267 44972
40269 27252
40289 12778
40299 38336
40305 6426
40310 7003
40311 16446
40314 17569
40327 18016
40327 46646
40330 4898
40330 7575
40332 10224
40334 7896
40339 30707
40342 16545
40342 41909
40353 38826
40357 42012
40359 22227
40364 48290
40373 1189
40373 41909
40385 3726
40385 8316
40385 17445
40389 49339
40391 29433
40396 48746
40399 15566
40404 8316
40407 31900
40416 39364
40451 15569
40452 29323
40463 35960
40471 4247
40480 430
40480 49435
40489 39846
40491 41004
41004 40491
40495 44792
40497 10062
40498 34434
40498 43940
40501 32748
40504 4738
40506 31787
40530 37102
40534 21682
40539 5113
40539 44343
40539 44688
44343 40539
44343 44688
40547 45425
40568 49676
40575 7663
40576 32163
40576 47823
40576 48888
40579 2615
41481 39222
41481 40587
41481 47093
40588 23005
40610 33999
40622 41909
40641 1348
40641 16302
40641 48211
42616 32595
40661 36197
40674 49124
49124 40674
40682 32163
40685 43650
43650 40685
40699 49443
40711 41909
40720 17824
40720 19669
40723 13211
40736 7314
40736 26801
40739 32579
40741 29077
40758 1130
40758 2692
40758 8942
40758 19419
40767 29328
40769 32163
40771 12215
40771 41104
46997 40774
40786 7841
40794 42501
40796 48287
40797 5015
40797 17667
40801 1536
40802 9827
40803 15486
40820 49758
40826 4713
40834 9810
40836 21682
40844 8216
40852 32846
40861 47422
40867 7314
40868 24884
40870 8316
40880 8316
40889 7314
40891 9428
40894 5415
40894 46531
40897 12813
40902 29216
40910 280
40935 42960
40946 49096
40949 45425
40965 48099
40978 18500
40989 10440
40990 7010
40990 35664
40998 49319
41001 18362
41006 48646
41021 5833
41021 29066
41026 32163
41026 48888
41028 10573
41028 32709
41048 12202
41048 47157
41049 25746
41049 36243
41058 5339
41059 20045
41059 40315
41060 4009
41072 42806
41082 31180
41100 16358
47064 41109
41114 26355
41121 33214
41121 45818
41129 36495
41132 17773
41138 11780
41150 14935
41150 29278
41162 46076
46076 41162
41184 4547
41185 26448
41192 25406
41210 4448
41210 14014
41210 16985
41215 37472
41216 35759
41217 15798
41220 8316
41222 29681
41223 2912
41224 20747
41225 42798
41245 10925
41245 13509
41246 26279
41261 27162
41266 45132
45132 41266
41276 42848
42848 37136
42848 41276
41288 32388
41288 34604
41297 11639
41297 19352
41297 21684
41297 34440
41318 29125
41318 34219
41322 9810
41324 48414
41334 14672
41342 32983
41342 48137
41352 8881
41352 23666
41364 48915
48915 41364
41366 1285
41366 28663
41366 32734
41367 10948
41376 35004
41378 8316
41379 2214
41381 44639
44639 41381
41384 43792
41387 41909
41395 30836
41395 41405
41401 9810
41411 21976
41441 47271
47271 8319
41446 39049
41452 37456
41467 48541
41467 49241
49241 41467
49241 48541
41472 35954
41472 42144
41477 8058
41502 183
41506 36213
41507 45582
41508 23526
41535 28985
41564 12862
41573 1737
41573 8853
41579 28244
41580 11780
41580 48772
48772 11780
48772 41580
41581 29702
41581 34869
41586 3186
41586 16690
41592 30790
41615 6918
41637 10777
41656 10783
41656 14905
41663 47051
47051 41663
41665 32163
41671 40148
41689 14244
41689 40256
41701 8316
41706 2179
41706 23005
41738 6236
41740 41909
41743 41963
41749 36292
41753 6211
41772 38054
41777 7314
41778 45425
41800 45605
41806 35346
41812 14809
41812 43831
43831 14809
43831 41812
41813 10021
41813 32163
41816 7453
41818 22007
41828 8197
41829 36292
41830 8350
41835 630
41835 4372
41835 11684
41835 14032
41843 5894
41843 32296
41844 37719
41844 45547
41851 32163
41851 48888
41855 29778
41858 31746
41859 46478
41861 4999
41861 21474
41861 22588
41861 38808
41861 39884
41862 8545
41868 11443
41869 16332
41870 16628
41873 40465
41883 41201
41887 45425
41922 1532
41925 25882
41943 12750
41944 9094
41952 32163
41952 47823
41952 48888
41953 10777
41959 28364
41960 22255
41960 49335
41966 45752
41970 5005
41970 15116
41977 27453
41979 44125
41980 7314
41984 12498
41997 38819
42013 17982
42016 9703
42017 48106
42023 49960
49960 42023
42026 7679
42034 35650
42035 20870
42035 42504
42038 47690
42038 47988
47690 42038
47690 47988
42045 34434
42045 43940
42056 45110
42062 39642
42068 3647
42083 49446
42090 48546
48546 42090
42101 5626
42101 48977
42106 41909
42115 13374
42121 47988
42128 42236
42236 42128
42131 32163
42131 32181
42134 26279
42143 10672
42149 33194
42160 32163
42160 48888
42167 280
42177 32163
42182 21160
42216 6731
42233 33681
42239 20021
42240 14672
42247 6106
42261 4027
42261 14267
42263 1538
42263 26611
42270 26048
42293 20532
42297 41909
42305 47124
47124 42305
42321 7117
42321 36292
42322 1737
42322 8853
42325 32686
42345 2028
42345 21682
42356 7023
42358 44062
42359 13689
42359 21816
42359 31766
42359 49637
42363 4131
42391 3170
42391 20514
42392 32163
42392 48888
42393 42426
42394 24966
42405 46624
46624 42405
42414 16868
42422 21682
42432 23526
42433 4547
42435 33194
42446 42114
42459 510
42459 40848
42459 45288
42463 19149
42470 41297
42471 18425
42471 20303
42471 22007
42472 4547
42475 40188
42478 22007
42485 48730
42497 211
42524 40587
42524 47093
42531 15883
42534 49446
42539 36292
42560 49490
49490 42560
42566 6880
42569 22128
42575 36292
42596 42469
42601 18820
42605 14672
42607 43963
42607 45099
45099 42607
45099 43963
42608 31994
42617 32163
42623 20652
42637 47412
47412 42637
42648 28970
42648 47549
42661 22231
42677 28201
42681 25680
42681 39706
42690 45278
42692 47257
47257 30530
47257 42692
42699 31645
42701 39937
42704 20206
42722 22558
42728 5202
42733 27775
42735 7314
42751 48697
42759 5766
42759 21039
42763 280
42792 48271
42810 5911
42811 18642
42817 13372
42817 29552
42818 38608
42818 41002
42830 41909
42833 46626
42841 48976
42846 13861
42847 36292
42864 3191
42864 43655
43655 3191
43655 42864
42876 25841
42881 186
42881 15259
42889 22961
42889 49715
42900 16680
42905 24566
42905 26030
42911 3679
42930 32163
42930 48888
42933 32163
42933 47823
42933 48888
42938 23539
42939 14750
42954 5461
42975 25246
42978 12435
42979 17312
43005 42530
43007 5623
43014 18408
43015 14672
43025 47832
43037 9262
43042 22310
43043 49245
43044 44202
43048 5415
43056 43381
43075 40976
43075 48068
43098 36081
43103 29850
43127 49435
43136 2627
43138 32163
43144 3388
43144 43018
43154 45733
43160 31771
43161 43637
43164 39444
43165 41909
43213 6343
43218 36197
43219 7010
43219 35664
43225 7452
43225 34746
43227 48105
43230 2058
43235 46434
43237 8316
46391 43239
43240 15994
43255 42734
43257 49551
49551 43257
43264 4828
43264 15587
43270 35290
43270 35905
43281 16868
43292 43793
43793 43292
43305 31180
43320 32163
43321 36601
43321 48852
43321 48976
43327 30836
43341 13073
43347 3176
43347 13078
43347 33352
43348 48852
43362 17334
43373 578
43373 7609
43374 1532
43375 9716
43375 19169
43376 30837
43378 335
43378 9831
43387 26080
43398 32163
43408 16868
43410 32190
43410 33016
43415 40658
43417 9638
43427 827
43427 32163
43441 22007
43445 211
43445 35447
43448 39308
43467 26894
43470 16868
43475 41963
43485 41909
43492 18759
43492 21682
43493 41909
43497 4466
43509 20390
43510 24761
43510 35243
43520 2912
43521 24966
43523 18500
43524 18433
43535 30118
43539 36292
43544 22867
43544 26035
43544 41909
43559 18523
43568 31973
43577 41909
43578 7314
43594 718
43594 36292
43624 23306
43627 45288
43631 11321
43646 33112
43649 47493
43652 43971
43971 43652
43654 8316
43656 12744
43662 7314
43665 42388
43678 32163
43678 48888
43681 12744
43684 17723
43690 25212
43692 36683
43695 27097
43707 39137
43714 2823
43714 13791
43714 36402
43724 49622
43726 14113
43736 10797
43744 46330
43754 45973
43756 3483
43756 21682
43756 36557
43756 49560
43762 4689
43777 32163
43777 48888
43787 943
43820 7314
43825 2593
43825 33438
43834 48985
43852 17667
43852 35042
43858 18631
43858 32163
43858 47823
43858 48888
43861 21682
43865 8252
43881 43920
43920 43881
43883 5918
43883 6101
43890 45425
43892 23942
43912 4763
43914 44150
43921 13809
43921 22128
43921 35459
43925 23431
43929 0
43929 11342
43930 2613
43937 22548
43938 7131
43954 4483
43982 40461
43997 7314
43998 3180
44012 16910
44019 12202
44019 47157
44024 44985
44985 25708
44033 25841
44045 31293
44047 6236
44049 17905
44065 43317
44069 22786
44077 48001
44085 280
44090 34827
44096 14165
44096 32701
44099 8743
44099 23201
44099 33008
44100 48321
48321 44100
44104 31696
44106 11036
44149 20169
44154 7314
44158 17412
44165 23306
44167 7314
44167 18323
44183 22007
44188 31746
44190 14674
44198 36292
44210 47083
44213 32163
44213 48888
44219 41909
44225 5487
44230 17536
44241 49987
44251 34410
44262 43311
44276 17779
44281 42820
44287 7663
44290 718
44290 36292
44291 6111
44294 32258
44306 39194
44335 38188
44350 16664
44355 7314
44361 37982
44365 8545
44374 13836
44379 22310
44382 26807
44385 7771
44392 24689
44393 46437
46437 44393
44400 22007
44401 34020
44402 25801
44406 23541
44431 6366
44438 25632
44438 40050
44447 7607
44450 10577
44453 44688
44457 32141
44469 23005
44473 34849
44478 48489
44503 24307
44511 20612
44512 38612
44515 32163
44515 48888
44516 41909
44526 7314
44536 47977
47977 44536
44545 45425
44559 46769
44573 23308
44573 35555
44575 37493
44578 37911
44580 10781
44580 33998
44580 45621
45621 10781
45621 33998
45621 44580
44589 25338
44608 32163
44608 48888
44613 5448
44619 3435
44625 5578
44641 37450
44648 41909
44659 47343
47343 44659
44673 25600
44680 5623
44682 1915
44682 19160
44682 38457
44683 21682
44685 45425
44686 479
44686 36505
44686 45491
44689 8316
44715 41909
44729 17416
44729 26048
44737 25925
44754 38817
44760 43200
44765 42798
48193 27124
44779 37505
44782 13564
44806 32163
44806 48888
44808 3444
44810 30024
44825 8457
44825 31968
44825 39338
44828 14019
44828 14809
44844 41817
44873 36197
44876 14459
44876 18433
44877 23635
44880 35344
44883 23857
44885 36292
44895 18408
44899 27369
44906 280
44909 49845
44916 27946
44917 44977
44935 16868
44935 48667
44969 12304
44971 2607
44979 41909
44990 42341
44999 13603
44999 15607
44999 31687
45017 4928
45042 9113
45072 14690
45072 27715
45081 35539
45083 38831
45084 9810
45084 11243
45085 44985
45087 6771
45087 46754
46754 6771
46754 45087
45090 8316
45111 1633
45111 23331
45117 32163
45117 48888
45119 33682
45120 44688
45141 41909
45146 8177
45146 36292
45151 21682
45153 25164
45153 38808
45155 2350
45203 28595
45203 49845
45217 15858
45218 5339
45231 16733
45263 176
45268 42798
48842 26387
48842 32598
45281 10577
45289 1729
45289 22416
45289 24189
45290 379
45293 8316
45298 10794
45308 41909
45323 45841
45841 45323
45334 32163
45334 37063
45334 48888
45336 22899
45338 885
45338 9134
45349 48154
45350 17415
45363 5236
45363 40134
45366 21571
45368 41909
45373 17985
45373 24074
45384 41909
45390 35900
46642 45179
45392 14897
45414 18447
45430 36927
45430 41909
45432 15714
45451 7314
45453 33645
45454 8316
45458 15740
45460 7314
45463 26351
45501 13679
45501 27701
45506 41344
45511 27580
45518 22011
45518 24558
45522 33206
45537 16907
45538 8197
45541 40487
45551 22899
45555 32163
45555 48888
45585 14316
45601 7873
45601 19870
45606 18295
45613 16868
45615 28759
45615 39934
45617 18420
45625 10021
45625 32163
45633 24042
45640 40782
45640 48367
48367 40782
48367 45640
45649 8881
45649 23666
45669 36349
45678 32317
45681 2982
45689 24066
45689 36197
45695 41417
45700 4627
45704 19268
45704 20603
45707 12535
45707 20508
45707 29207
45714 47857
47857 45714
45718 17412
45728 1500
45728 10466
45731 1354
45731 36989
45731 40716
45732 8994
45732 19480
45738 48430
45739 19896
45739 34863
45745 8429
45745 46476
45764 25315
45767 8316
45772 5461
45808 29853
45819 32163
45819 48888
45824 41909
45833 28768
45838 13786
45840 24555
45845 23346
45871 30186
45871 34713
45876 13490
45880 21715
45882 13505
45889 48134
48134 45889
45907 5079
45911 31437
45911 45612
45913 35214
45920 33999
45921 27365
45934 43944
45937 10577
45941 38354
45969 17547
45969 47927
45972 31564
46020 18418
46020 35346
46024 38273
46034 28759
46034 39934
46051 3611
46053 8316
46107 33762
46107 41909
46118 11207
46121 25719
46121 49346
49346 25719
49346 46121
46122 40272
46130 4689
46136 32163
46143 41909
46148 42458
46175 49987
46182 48985
46183 5918
46183 6101
46192 1532
46205 2912
46205 19352
46205 19361
46205 28937
46217 38253
46222 9906
46227 21682
46234 4552
46241 47468
46245 46237
46249 7805
46255 31868
46262 26232
46274 0
46274 11342
46276 8316
46276 28782
46284 7314
46289 34705
46301 45425
46312 32388
46312 34604
46317 32163
46317 46841
46841 32163
46323 48622
46331 36822
46332 33524
46332 36505
46352 13963
46356 17238
46367 17590
46374 23102
46375 943
46390 1784
46395 45425
46400 39519
46413 43045
46432 25759
46433 48419
46435 3597
46443 34525
46448 18433
46458 48146
46464 4352
46466 43652
46466 43971
46467 41537
46471 22884
46473 30836
46477 26056
46486 32348
46500 7553
46500 36598
46504 34537
46524 15006
46526 44901
46527 11780
46533 22007
46544 33513
46557 18226
46558 33991
46558 35433
46558 38564
46562 8545
46566 46551
46575 7531
49362 46578
46594 41909
46597 45425
46612 42798
46613 24766
46615 7314
46616 32717
46616 40266
46616 45185
46628 8316
46633 40256
46638 280
46647 32805
46650 32840
46650 49751
46651 36053
46651 40708
46656 8316
46686 12130
46696 14256
46703 44590
46706 12494
46718 12672
46725 28039
46728 9312
46733 2607
46739 24766
46739 46613
46748 37035
46751 12825
46753 9339
46759 16564
46783 41014
46783 45939
46788 5544
46792 13557
46796 8316
46800 3054
46804 15163
46808 10777
46809 41909
46823 16299
46830 15992
46830 29662
46830 34020
46839 44157
46851 16682
46851 28129
46851 49105
46861 39279
46863 26279
46864 32821
46865 16581
46869 9209
46869 12563
46869 47931
47931 9209
47931 31092
46871 24343
46893 7314
46900 34254
46922 48083
46935 15561
46976 4027
46976 29679
46996 4898
46996 7575
47007 6784
47007 16155
47008 8962
47008 11560
47008 45155
47013 30842
47028 7117
47028 36292
47058 43076
47061 32163
47065 4547
47069 6236
47073 14685
47075 46221
47077 32833
47081 4899
47082 1424
47089 36292
47092 28994
47092 42693
47095 6692
47095 36122
47106 39066
47110 2028
47110 21682
47117 48509
47128 20191
47132 17723
47137 15587
47141 8098
47141 24976
47159 44110
47174 42350
47176 15883
47180 23304
47191 32229
47194 35900
47196 47484
47198 4898
47198 7575
47203 17412
47214 9810
47217 32163
47217 48888
47221 5005
47221 15116
47225 6926
47225 42048
47241 48489
47249 16664
47254 31666
47266 37734
47270 16545
47270 41909
47272 4749
47273 10025
47281 1739
47281 6236
47281 9110
47281 36611
47282 5492
47285 38827
47303 47083
47313 36658
47332 27968
47347 33999
47357 27119
47360 17415
47365 41433
47368 39148
47375 6688
47386 8775
47394 2072
47403 48651
47404 24307
47405 24687
47444 22952
47457 25212
47458 10985
47462 28737
47467 21682
47471 43220
47486 41435
47487 46531
47504 39203
47514 13478
47524 1068
47527 25973
47563 13149
47563 20217
47573 18504
47573 19212
47575 42021
47581 37238
47587 2031
47587 38455
47595 46329
47598 4468
47600 23526
47603 21709
47603 39308
47603 43448
47616 9339
47623 39654
47628 38139
47628 48498
47638 48143
48143 41909
47643 8971
47652 15587
47660 27497
47667 47262
47669 6328
47675 36292
47689 5627
47691 35974
47692 28108
47693 35960
47702 31648
47703 34405
47712 4547
47713 32163
47717 4864
47728 24722
47734 32163
47734 48888
47753 16868
47757 39997
47774 43792
47776 41909
47786 8836
47787 45904
47794 1406
47798 34188
47805 29992
47826 7010
47826 35664
47827 46348
47836 14838
47844 12108
47844 38359
47844 39136
47851 16664
47856 22073
47861 18655
47862 5052
47862 14537
47862 20571
47862 21135
47862 36461
47862 39336
47862 44832
47863 41609
47865 34049
47870 28365
47879 31163
47883 40898
47885 38127
47886 45425
47899 8879
47899 22668
47902 21150
47907 24307
47909 36292
47916 44875
47919 47040
47920 16981
47928 37826
47932 10158
47932 49119
47938 48255
48255 47938
47947 32317
47948 41909
47953 16868
47968 41909
47970 1826
47972 37719
47972 45547
47980 43792
47984 37107
47985 31281
47992 40272
47996 409
47996 38541
47997 20888
47997 41498
48003 15229
48007 22975
48009 33214
48009 45818
48012 37374
48016 35773
48017 19268
48020 23526
48021 15143
48027 40033
48031 14672
48040 44972
48058 7314
48064 31503
48071 31413
48080 3674
48097 23526
48109 36292
48110 19359
48116 34434
48116 43940
48117 36292
48125 27236
48127 27598
48139 14499
48142 4457
48152 41909
48162 7314
48165 49583
48169 31503
48169 40257
48170 38246
48192 0
48192 11342
48198 6078
48207 37035
48210 2142
48210 35253
48236 1657
48236 18974
48236 44898
48238 3611
48238 20645
48238 32340
48238 46051
48247 12108
48247 38359
48253 10747
48257 10675
48257 40453
48263 36515
48264 22806
48264 31807
48267 28670
48269 25655
48276 71
48277 31068
48292 13478
48292 48298
48294 43620
48304 18102
48306 12958
48306 24783
48308 12963
48310 4547
48311 5241
48329 42625
48332 27946
48335 28047
48342 22231
48344 27162
48345 40803
48347 28670
48366 41909
48372 14809
48375 30836
48380 28124
48399 41909
48407 8316
48411 2500
48411 2607
48411 4027
48411 11535
48416 48414
48418 21154
48420 35662
48426 4005
48427 27491
48438 32163
48438 48888
48440 14672
48441 36247
48448 6572
48460 17510
48465 12052
48465 25048
48471 7314
48472 45425
48495 21707
48495 38162
48495 41328
48501 37035
48514 8316
48543 44922
48570 29389
48570 40818
48588 9810
48596 9810
48596 48588
48600 8989
48603 36292
48617 45064
48640 10577
48657 4678
48657 5786
48660 47083
48676 16930
48683 40033
48693 17547
48693 47927
48695 21682
48709 38532
48709 45425
48714 3446
48717 17518
48731 3903
48739 11780
48744 8316
48750 21042
48763 19854
48764 732
48764 33112
48771 21140
48775 17547
48775 47927
48776 39364
48792 10008
48795 2912
48798 5657
48805 2028
48805 21682
48813 6404
48819 5314
48822 23677
48823 37612
48823 37714
48832 15967
48836 3170
48836 9590
48836 20514
48841 37777
49092 48845
48847 30534
48850 7314
48856 46929
48863 27913
48870 7314
48878 48746
48887 42633
48897 49999
49999 48897
48903 17269
48904 1218
48908 48758
48916 45425
48927 21682
48937 45425
48946 19045
48946 32655
48946 39152
48954 28759
48954 39934
48966 26465
48988 3828
48990 2285
48990 26273
49005 31968
49010 14328
49024 32163
49024 48888
49033 32163
49045 23308
49045 35555
49046 2028
49046 21682
49070 7314
49071 21682
49078 296
49081 27259
49091 27600
49093 280
49095 827
49095 17123
49095 32163
49104 30837
49109 21879
49109 22115
49110 35954
49115 16558
49117 41299
49140 3388
49140 43018
49147 7314
49148 19352
49160 48652
49168 47759
49175 12304
49188 36292
49189 8177
49189 36292
49190 16545
49190 41909
49195 21876
49195 22663
49195 31758
49195 46117
49201 36292
49213 12958
49215 26355
49221 41131
49223 8345
49223 43017
49225 21735
49226 47176
49229 10383
49230 30846
49236 25186
49248 28015
49258 35500
49264 10932
49269 4864
49278 31746
49280 45425
49301 1045
49310 17019
49310 28602
49314 22879
49322 20205
49323 31225
49327 4738
49327 29678
49328 14672
49358 44731
49366 11223
49374 9763
49377 8746
49383 34275
49385 15982
49385 37238
49394 28030
49399 1826
49407 43229
49411 49303
49441 32163
49441 48888
49445 8994
49445 19480
49454 1826
49463 14645
49465 17412
49475 6511
49476 42725
49492 32597
49492 35952
49492 36919
49506 43601
49511 28991
49511 34825
49515 20194
49529 6236
49531 41122
49533 16868
49535 6349
49537 17547
49537 47927
49539 32163
49539 48888
49541 1670
49541 23746
49545 10241
49545 14598
49547 21682
49563 14672
49570 3654
49570 5314
49570 15883
49579 11834
49587 49447
49590 39260
49595 18408
49598 2048
49598 7896
49600 45425
49602 43979
49615 33336
49615 48603
49619 3699
49626 1615
49626 34420
49641 45699
49650 5981
49654 42714
49670 46912
49689 11806
49692 22231
49694 40763
49700 14789
49704 48164
49729 29992
49733 11970
49738 9351
49738 40400
49773 6161
49773 23355
49787 9267
49799 23454
49806 49393
49817 38703
49838 26098
49838 45263
49858 35147
49862 7314
49865 18226
49868 16915
49876 16868
49877 28313
49883 845
49884 29481
49888 46659
49895 9244
49896 38822
49906 42636
49909 16868
49943 42599
49949 20081
49963 16102
49963 45199
49964 47271
49972 1641
49976 14904
49976 29940
49979 49125
49983 35664
49985 13285
49986 27254
49991 17667
