# Web-Google induced subgraph
# Nodes: 100000
# FromNodeId ToNodeId
0 11342
11342 0
11342 27469
11342 38716
1 53051
2 30957
30957 2
4 44695
4 62391
4 79146
44695 4
44695 62391
44695 79146
62391 4
62391 44695
62391 79146
79146 4
79146 44695
79146 62391
5 39733
39733 15455
39733 82098
7 19576
7 43343
7 57818
7 75039
7 86833
19576 9925
19576 40379
19576 43343
19576 57818
43343 19576
43343 75039
57818 19576
57818 43343
75039 19576
75039 43343
86833 19576
86833 43343
86833 75039
8 55948
10 49988
10 85506
49988 10
85506 10
11 42021
11 75364
42021 75364
75364 11
75364 42021
15 16586
15 43847
15 44788
15 99387
17 33881
17 40033
17 96828
33881 48729
40033 96828
96828 40033
20 7235
7235 21394
7235 36960
22 13505
22 87899
22 99379
13505 87899
13505 99379
87899 13505
87899 99379
23 97652
97652 23
25 13825
25 55030
13825 55030
55030 13825
26 97056
27 47401
27 96333
47401 27
47401 96333
96333 27
96333 47401
32 51633
51633 32
34 62856
34 81997
62856 81997
81997 62856
38 47312
38 67397
47312 67397
67397 36325
41 82213
82213 41
82213 65137
48 25870
25870 48
53 68843
68843 27951
54 7969
54 51137
51137 54
51137 7969
63 43416
43416 17047
64 21682
21682 14619
21682 39469
21682 48630
68 85372
71 60070
73 26122
26122 89609
74 25293
74 80625
74 95971
25293 76437
80625 74
76 99585
78 46428
79 59004
85 17093
85 29338
85 43515
85 80527
17093 85
17093 24891
17093 29338
17093 38599
17093 43515
17093 80527
17093 83461
29338 85
29338 17093
29338 43515
29338 80527
43515 85
43515 17093
43515 29338
43515 78374
43515 80527
80527 85
80527 15018
80527 17093
80527 29338
80527 43515
80527 59912
88 27920
88 95977
95977 88
95977 27920
95977 54699
89 19476
19476 89
19476 15233
19476 21682
19476 32163
19476 47468
19476 54147
19476 74397
90 40573
90 87778
40573 90
40573 87778
87778 90
87778 40573
94 56829
94 60543
56829 60543
60543 34546
96 27924
96 68439
27924 96
68439 27924
106 46965
46965 106
110 6345
110 12976
110 79168
6345 110
6345 79168
79168 6345
79168 77006
111 7314
111 48423
48423 7314
48423 59475
113 39364
39364 28363
39364 33902
117 25744
117 88779
25744 88779
88779 117
88779 25744
119 16347
121 36292
36292 34315
36292 71342
36292 78952
123 24004
24004 123
124 41909
41909 24340
127 79659
79659 71435
128 80686
80686 128
130 54147
54147 7131
54147 73720
54147 77436
133 86621
134 66364
66364 21255
135 3339
135 14396
3339 14396
3339 99787
14396 135
14396 3339
14396 11048
14396 83797
142 44114
142 98255
44114 142
44114 98255
98255 142
98255 44114
145 9652
145 20483
9652 145
9652 20483
20483 145
20483 9652
146 18795
18795 146
147 3170
147 20514
3170 20514
3170 33459
3170 88074
20514 3170
151 78244
78244 13603
78244 88863
153 37107
155 11958
157 1673
157 24275
157 83884
1673 83884
24275 157
24275 1673
24275 83884
83884 1673
83884 91617
159 10009
10009 50661
10009 75500
161 17940
17940 12108
17940 38359
163 83679
83679 163
83679 2351
83679 35722
83679 39772
83679 58620
83679 68806
83679 81390
83679 82157
83679 93654
83679 94073
83679 98140
165 53335
167 75264
173 61400
61400 85826
174 16101
16101 41619
180 27821
27821 180
181 19142
183 77515
183 87966
77515 183
77515 41502
87966 183
185 49495
49495 185
186 15259
186 76023
15259 36292
15259 76023
15259 78952
15259 95614
76023 15259
76023 74440
192 29792
29792 192
193 3694
193 97759
3694 193
3694 97759
97759 69142
97759 88785
194 22413
194 24423
194 45703
22413 24423
24423 45703
24423 82695
196 36832
196 66727
36832 196
36832 66727
66727 196
66727 36832
199 25802
202 34548
202 35398
34548 37255
35398 202
205 92604
207 70154
207 83850
70154 207
70154 19604
70154 32293
70154 54703
70154 83850
83850 70154
83850 89960
208 5654
208 46853
5654 208
5654 46853
46853 208
46853 5654
211 32163
211 76027
32163 34291
32163 47823
32163 48888
32163 63971
32163 99913
76027 211
76027 45905
76027 69543
76027 86526
214 22874
214 27134
214 30124
214 30320
22874 214
22874 27134
22874 30320
30124 11639
30124 61622
30320 214
30320 22874
30320 27134
216 67634
219 63152
219 63332
63152 32163
63152 63332
63332 32163
222 8731
222 94843
8731 10777
94843 222
94843 8731
223 31435
223 69870
31435 223
31435 69870
69870 223
69870 31435
230 22310
22310 77411
22310 95648
232 29433
232 31782
232 51061
29433 43105
29433 44050
29433 51061
29433 76229
31782 232
31782 29433
31782 51061
233 42165
233 86621
42165 233
42165 86621
236 69616
237 29104
237 96072
29104 96072
96072 43245
96072 84654
242 9141
9141 242
249 99974
256 41948
258 98535
258 99190
98535 18857
98535 21584
98535 24976
98535 60876
98535 72414
99190 258
260 33214
260 45818
33214 45818
45818 296
45818 74224
261 38839
38839 261
38839 30620
38839 53324
38839 78595
38839 81123
38839 81497
271 21682
278 23097
23097 68656
279 21430
21430 279
280 65504
280 90482
65504 280
65504 90482
90482 280
90482 65504
283 15453
15453 14225
15453 75040
284 9088
9088 284
285 5756
289 19976
289 53949
289 61704
19976 289
19976 1291
19976 2496
19976 18943
19976 53949
19976 61704
19976 77821
53949 289
53949 2496
53949 19976
53949 61704
290 9111
290 15236
290 73386
9111 67195
73386 15236
293 11911
294 95020
296 74224
74224 33907
74224 74421
299 96059
96059 32199
96059 47080
96059 88498
300 5534
300 61759
300 79852
5534 300
5534 61759
5534 79852
61759 300
61759 5534
61759 27823
61759 79852
79852 27823
303 44157
305 4694
305 81386
4694 305
81386 305
307 56833
308 31781
308 56596
31781 308
312 18642
312 49975
18642 97719
49975 95358
49975 95793
318 87685
87685 85014
319 55490
319 66305
55490 43362
66305 55490
320 28364
320 60354
28364 60354
60354 28364
322 32163
322 34472
34472 32163
34472 49889
323 71460
328 41909
331 23244
333 40691
333 94252
40691 94252
342 84268
84268 97399
343 20779
343 37545
343 94335
20779 343
20779 37545
20779 94335
37545 343
37545 20779
37545 94335
94335 343
94335 20779
94335 37545
345 74397
74397 6201
74397 7036
74397 58419
74397 96298
74397 97763
351 21682
355 51683
355 89736
51683 7003
51683 19462
51683 71318
51683 93486
89736 51683
359 10777
359 13714
359 15752
10777 23526
10777 32721
10777 50401
13714 37404
13714 39176
13714 52669
13714 61224
15752 359
362 67397
364 36060
372 6555
6555 372
374 68358
374 78367
374 90061
68358 78367
68358 90061
78367 68358
78367 90061
375 30837
30837 31180
376 87963
87963 376
379 35605
35605 379
383 3259
3259 45491
384 34793
384 87192
34793 384
34793 87192
87192 384
87192 7073
87192 34793
387 17314
390 16219
390 35346
16219 390
16219 35346
391 48757
392 17412
393 63466
394 39792
399 28479
28479 22238
403 14795
403 59560
14795 59560
59560 14795
409 11551
11551 409
420 20257
420 41909
420 61483
20257 420
20257 41909
20257 61483
61483 420
61483 20257
61483 41909
421 32163
421 48888
421 83686
48888 32163
83686 32163
83686 48438
83686 48888
422 3410
3410 422
3410 30280
3410 93858
424 74397
424 97720
97720 41119
97720 47468
97720 74397
97720 97723
428 12005
428 40505
12005 40505
40505 12005
40505 21544
429 31180
433 24481
24481 433
24481 88019
434 33505
33505 434
437 50574
441 24052
441 50793
24052 441
24052 50793
50793 441
50793 24052
445 46237
446 54147
447 67689
447 77780
447 95510
67689 447
67689 77780
67689 95510
77780 67689
77780 93772
77780 95510
95510 28290
95510 67689
95510 77780
448 86146
451 51564
451 63284
51564 451
63284 451
456 3054
3054 24457
3054 26576
3054 66058
459 21682
460 75605
466 73423
467 35024
467 62789
35024 467
35024 17953
35024 30689
35024 34411
35024 62789
35024 98695
62789 467
62789 30689
62789 35024
478 66846
481 23086
481 61522
61522 23086
483 35856
35856 483
486 34192
491 64550
491 83222
64550 491
64550 21027
64550 40990
64550 83222
64550 87802
83222 491
83222 64550
493 43600
43600 1284
43600 74398
43600 82909
43600 91458
494 93253
499 11347
500 44040
504 7314
511 16903
511 77629
16903 511
16903 77629
77629 511
77629 16903
512 97283
97283 11319
515 9550
515 17687
17687 515
17687 10000
17687 38614
17687 60212
517 5314
519 19485
19485 519
19485 13087
522 5778
5778 522
529 21244
529 98716
21244 13719
21244 57625
530 70833
70833 54184
70833 68751
70833 88326
535 28777
535 69889
69889 28777
536 78965
78965 536
78965 9753
78965 15214
537 74397
539 2531
539 76690
2531 76690
76690 2531
540 3611
3611 68707
543 41909
545 70538
551 15968
551 51541
551 55188
15968 33273
15968 51541
15968 53816
15968 55188
51541 551
51541 15968
51541 55188
55188 15968
55188 51541
554 9678
9678 45826
556 28365
28365 33361
28365 73935
28365 89776
567 28421
567 91227
567 99597
28421 567
28421 99597
99597 567
99597 14245
99597 28421
99597 42229
99597 80539
99597 93366
99597 96720
572 45425
573 45425
575 54147
583 18299
593 2816
593 11429
595 74822
74822 595
74822 1710
74822 6990
74822 23072
74822 67088
74822 67506
74822 68242
599 10780
599 28005
599 54147
10780 54147
28005 10780
28005 54147
600 5524
600 71311
5524 600
5524 71311
71311 600
71311 2135
71311 5524
603 83435
604 56427
604 65492
604 94946
605 48733
606 1300
606 27366
1300 606
613 12958
12958 30847
615 18408
615 72183
72183 18408
616 5651
5651 616
622 53023
53023 498
53023 1183
53023 97850
625 31425
626 74397
626 91228
629 89424
630 14032
630 57622
630 83251
14032 630
14032 83251
57622 630
83251 630
83251 14032
631 97301
97301 631
633 90893
634 53840
53840 634
53840 40386
636 72447
72447 636
72447 28496
72447 66301
638 59214
639 67751
67751 56157
640 38555
647 51683
649 29270
649 65768
29270 649
29270 52612
29270 65768
65768 649
65768 29270
65768 52612
652 53099
653 3044
653 86299
3044 33594
3044 70956
3044 86299
656 16370
657 42636
658 20137
658 26391
20137 658
660 29243
29243 660
29243 63563
662 16664
666 55163
55163 666
670 22007
670 24098
670 50078
22007 18425
22007 20303
22007 50078
24098 670
24098 22007
24098 50078
50078 22007
677 26846
679 1479
679 91390
1479 91390
91390 1479
680 85158
85158 680
85158 42892
686 43792
687 11015
11015 15233
688 55580
55580 91900
691 6806
691 8032
691 67112
6806 8032
6806 67112
8032 6806
8032 67112
67112 6806
67112 8032
697 3905
3905 697
3905 31937
699 40912
699 74942
40912 74942
74942 19910
74942 30130
700 60424
60424 19662
60424 76788
705 65935
705 68465
706 19873
706 33337
706 42577
706 64211
719 34527
720 2244
720 28998
726 2920
726 14578
726 92690
2920 14578
2920 20286
2920 48095
14578 2920
92690 726
92690 2920
92690 14578
728 45013
728 52439
45013 728
52439 728
733 34201
734 36839
734 63999
36839 63999
63999 9684
63999 36839
63999 88410
735 27125
735 84080
27125 735
27125 84080
84080 92728
740 2939
740 34637
2939 740
2939 34637
747 96748
96748 34764
756 5236
771 44358
772 23677
772 62647
772 74397
772 87909
23677 74397
23677 87909
62647 23677
62647 74397
62647 87909
87909 23677
87909 74397
773 33950
773 45024
773 69101
33950 7258
33950 69101
45024 33950
45024 69101
69101 33950
775 10610
775 41909
776 67862
776 70061
67862 62204
67862 63233
67862 70061
777 50207
50207 777
50207 50436
50207 70404
781 41909
781 73696
73696 41909
788 65770
65770 788
792 10400
10400 792
10400 3305
795 18153
801 91700
91700 59463
806 57791
806 68488
57791 44401
57791 78383
68488 57791
809 22050
810 54147
813 8713
813 20043
813 40212
813 41295
813 47867
813 69377
813 79822
8713 813
8713 79822
41295 27496
79822 813
79822 8713
816 58302
58302 816
819 17412
827 1985
827 6264
827 12028
827 32163
827 35911
827 81943
1985 827
1985 32163
1985 35911
1985 84421
6264 827
6264 17123
6264 32163
12028 827
12028 32163
35911 827
35911 1985
35911 32163
35911 81943
35911 84421
81943 827
81943 1985
81943 32163
81943 35911
830 15456
830 93484
834 53139
835 73789
73789 90392
837 26151
837 48098
837 49404
837 79979
26151 18100
26151 74611
838 34227
844 56779
844 95975
56779 844
56779 95975
95975 844
95975 56779
845 45324
845 47838
845 98830
45324 845
45324 60250
45324 98830
47838 845
47838 45324
47838 98830
98830 845
846 11970
849 15981
849 59462
849 78279
849 88747
849 97219
15981 59462
15981 78279
15981 88747
59462 15981
59462 78279
59462 88747
78279 849
78279 15981
78279 59462
78279 64522
78279 88747
88747 15981
88747 59462
88747 78279
97219 15981
97219 59462
97219 78279
97219 88747
857 33469
857 84454
33469 84454
84454 33469
859 2975
859 22790
859 54488
859 74034
2975 22790
2975 54488
54488 859
54488 74034
864 37397
864 91940
37397 26392
37397 32205
37397 86014
37397 91940
91940 37397
869 44514
869 75284
44514 869
44514 75284
75284 869
75284 44514
870 95574
872 1532
872 96298
872 97436
1532 96298
1532 97436
96298 1532
96298 33125
96298 52561
96298 97436
97436 1532
97436 11683
97436 91228
97436 96298
885 9134
885 88763
9134 885
9134 88763
88763 885
88763 9134
888 40162
895 41909
898 78244
899 32122
902 16868
16868 17297
16868 48667
16868 98648
911 17265
17265 911
913 30837
920 76634
921 45425
926 71446
931 91045
91045 931
932 7912
7912 11780
7912 53964
7912 56823
937 16545
937 41909
937 66731
937 73696
16545 41909
16545 73696
16545 81174
66731 16545
66731 41909
66731 73696
939 98289
98289 939
941 66885
941 91051
91051 86338
943 44112
948 99607
99607 948
950 58441
58441 26269
58441 46951
951 28670
952 28774
28774 952
954 11786
11786 954
11786 52311
956 3925
956 46881
3925 956
962 73305
73305 8517
73305 14456
73305 51573
966 10268
966 23992
10268 966
10268 23992
23992 966
23992 10268
970 36293
36293 57906
973 6115
973 32837
6115 973
6115 3613
6115 32837
32837 6115
974 51606
51606 97882
975 99868
976 62078
976 78295
62078 976
977 20654
977 34349
977 68366
20654 977
20654 34349
20654 68366
34349 977
34349 20654
34349 68366
68366 977
68366 20654
68366 34349
979 42717
980 11689
980 48752
11689 980
982 53078
989 98063
991 10153
10153 991
10153 8026
997 67140
997 87584
998 76066
1002 45026
1002 63940
1002 90637
1002 96660
45026 1002
45026 63940
45026 90637
45026 96660
63940 1002
63940 45026
63940 90637
63940 96660
90637 1002
90637 45026
90637 63940
90637 96660
96660 1002
96660 45026
96660 63940
96660 90637
1013 14121
1025 6988
6988 1025
1026 21682
1029 56450
1029 65722
1030 36197
1030 70252
70252 1030
70252 36197
1035 3472
1035 32163
1036 23554
1036 37727
1036 75072
23554 37727
23554 75072
37727 23554
37727 75072
75072 23554
75072 37727
1038 62610
62610 1038
1041 4015
1041 43102
4015 1041
4015 43102
43102 1041
43102 4015
1042 55227
1042 96835
55227 96835
96835 55227
1045 91704
91704 1045
1048 30548
1048 87674
30548 2512
1049 3496
1049 15883
1049 19373
1049 76425
1049 93721
1049 97175
3496 1049
3496 19373
3496 93721
15883 16866
19373 1049
19373 3496
19373 93721
76425 15883
76425 73083
93721 1049
93721 5653
97175 43949
1051 1304
1051 80662
1304 80662
80662 1304
1052 21904
1052 27072
1052 27924
21904 27924
27072 27924
1054 7314
1062 16008
1062 28680
16008 1062
16008 28680
28680 1062
28680 16008
1066 53828
1066 61499
53828 1066
1068 87365
87365 1068
1071 45529
45529 1071
1074 37923
1074 39596
1074 84522
37923 84522
39596 56496
39596 84522
1080 12668
1080 12979
1080 84463
12668 12979
84463 1080
84463 12668
84463 12979
1082 57791
1087 9542
9542 1087
9542 8040
9542 59341
1089 32640
32640 1089
32640 61566
1092 55821
1093 25534
1093 32163
1093 48888
1093 77758
25534 32163
25534 48888
25534 68402
25534 68502
77758 1093
77758 25534
77758 32163
77758 48888
1095 55496
55496 81461
55496 88101
1101 36197
1106 61808
1108 84751
84751 31180
1117 73085
1122 429
1122 31180
1125 1610
1126 30393
1127 30836
1129 2218
1130 19419
19419 1130
1131 29519
29519 1131
29519 11953
1134 5280
1134 22384
1134 88352
5280 22384
5280 88352
22384 5280
22384 88352
88352 5280
88352 22384
1137 57497
1142 3854
1142 20251
1142 38452
1142 62362
1142 79550
3854 1142
3854 20251
3854 38452
3854 62362
3854 79550
20251 1142
20251 3854
20251 38452
20251 62362
20251 79550
38452 1142
38452 3854
38452 20251
38452 62362
38452 79550
62362 1142
62362 3854
62362 20251
62362 38452
62362 79550
79550 1142
79550 3854
79550 20251
79550 38452
79550 62362
1144 77547
1145 60424
1150 54147
1153 72103
72103 21492
1155 84190
1156 60876
60876 57596
1164 16437
1164 65513
16437 65513
65513 16437
1165 79971
1165 80512
79971 1165
79971 31640
79971 80512
79971 86926
80512 1165
80512 63659
80512 79971
1167 67197
1167 70615
1167 74925
1167 76332
1167 86624
74925 1167
74925 67197
74925 70615
76332 1167
76332 67197
76332 70615
76332 74925
86624 1167
86624 67197
86624 70615
86624 74925
1169 33514
1171 86078
86078 30104
1174 21348
1176 8316
1178 32399
32399 1178
1181 19364
1181 92252
1181 92842
19364 92842
92252 4737
92252 15346
92252 75240
92842 19364
92842 65843
1182 20495
20495 14779
20495 99148
1183 26478
1183 53023
26478 53023
1185 83433
83433 66737
1186 15693
1189 30667
1189 41909
1189 73513
1189 96530
73513 1189
73513 23011
73513 41909
73513 96530
96530 1189
96530 41909
96530 73513
1192 49021
1196 6771
1196 64446
1196 78813
64446 6771
64446 22991
64446 64465
78813 46623
78813 85275
1197 67197
1204 32163
1205 28919
28919 1205
1207 54147
1210 27130
1211 7838
7838 1211
1212 32536
32536 1212
1213 43792
1214 9638
1214 78870
9638 1214
9638 56914
1217 30557
1218 43799
1227 26614
26614 1227
26614 61580
26614 65991
1228 62680
1232 8316
1233 74397
1239 25757
1239 38222
1239 40554
1239 88938
25757 1239
25757 38222
25757 40554
25757 88938
38222 1239
38222 25757
38222 40554
38222 88938
40554 1239
40554 25757
40554 38222
40554 88938
88938 1239
88938 25757
88938 38222
88938 40554
1240 31765
1240 42403
1240 47376
1240 74668
1240 92042
31765 47376
31765 92042
42403 31765
42403 47376
42403 74668
42403 92042
47376 31765
47376 92042
74668 31765
74668 42403
74668 47376
74668 68661
74668 92042
92042 27190
92042 31765
92042 47376
92042 71861
1241 93023
93023 1241
1243 39565
39565 73695
39565 90273
1253 82478
82478 11658
82478 12321
82478 60750
1255 20860
1255 21769
1255 44124
1255 67481
20860 50706
21769 1255
21769 20860
21769 44124
21769 67481
44124 1255
44124 20860
44124 21769
44124 67481
67481 1255
67481 20860
67481 21769
67481 44124
1256 22500
22500 1256
1257 2592
1257 65510
2592 65510
65510 2592
1258 74397
1262 1682
1262 93643
1682 93643
93643 1262
93643 1682
1269 38817
1269 55816
38817 55816
38817 56532
55816 38817
1278 21682
1282 16192
1282 20915
1282 24749
1282 34300
1282 89511
16192 1282
16192 20915
16192 24749
16192 34300
16192 89511
20915 1282
20915 16192
20915 24749
20915 34300
20915 89511
24749 1282
24749 16192
24749 20915
24749 34300
24749 89511
34300 89511
89511 1282
89511 16192
89511 20915
89511 24749
89511 34300
1284 6222
6222 82909
1285 28663
1285 32734
32734 1285
32734 28663
1286 29976
1289 13489
1291 19976
1291 61704
1295 93096
93096 1295
1296 2267
1296 57713
2267 1296
2267 57713
57713 1296
57713 2267
1298 15999
15999 1298
1299 32163
1301 30084
30084 91684
1308 35682
1308 59893
1308 83884
35682 25542
35682 93074
59893 1308
1313 58441
1318 58539
1318 63451
58539 70367
63451 58539
1319 93049
1326 71774
71774 1326
1331 89419
89419 1331
1332 41345
1332 49878
41345 1332
41345 49878
49878 1332
49878 41345
1333 50418
1333 87567
50418 1333
50418 47484
87567 50418
1336 86135
1337 21177
1337 50428
21177 1337
50428 1337
1339 17996
1340 33263
33263 48006
33263 57791
1345 5575
1345 42184
5575 42184
42184 5575
42184 29643
1348 16302
1348 48211
16302 1348
16302 48211
48211 1348
48211 16302
1351 47166
1351 79766
79766 1351
79766 47166
79766 66332
1352 1633
1352 23331
1354 36989
1354 40716
1354 72698
1354 82940
36989 1354
36989 40716
36989 72698
36989 82940
40716 1354
40716 36989
40716 72698
40716 82940
72698 1354
72698 36989
72698 40716
72698 82940
82940 18771
82940 45731
82940 93420
1362 49948
1370 82683
1372 45425
1376 99119
99119 1146
99119 93056
1379 46069
1379 52145
1379 90665
1386 41909
1387 86299
1390 14780
14780 98999
1391 90076
1392 71318
71318 51683
71318 93486
1395 97184
97184 71754
1396 17987
1398 84953
1399 9438
9438 1399
1401 31077
31077 1401
1403 3170
1403 20514
1403 82917
82917 3170
82917 20514
1405 41209
41209 1405
41209 22660
41209 53267
1406 70281
70281 1406
1408 77339
77339 55031
77339 63671
1410 24689
24689 56173
1411 14571
1411 43438
14571 62058
14571 83877
1412 48504
1415 37915
1415 97536
37915 1415
37915 97536
97536 1415
97536 37915
1418 28876
28876 93254
28876 93591
1422 85319
1422 89874
89874 1422
1428 17412
1431 36953
36953 36493
36953 44403
1436 409
1437 11319
11319 56068
11319 85218
1441 33807
33807 1441
1443 49234
1443 97568
49234 5683
49234 26735
97568 49234
1445 87322
87322 45288
1453 56206
1453 86845
56206 1453
56206 86845
86845 1453
86845 56206
1455 43988
43988 1455
1456 54511
1456 76366
54511 76366
76366 54511
1460 88763
1463 13809
1463 71633
13809 22128
13809 25410
13809 28571
13809 32921
13809 35459
13809 55588
13809 56251
13809 61305
13809 61417
13809 63782
13809 68699
13809 82796
1473 5347
1474 49120
1474 79204
79204 90134
1485 55551
1486 90766
90766 1486
1489 15326
15326 1489
1491 89062
1496 61527
61527 60373
61527 62427
1498 74397
1500 94344
94344 1500
1502 51163
51163 1502
1504 15034
1504 25721
15034 25721
15034 90507
15034 92960
25721 1504
25721 10131
25721 15034
25721 53465
1509 1401
1509 31077
1510 23623
1510 43917
1510 60640
1510 73286
23623 1510
23623 43917
23623 60640
23623 73286
43917 1510
43917 23623
43917 60640
43917 73286
43917 99156
60640 1510
60640 23623
60640 43917
60640 73286
73286 1510
73286 23623
73286 43917
73286 60640
73286 64760
1511 17754
1512 30634
30634 1512
1513 1406
1513 70281
1515 26253
26253 1515
1516 69543
69543 32163
69543 42177
69543 48433
1517 89548
1520 36197
1521 94430
94430 42777
94430 64644
94430 73280
94430 90161
1522 26457
1522 58321
26457 58321
58321 2145
58321 26457
58321 26671
58321 34113
58321 34303
58321 74298
58321 81417
58321 92840
1527 40761
1527 63771
40761 1527
40761 97431
1529 69295
1530 94904
1533 52324
52324 19916
52324 53276
52324 80472
1534 48986
1534 91813
1534 97187
48986 97187
91813 1534
91813 48986
91813 97187
97187 48986
1535 4990
1535 31518
1535 35071
1535 77323
1535 80104
4990 31518
4990 35071
4990 77323
31518 4990
31518 35071
31518 77323
35071 13737
35071 62854
77323 4990
77323 31518
77323 35071
80104 1535
80104 4990
80104 31518
80104 35071
80104 77323
80104 93415
1536 21052
1536 44894
1536 76322
21052 44894
21052 76322
44894 21052
44894 76322
76322 44894
1546 7796
1546 57791
7796 57791
1549 6111
6111 3395
1553 22309
22309 87415
1558 57791
1559 72457
1561 41354
1562 33592
33592 1562
1568 90924
90924 1568
1569 32545
1572 63096
1578 68843
1578 92394
92394 68843
1586 49987
1586 65801
65801 49987
65801 96294
1589 42969
1589 54236
1590 50223
1594 73259
73259 1594
1595 18299
1595 91785
91785 3999
91785 8730
91785 24869
91785 34622
91785 57792
91785 66487
1597 12304
12304 23959
12304 33005
12304 89289
12304 96179
1600 92239
1602 82367
1607 30356
1609 56696
56696 1609
56696 7147
1614 24660
24660 1614
24660 74721
1617 32163
1617 36708
36708 1617
36708 32163
1621 49828
49828 1621
49828 19670
1624 827
1624 32163
1626 62680
1627 10681
1629 94993
94993 47411
1632 67397
1634 10148
1634 94430
10148 94430
1636 2048
1636 7896
1636 30214
2048 7896
30214 1636
30214 2048
30214 7896
1638 98956
98956 1638
1639 15235
1639 68142
15235 1639
15235 68142
68142 15235
68142 16815
1647 32163
1647 47823
1647 48888
47823 18631
47823 32163
47823 34291
47823 35953
47823 42160
47823 43858
47823 48888
47823 67868
47823 70194
47823 70197
47823 89955
47823 90643
47823 95711
47823 97657
47823 99504
47823 99913
1648 11759
1648 15883
1648 66887
11759 80089
1650 8979
8979 89310
1655 64635
64635 1655
1657 44201
44201 18974
44201 85075
1659 74342
74342 1659
1660 92263
92263 54677
1661 8669
8669 1661
1663 75807
1663 79908
75807 1663
79908 1663
1666 56250
1669 5108
1669 84522
5108 84522
1670 93906
1676 32163
1676 41357
1676 81970
41357 32163
41357 81970
81970 32163
1677 27355
1677 81058
1677 87234
27355 18953
27355 33331
27355 47369
27355 57145
27355 71745
27355 72421
27355 84439
27355 90610
81058 27355
81058 87234
87234 27355
1692 50387
1693 67171
67171 1693
1694 67876
1695 6530
1695 20860
1695 21661
1695 57575
6530 1695
6530 20860
6530 21661
6530 57575
21661 1695
21661 6530
21661 20860
21661 57575
57575 1695
57575 6530
57575 20860
57575 21661
1697 85372
1699 76802
76802 1699
76802 59296
1702 27562
1704 47245
1704 82937
47245 82937
1705 693
1709 19001
1710 74822
1712 95131
95131 27964
95131 50636
95131 63020
1713 21169
1713 56197
21169 56197
56197 21169
1714 43228
43228 1714
1715 28451
1716 25808
1716 80510
25808 7546
25808 80510
80510 25808
1717 1825
1717 20076
1825 1717
1825 20076
20076 1717
20076 1825
1718 92259
92259 1718
92259 6553
92259 7779
92259 42579
92259 97628
1720 55008
1722 8734
8734 1722
1725 37136
1725 52928
1725 57596
37136 39578
37136 57596
52928 60876
1727 33770
1727 77424
33770 1727
33770 77424
77424 1727
77424 33770
1728 60217
1728 80422
1728 99815
60217 1728
60217 80422
60217 99815
80422 1728
80422 60217
80422 99815
99815 1728
99815 60217
99815 80422
1729 22416
1729 24189
22416 24189
24189 22416
1733 27912
27912 15252
27912 74351
27912 85650
1737 16996
16996 1737
1739 6236
1739 65951
6236 1739
65951 6236
1740 74003
1743 79596
1745 8316
1746 73718
1747 81212
1748 59685
59685 1748
1759 66367
1759 97547
97547 1759
97547 35471
97547 54093
97547 66367
1761 99263
1763 45530
1763 66885
45530 66885
1769 34144
1769 68190
34144 68190
68190 34144
1770 10817
10817 1770
1774 17574
17574 1774
1778 23151
1778 68114
1778 88153
23151 1778
23151 68114
23151 88153
68114 59195
88153 1778
88153 23151
88153 68114
1784 63601
63601 1784
1786 4547
1786 12799
1786 44224
1786 57232
12799 1786
12799 4547
12799 44224
12799 57232
44224 1786
44224 4547
44224 12799
1794 45425
1800 40922
40922 1800
1806 43792
1807 53681
53681 1807
1810 51382
51382 48126
51382 63270
1814 75664
1820 62701
1824 28757
1824 29551
1824 60234
60234 52730
1826 95210
95210 1826
95210 62259
1827 32604
32604 1827
32604 88171
1829 43717
1829 90485
1829 96419
43717 90485
90485 43717
96419 43717
96419 90485
1833 7314
1834 33896
33896 1834
1835 38922
1835 45179
38922 45179
1838 8217
1842 99074
99074 59788
99074 84779
1847 25135
1847 90339
1855 88733
1857 60063
1858 35954
1858 42144
35954 43839
42144 35954
1860 5622
5622 1860
1862 18433
1862 63346
1862 88835
18433 63346
18433 88835
63346 14226
63346 18433
63346 88835
88835 18433
88835 63346
1869 5780
1869 15013
1869 19470
1869 35956
5780 19470
5780 33578
5780 74329
5780 84436
15013 71212
15013 73498
15013 86705
19470 84436
35956 15013
35956 45491
35956 68150
35956 71212
1873 52335
1876 68245
68245 19571
68245 26147
68245 34193
68245 49203
68245 51494
68245 67090
68245 82587
68245 92594
1882 18697
18697 1882
18697 38200
1888 12463
1889 13116
1889 68528
1889 82387
13116 1889
13116 68528
13116 82881
13116 83811
68528 1889
68528 13116
68528 83811
68528 86027
82387 65073
82387 85183
1891 31832
1891 39157
31832 1891
31832 39157
1896 60063
1902 9877
9877 1902
1903 47297
47297 85179
47297 86907
1907 80101
80101 74926
1911 7314
1911 15121
1911 15564
1911 41538
15121 7314
15121 15564
15121 41538
15564 7314
15564 15121
15564 41538
41538 7314
41538 15121
41538 15564
1912 88978
1912 91903
88978 91903
91903 8212
91903 88978
1913 23622
1913 38789
1913 43833
1913 97837
23622 1913
23622 27580
23622 38789
23622 43833
23622 97837
38789 1913
38789 23622
38789 43833
38789 97837
97837 1913
97837 23622
97837 38789
97837 43833
1914 57791
1914 65963
65963 57791
1915 19160
1915 38457
1915 58011
1915 67844
19160 58011
19160 67844
19160 75877
38457 1915
38457 19160
38457 58011
38457 67844
58011 1915
58011 19160
58011 38457
58011 67844
67844 19160
1920 55112
55112 1920
55112 9670
55112 29333
55112 52825
1922 61315
61315 59136
1924 89745
89745 1924
89745 73067
1925 10577
1925 75652
1925 84309
10577 1925
10577 45073
10577 84309
10577 86929
75652 10577
75652 84309
84309 10577
84309 34202
84309 75652
1927 22571
1928 10131
1928 15034
1928 25721
1932 58140
1938 32163
1940 56250
1941 94542
94542 2942
1945 9581
1945 18013
9581 1945
9581 18013
18013 1945
18013 9581
1947 36794
1947 55207
36794 55207
55207 36794
1948 23086
1950 13527
1950 23209
1950 57911
1950 63332
13527 30359
13527 32163
23209 32163
23209 48888
57911 32163
1956 20763
1956 29917
20763 1956
29917 1956
29917 20763
1959 50732
1959 78369
50732 76769
50732 91931
50732 93164
78369 1959
78369 25490
78369 50732
1960 98534
1965 45699
1965 51167
45699 3035
45699 30941
45699 88050
45699 88836
51167 45699
1966 28040
28040 1966
28040 28364
28040 60354
1967 4064
1971 87587
1972 32163
1972 48888
1976 2415
1979 32163
84421 827
84421 32163
1988 54013
54013 1988
1992 33062
1992 45565
33062 1992
33062 45565
45565 1992
45565 33062
1995 53312
1998 18408
1998 42214
42214 1998
42214 18408
1999 57203
57203 1999
57203 25367
2001 79120
2002 38897
2002 57211
2002 63763
38897 57211
38897 63763
57211 38897
57211 62243
57211 63763
2003 19088
19088 8078
2006 3966
2006 21682
3966 2006
3966 21682
2007 22050
2009 42326
42326 2009
2010 9533
2010 80626
9533 80626
80626 2607
80626 4027
2011 93278
2027 15883
2028 14619
2028 21682
2028 39469
2028 48630
14619 21682
14619 39469
14619 48630
39469 14619
39469 21682
39469 48630
48630 2028
48630 14619
48630 21682
48630 39469
48630 50749
2031 38455
2031 55461
38455 2031
55461 2031
55461 38455
2032 47580
2034 33757
2035 24307
2036 98181
98181 2036
2039 16868
2039 24873
2039 27591
2039 40865
2039 88293
2039 95100
24873 16868
24873 28469
24873 74816
24873 90395
27591 2039
27591 16868
27591 24873
27591 40865
27591 88293
27591 95100
40865 2039
40865 16868
40865 24873
40865 27591
40865 88293
40865 95100
88293 2039
88293 16868
88293 24873
88293 27591
88293 40865
88293 95100
95100 2039
95100 16868
95100 24873
95100 27591
95100 40865
95100 88293
2041 32163
2042 18752
2044 19773
2044 64439
2044 64540
2044 89690
19773 64439
19773 64540
64439 6338
64439 19773
64439 64540
2045 10021
2045 32163
10021 32163
2062 7252
7252 206
7252 36667
7252 39561
7252 84074
2065 58679
58679 37610
2068 11350
11350 2068
2071 27141
2071 55266
27141 2071
27141 55266
55266 2071
55266 27141
2072 51335
51335 2072
2074 15463
2074 31847
2075 40975
2077 37726
2077 77653
77653 2077
77653 37726
2078 47369
2079 41909
2082 47420
2083 60159
2083 99789
60159 2083
60159 99789
99789 2083
99789 54031
99789 60159
2084 12793
12793 2084
2085 12579
2100 49583
2108 32756
32756 2108
2116 44270
44270 44567
2118 30356
2127 7010
2127 35664
7010 35664
35664 7010
35664 51705
2129 16545
2129 41909
2129 73696
2135 600
2135 5524
2135 71311
2136 68467
68467 2136
2137 29581
2137 59661
29581 2137
2138 46398
2138 59654
46398 59654
2139 79854
79854 2139
2145 23441
2145 55732
2145 58952
23441 55732
23441 58952
55732 23441
55732 58952
58952 23441
58952 55732
2146 2028
2146 21682
2150 21809
2150 36724
21809 2150
36724 2150
36724 21809
2151 71633
2156 41909
2157 77135
2157 94139
77135 28199
77135 94139
94139 77135
2159 23351
2159 46146
23351 2159
46146 2159
2160 71971
2169 28588
2169 95887
95887 2169
95887 28588
2176 11029
2176 49334
11029 2176
11029 49334
49334 2176
49334 11029
2179 23005
2182 44202
2182 55387
44202 85537
55387 2182
55387 44202
2183 47161
2183 97303
47161 2183
47161 97303
97303 2183
97303 47161
2185 8899
2185 71149
8899 2185
8899 71149
71149 2185
71149 8899
2190 32163
2191 59788
59788 79492
59788 84779
2193 19891
2193 55399
19891 55399
55399 19891
2197 38411
38411 2197
2199 61894
61894 2199
2200 14086
2200 19943
2200 40617
2200 46807
2201 16868
2204 84026
2209 71154
2210 3339
2213 21948
21948 2213
2217 5432
2222 78244
2223 15503
2223 85608
15503 2223
15503 85608
2224 45425
2226 10393
2232 83944
2235 13875
2235 84837
13875 84837
2242 30094
2242 38015
2243 15684
15684 78481
2250 21686
21686 2250
2253 46834
2253 65620
46834 65620
65620 46834
2255 7314
2255 11647
2255 77606
11647 60084
11647 73708
11647 77606
77606 11647
2256 16868
2256 44076
44076 16868
2259 44972
2259 94545
44972 2259
2262 44168
2264 3378
3378 2264
2271 83031
2272 88911
88911 2272
2274 10354
2274 34961
2274 94235
94235 69882
94235 97211
2275 35268
2275 58677
35268 2275
35268 58677
58677 2275
58677 35268
2279 17206
2279 99278
17206 99278
99278 17206
2280 29706
2283 732
2283 72541
72541 2283
72541 7314
2285 26273
2285 71755
26273 2285
26273 71755
2288 53456
2288 94536
53456 50941
53456 57791
53456 58331
94536 11982
2293 35346
2296 85810
2297 39969
39969 2297
2300 50732
2304 33049
33049 2304
2310 69531
2310 99973
99973 2310
99973 69531
2316 30739
2327 54147
2327 56844
2327 88036
56844 54147
56844 88036
88036 54147
88036 56844
2331 71354
71354 72957
2336 33590
2341 19220
19220 2341
2344 77850
77850 2344
2346 42212
42212 2346
2350 70049
2351 83679
2353 37146
2357 85372
2365 19915
2366 44558
2367 58943
2368 39279
39279 2368
39279 9534
39279 11233
39279 37502
2371 14915
2371 50765
14915 50765
50765 14915
2372 97396
2374 40466
40466 2374
2376 88840
88840 2376
88840 46932
88840 97728
88840 99811
2377 9198
9198 42114
2381 41909
2381 73696
2382 73916
2385 4456
2385 17766
2385 79626
4456 2385
4456 17766
17766 2385
17766 4456
17766 24521
17766 28543
17766 73576
17766 79626
17766 83338
17766 85797
2387 36923
2387 77321
36923 38168
77321 2387
77321 36923
2388 18951
2388 69738
18951 2388
18951 69738
69738 2388
69738 18951
2393 29340
2393 68382
2393 84765
29340 68382
29340 84765
68382 29340
68382 84765
68382 98524
84765 29340
84765 68382
2394 1739
2394 6236
2394 42994
42994 2607
42994 4027
42994 80626
2395 84440
84440 38260
2396 22985
2396 48907
2396 66175
2396 68713
22985 2396
22985 66175
22985 68713
48907 2396
48907 22985
48907 66175
48907 68713
66175 2396
66175 22985
66175 68713
68713 2396
68713 22985
68713 66175
2399 69846
2403 94542
2404 827
2404 32163
2405 57351
57351 86909
2408 19911
2409 43147
2409 51510
43147 2409
43147 51510
51510 2409
51510 43147
2412 67421
67421 2412
2413 29248
2413 47988
2413 50925
2413 57119
2413 62678
2413 76575
2413 77601
29248 2413
29248 47988
29248 50925
29248 57119
29248 62678
29248 76575
29248 77601
47988 50925
47988 62678
47988 77601
57119 2413
57119 29248
57119 47988
57119 50925
57119 62678
57119 76575
57119 77601
62678 47988
62678 50925
62678 77601
76575 2413
76575 29248
76575 47988
76575 50925
76575 57119
76575 62678
76575 77601
77601 47988
77601 50925
77601 62678
2414 35346
2416 1866
2417 10533
10533 2417
2421 11520
2427 84094
2435 62701
2437 28510
2437 35900
28510 20052
28510 35900
35900 12562
35900 30239
35900 89657
2448 68647
2448 81485
68647 81485
81485 68647
2454 86394
86394 3799
86394 62916
2457 66243
2466 7314
2466 23716
2466 26801
23716 7314
23716 26801
26801 7314
2469 9192
2469 23974
9192 23974
9192 85103
23974 2469
23974 3905
23974 9192
2477 7626
2477 79865
7626 2477
7626 79865
79865 74911
2480 3667
2480 36292
3667 2480
3667 36292
2482 61076
2484 55579
2484 88974
55579 20929
55579 28759
55579 63752
55579 77927
2485 46105
46105 2485
2487 17794
17794 2487
2492 95652
95652 2492
2493 15005
15005 50736
15005 98714
15005 98820
2495 28232
2495 36292
28232 2495
28232 36292
2496 19976
2496 53949
2496 61704
2500 29005
2503 34208
2503 83134
34208 2503
34208 83134
83134 2503
83134 34208
2504 84522
2505 46540
46540 2505
2511 35230
2511 55107
35230 40666
35230 46848
35230 55107
55107 34932
55107 35230
55107 40451
55107 52915
2514 32701
32701 33553
2519 7272
7272 2519
2522 91272
91272 2522
2525 6111
2528 60673
2535 31523
2537 57791
2538 62367
2539 14674
2540 25841
25841 70080
2546 23005
2554 26048
2554 52009
2554 65331
26048 17416
26048 39958
26048 52009
26048 65331
52009 26048
52009 27944
52009 65331
65331 26048
65331 27819
65331 33445
65331 41092
65331 52009
2555 8283
2559 20652
2562 16127
16127 2562
2563 41909
2563 76191
76191 2563
76191 71810
2565 2982
2565 57286
2982 57286
57286 2982
2571 84393
84393 2571
84393 37765
84393 53344
2573 91630
91630 2573
2575 7244
2575 16101
7244 2575
7244 16101
2582 26465
2582 90770
90770 26465
2584 8659
2584 59124
2584 59234
2584 90688
8659 59124
8659 59234
59124 8659
59124 59234
59234 8659
59234 59124
90688 2584
90688 8659
90688 59124
90688 59234
2586 6984
2586 57336
6984 2586
6984 57336
57336 6984
2587 9810
9810 11243
2593 33438
2595 41545
41545 2595
2599 2722
2599 23093
2599 70050
2722 2599
2722 23093
2722 70050
23093 2599
23093 2722
23093 70050
70050 2599
70050 2722
70050 23093
2603 45016
2603 52416
2603 81228
45016 14518
45016 52416
45016 58600
45016 81228
45016 86134
45016 94371
81228 14518
81228 14597
81228 45016
81228 52416
81228 58600
81228 86134
81228 94371
2607 4027
2607 80626
2607 82508
4027 15468
4027 29679
2609 2
2609 30957
2612 78505
78505 2612
2613 16812
2613 58930
2613 87460
16812 2613
16812 58930
58930 2613
58930 16812
87460 2613
2617 64672
2618 32163
2618 48888
2619 60725
2620 72176
72176 2620
2621 62814
62814 6683
2628 3401
3401 2628
2630 25112
2630 33370
2630 85923
25112 2630
25112 33370
25112 85923
33370 2630
33370 25112
33370 29036
33370 85923
85923 2630
85923 25112
85923 33370
2634 21682
2634 30386
30386 2634
30386 21682
2636 6571
6571 2636
6571 22662
2641 41909
2641 76161
76161 3324
76161 25245
76161 41909
2645 26291
2645 47309
26291 2645
26291 31550
26291 47309
47309 2645
47309 26291
2647 67848
2647 69070
2647 76768
67848 20826
67848 70923
69070 26585
69070 30128
69070 31090
69070 76768
2650 23260
2650 56507
2650 85987
23260 2650
23260 15206
23260 56507
23260 85987
56507 2650
56507 15206
56507 23260
56507 85987
2651 41909
2652 62701
2655 41909
2657 30045
2657 44629
2657 91181
2657 95037
44629 83706
2659 15587
2659 28725
2659 59390
2659 72537
2659 81134
28725 2659
28725 15587
28725 59390
28725 81134
59390 2659
59390 15587
59390 28725
59390 81134
72537 2659
72537 15587
72537 28725
72537 59390
72537 81134
81134 2659
81134 15587
81134 28725
81134 59390
2661 25038
2661 41273
2661 45672
2664 89124
89124 2664
2674 52488
2687 53451
53451 2687
2688 78244
2693 33198
2694 53573
53573 2694
2695 25891
25891 2695
2706 9303
9303 2706
2707 51894
2707 66151
51894 2707
51894 66151
66151 2707
66151 51894
2708 19665
2708 55918
2708 61638
2708 83342
19665 2708
19665 55918
19665 61638
55918 2708
55918 19665
55918 61638
61638 2708
61638 19665
61638 55918
2711 62482
62482 2711
2712 44579
2714 8631
2714 21362
2714 22210
2714 29088
2714 97724
8631 2714
8631 97724
21362 2714
21362 22210
21362 29088
22210 2714
22210 21362
22210 29088
29088 2714
29088 21362
29088 22210
29088 97724
97724 2714
97724 8631
97724 29088
97724 39364
97724 49397
97724 64890
2720 16212
2720 36307
16212 2720
16212 36307
36307 2720
36307 16212
2721 78830
78830 2721
2728 84440
2731 39049
2737 26583
26583 2737
2744 30351
2744 42040
30351 2744
30351 42040
42040 2744
42040 30351
2747 15229
2747 97540
15229 97540
2754 19192
2754 25371
2754 45550
2754 92416
19192 2754
19192 25371
19192 45550
19192 92416
25371 2754
25371 19192
25371 45550
25371 92416
45550 2754
45550 19192
45550 25371
45550 92416
92416 2754
92416 19192
92416 25371
92416 45550
2759 29911
2759 62865
2759 64697
2759 69893
29911 2759
29911 62865
29911 64697
29911 69893
62865 2759
62865 29911
62865 64697
62865 69893
64697 2759
64697 29911
64697 62865
64697 69893
69893 2759
69893 29911
69893 62865
69893 64697
2760 17766
2760 83338
83338 17766
2761 32163
2761 47823
2761 48888
2765 82834
2769 41909
2769 71325
2769 96253
71325 30786
71325 41909
71325 87710
96253 41909
96253 71325
2771 22128
2771 83854
22128 13809
22128 25410
22128 31076
22128 32921
22128 34013
22128 35459
22128 56251
22128 63743
22128 68699
22128 85901
83854 22128
83854 62111
2774 37848
2777 16868
2780 79101
79101 64924
2782 58293
2786 87204
87204 2786
2791 409
2796 8549
2798 20715
2801 59646
2801 81823
81823 5511
81823 46720
2808 14393
2810 3284
2810 6517
2814 66316
66316 2814
66316 20068
66316 61075
66316 79445
66316 81256
66316 82129
2815 19915
2818 14674
2821 58115
58115 2821
2824 43504
43504 2824
43504 63315
43504 68702
2825 44485
44485 2825
2826 80308
80308 57791
2827 9706
2830 80672
2830 89422
89422 2830
89422 80672
2831 54789
54789 23733
2832 41909
2832 63695
63695 41909
2833 69522
69522 2833
2834 36822
2837 14487
2837 36411
2837 86614
14487 2837
36411 2837
86614 2837
2839 41444
41444 2839
2842 1684
2844 5776
2844 79168
5776 8670
2852 1536
2855 34206
2855 62567
34206 62567
2857 78071
2859 57791
2860 23526
23526 10777
2865 41909
2886 14499
2892 12604
2892 16940
2892 47677
2892 94687
12604 16940
12604 47677
12604 94687
16940 12604
16940 47677
16940 94687
47677 12604
47677 16940
47677 94687
94687 12604
94687 16940
94687 47677
2893 5500
2893 14809
5500 2893
5500 14809
14809 14393
2895 17994
2895 19196
2897 38783
2897 89602
89602 41415
2912 53138
2912 91787
2914 38925
2914 97759
38925 2914
38925 97759
2915 69858
2917 46337
20286 2920
20286 14578
48095 2920
48095 14578
48095 20286
2921 94100
94100 2921
2924 67308
67308 2924
2927 67733
67733 2927
2928 40256
2928 46209
40256 47694
40256 63653
46209 40256
2930 97700
97700 97487
2932 16680
2932 66257
16680 66257
66257 16680
2934 54147
2950 36710
36710 13177
36710 22128
2951 32163
2951 66722
2951 82706
2951 88412
66722 32163
66722 82706
66722 88412
82706 32163
82706 66722
82706 88412
88412 32163
88412 66722
88412 82706
2955 12115
2955 27508
2955 69326
12115 69326
27508 12115
27508 69326
69326 12115
2961 99282
2964 18520
2964 34215
18520 2964
18520 34215
34215 18520
2965 99926
2977 16576
2977 73415
16576 2977
16576 90742
73415 2977
73415 13401
73415 17603
73415 90742
2989 28365
2990 83454
2990 95215
95215 12450
95215 15684
95215 16554
95215 61772
2994 41909
2994 73696
2996 19914
2998 84522
2999 9605
2999 32163
2999 50786
9605 2999
9605 32163
9605 50786
50786 2999
50786 9605
50786 32163
3001 33950
3001 69101
3002 16910
3004 2596
3009 67045
3011 86669
86669 3011
3015 52864
52864 3015
3021 17119
17119 3021
3022 29737
3022 32471
3022 74778
29737 3022
29737 32471
29737 33869
32471 3022
32471 29737
32471 33869
32471 74778
3031 56624
3031 81946
56624 81946
81946 56624
3033 44572
3035 9310
9310 30941
3036 74397
3036 97763
97763 74397
3038 20922
3038 57227
3038 79976
3038 88163
20922 3038
20922 57227
20922 88163
57227 3038
57227 10678
57227 20922
57227 22415
79976 71971
88163 3038
88163 20922
88163 57227
3039 3373
3039 16713
3039 25594
3039 92604
3040 79232
3043 64908
33594 3044
33594 86299
70956 3044
70956 86299
3046 32498
3048 17779
17779 4783
17779 90190
3049 5547
5547 94439
3051 84654
84654 4350
84654 58017
3052 36092
36092 3052
3053 18282
3053 80741
18282 80741
24457 3054
26576 3054
66058 3054
66058 11037
66058 64144
3055 69403
3058 14034
3058 48733
3060 2402
3060 34118
3060 54816
54816 2402
54816 3060
54816 34118
3061 78506
78506 3061
78506 4139
3063 52443
3063 66041
52443 3063
52443 66041
66041 3063
66041 52443
66041 61635
3064 2486
3066 15364
15364 18216
15364 36218
15364 37593
3069 11564
3069 18967
11564 3069
11564 18967
3071 3822
3071 30230
3071 88090
3822 87681
30230 3822
30230 88090
88090 3822
88090 30230
3073 84190
3080 57791
3085 11639
3085 23111
3085 61622
11639 61622
23111 11639
23111 61622
61622 11639
61622 22748
3098 36430
3098 58047
36430 58047
3101 2964
3101 18520
3101 34215
3103 73664
73664 3103
3104 67778
3105 1236
3107 93529
3108 68948
3108 76065
3108 90636
68948 3108
68948 24023
68948 76065
68948 90636
76065 3108
76065 68948
76065 90636
3111 16868
3117 54198
3119 63564
3123 41909
3124 36716
3124 97985
36716 27600
3125 54147
3127 54147
3128 3160
3132 48173
3132 55122
48173 55122
55122 93000
3139 57497
3140 8385
3148 26995
3148 89164
26995 3148
26995 89164
89164 3148
89164 26995
3149 53355
3150 48986
3150 97187
3151 5624
5624 3151
5624 74811
5624 80952
5624 93811
3152 66615
3152 96836
66615 96836
96836 66615
3153 10224
3154 28108
3155 13059
3155 96618
13059 3155
13059 96618
96618 3155
96618 13059
96618 17867
96618 66502
3158 59214
3159 13679
3159 27701
27701 13679
3161 66146
3161 69727
66146 69727
69727 66146
3167 57791
3169 27475
3169 63232
3169 77194
63232 3169
63232 77194
77194 3169
77194 63232
33459 3170
33459 20514
88074 3170
88074 20514
3174 4547
3176 13078
3176 33352
13078 62845
33352 13078
3177 20961
3177 32163
20961 16038
3178 22128
3178 25410
25410 12079
25410 13809
25410 22128
25410 28479
25410 32921
25410 35459
25410 56251
25410 68699
25410 77506
3179 7314
3182 36292
3182 44161
44161 9545
44161 36292
3183 14649
3183 38054
3183 42581
3184 51805
51805 3184
3186 16690
3190 8316
3192 57791
3192 62808
3192 67093
62808 57791
62808 67093
67093 57791
67093 62808
3194 98753
98753 3194
3195 88600
88600 66367
88600 79056
3199 29021
3199 30139
3199 94700
29021 3199
29021 30139
29021 94700
30139 3199
30139 29021
30139 94700
94700 3199
94700 29021
94700 30139
3201 57791
3205 21682
3209 66882
3211 68821
3221 67844
3228 36413
3228 72257
36413 21423
36413 30279
36413 34795
36413 72258
72257 3228
3229 38417
38417 13863
3235 79157
79157 94240
3236 64671
64671 3236
3241 8922
3242 46067
3245 8329
3245 48174
3245 53440
48174 3245
48174 8329
48174 53440
53440 8329
53440 48174
3251 3054
3251 58630
58630 3054
58630 3251
3254 45425
45491 35956
3260 15587
3260 34104
3260 83645
34104 3260
34104 8545
83645 6042
83645 15587
3261 28108
3261 66492
66492 3261
66492 28108
3263 34006
3268 47995
3268 64096
47995 64096
64096 97620
3271 65183
3274 35869
3275 98416
98416 3275
98416 24322
98416 61952
98416 69638
3276 1298
3279 67628
3279 88183
67628 38483
88183 3279
88183 67628
3282 46845
46845 3282
46845 38714
46845 67632
3283 7382
3286 88754
3286 95861
88754 3286
88754 95861
3288 89073
3294 32163
3294 37708
3294 48011
48011 3294
48011 32163
48011 37708
3296 6111
3299 5132
5132 67059
3300 59929
3305 86153
86153 3305
3306 41909
3307 14113
3311 33950
3311 69101
3315 3518
3316 41909
3317 56722
56722 3317
3318 79708
79708 95493
3321 79395
79395 3321
3324 41909
3324 76161
3326 31765
3326 47376
3326 92042
3327 55122
3327 81158
3332 62701
3333 16332
3333 73190
16332 50518
73190 14034
73190 25717
73190 26044
73190 54085
73190 86746
3338 1737
3338 8853
3338 50076
8853 1737
8853 50076
50076 1737
50076 8853
99787 3339
3340 90702
3340 92384
3340 93593
90702 3340
90702 92384
90702 93593
93593 90702
93593 92384
3343 8979
3343 89310
89310 8979
3344 27469
3347 12672
3347 83865
12672 3347
83865 12672
3348 36292
3352 59971
3352 86176
86176 3352
86176 59971
3358 77547
3359 77547
3366 3692
3692 3366
3367 69506
69506 3367
3368 1723
3368 53715
53715 1175
53715 1723
3369 9893
3369 32625
3376 84680
3377 93716
3379 89385
3380 94100
3383 51683
3384 6236
3384 64112
64112 6236
3386 9804
9804 3386
3388 39258
3388 40057
3388 43018
3388 49728
3388 50757
3388 90099
39258 3388
39258 43018
40057 3388
40057 43018
40057 44176
43018 3388
49728 3388
49728 6818
49728 43018
50757 3388
50757 43018
3389 45936
45936 3389
3395 6111
3397 37166
3397 98853
37166 3397
37166 98853
98853 3397
98853 37166
3399 97056
3405 38150
3405 90086
38150 3405
38150 90086
90086 38150
90086 99744
3406 3532
3406 45970
3407 5355
5355 3407
3408 69683
3411 72567
3418 98858
3419 80687
3421 5314
3422 13771
3424 24724
3424 49206
49206 53513
3430 74397
3437 6574
3437 89528
89528 86239
3441 81286
3441 82861
82861 3441
3452 85428
85428 5173
85428 63296
3456 36623
36623 98129
3460 33590
3464 41299
3464 88970
41299 19572
41299 88970
88970 41299
88970 49117
88970 63121
88970 97857
3468 8316
3468 67731
3471 5623
3471 87231
87231 3471
87231 5623
87231 43007
87231 71868
87231 94219
3474 26940
3476 31642
31642 46335
3478 83641
3481 97399
3482 62587
3482 73805
3483 21682
3483 26429
3483 36557
3483 65424
3483 93025
26429 3483
26429 21682
26429 36557
26429 65424
26429 93025
36557 3483
36557 21682
36557 65424
36557 93025
65424 3483
65424 21682
65424 36557
65424 93025
93025 3483
93025 21682
93025 36557
93025 65424
3484 98385
98385 36590
3486 86400
86400 129
86400 36530
86400 41882
3488 39468
3489 59568
3489 66877
3489 80668
3489 84448
3489 85289
59568 61666
59568 84092
66877 3489
66877 59568
66877 80668
66877 84448
66877 85289
80668 55947
84448 3489
84448 59568
84448 66877
84448 80668
84448 85289
3493 15256
3497 64558
3497 85292
85292 3497
85292 64558
3501 52684
3501 82737
52684 82737
82737 52684
3503 90791
90791 37253
3504 22879
22879 60760
22879 85209
3508 53388
53388 3508
3511 72011
72011 3511
3512 19619
19619 3512
3513 54511
3513 76366
3515 10777
3515 44914
3515 99288
44914 10777
99288 10777
3519 14598
14598 47170
3520 12958
3520 39715
39715 12958
3521 45417
45417 3521
3526 96497
96497 3526
3528 63311
63311 15993
63311 16083
63311 60528
63311 70699
63311 83316
3537 8082
3537 42850
42850 3537
3540 54147
3542 21682
3544 59628
59628 3544
3546 42858
42858 3546
3548 67397
3552 84842
84842 3552
3557 49627
3560 4547
3560 90281
3567 79256
3571 14673
3575 78128
3576 40362
3577 46899
3577 91693
3579 9678
3580 4548
3580 56464
4548 3580
4548 46531
56464 3580
3585 13372
3587 46629
3589 97283
3596 49617
3598 40016
3600 40994
40994 3600
3601 88050
3602 17009
3602 91720
91720 17009
3607 88498
3609 65657
3609 73763
73763 65657
68707 3611
3613 6115
3613 32837
3614 6559
3614 7334
3614 29860
3614 52540
6559 7334
6559 29860
6559 52540
7334 6559
7334 29860
7334 48221
7334 52540
29860 6559
29860 7334
29860 52540
52540 6559
52540 7334
52540 29860
3615 12091
3615 85307
12091 3615
12091 32520
12091 85307
85307 3615
85307 12091
3616 11670
3616 72128
11670 3616
11670 72128
72128 3616
72128 11670
3617 65946
3619 26048
3619 52009
3619 61667
3619 65331
61667 26048
61667 52009
61667 65331
3620 94362
3621 47298
47298 3621
3622 20191
3622 68369
20191 68369
68369 20191
3624 44972
3625 92139
92139 75783
92139 85406
3627 85295
3630 53852
3630 57249
53852 96981
57249 53852
57249 96981
3633 68245
3638 11830
3638 86251
3638 90348
3639 69253
69253 3639
3641 22563
3641 74568
3641 79515
3641 85955
22563 79515
74568 22563
74568 79515
79515 22563
79515 55793
85955 22563
85955 79515
3643 16308
3644 21682
3644 46583
46583 3644
46583 21682
3645 48006
3645 57791
48006 57791
3646 75517
3652 57791
3652 68488
3653 6939
3653 12020
3653 14753
3653 98185
6939 12020
12020 6939
14753 3653
14753 6939
14753 12020
98185 365
3654 5314
3660 31503
3660 40257
3660 54542
40257 71
40257 31503
54542 31503
54542 38211
54542 40257
54542 94524
3662 57791
3664 19362
3666 54170
54170 38588
3671 28124
3671 84654
3671 86490
28124 84654
28124 86490
86490 28124
86490 84654
3675 35242
35242 15912
35242 21900
3677 76969
76969 34405
76969 47703
76969 58440
76969 63198
76969 65825
76969 91457
3680 68837
3682 35546
3682 94862
35546 3682
35546 94862
94862 3682
94862 35546
3683 4000
3683 44966
3683 50605
4000 44966
4000 50605
50605 4000
50605 44966
3685 4657
3685 73989
3685 76431
3685 97522
4657 3685
4657 73989
4657 76431
4657 97522
73989 3685
73989 76431
73989 97522
76431 3685
76431 73989
76431 97522
97522 3685
97522 73989
97522 76431
3686 2028
3686 21682
3686 79662
79662 2028
79662 3686
79662 21682
79662 65932
3687 73238
73238 3687
3693 62583
62583 3693
62583 35056
3695 23413
3695 33014
23413 3695
23413 33014
33014 3695
33014 23413
3696 48195
3706 54359
54359 11013
3707 58807
3709 53961
3716 36292
3716 44161
3720 98063
3721 86533
3721 86915
3725 65116
3725 90320
65116 3725
65116 64122
65116 90320
90320 3725
90320 65116
3726 8316
3733 32624
3739 31590
3739 63047
31590 3739
31590 63047
63047 3739
63047 31590
3745 57791
3747 79554
3747 83186
3751 35579
35579 40697
3754 58539
3757 25123
3757 31441
3757 58690
25123 58690
58690 25123
3759 10025
3765 2107
3765 74397
3765 86055
3773 55998
55998 3773
3781 4466
3783 23497
3783 97998
3784 27106
3784 59961
27106 3784
27106 59961
59961 3784
59961 22011
59961 27106
3788 48099
3791 4627
3791 19453
3791 58213
3791 64856
3791 68584
4627 58213
4627 64856
4627 68584
19453 3791
19453 4627
19453 7431
19453 58213
19453 64856
19453 68584
19453 73168
19453 86191
19453 99916
58213 4627
58213 7431
58213 39806
58213 64856
58213 68584
58213 70145
58213 70361
58213 73168
58213 86191
58213 99916
64856 4627
64856 58213
64856 68584
68584 3791
68584 4627
68584 19453
68584 31178
68584 45700
68584 58213
68584 64856
68584 75148
3792 19979
19979 9589
19979 28470
3794 79765
3795 7533
3795 37358
3795 98502
7533 3795
7533 37358
7533 98502
37358 3795
37358 7533
37358 98502
98502 3795
98502 7533
98502 37358
3796 62680
3803 89612
3806 55809
55809 3806
55809 87790
3807 26360
3807 42354
26360 3807
26360 42354
26360 54571
42354 3807
42354 26360
3813 96982
96982 15719
3814 6573
6573 3814
3815 38039
38039 3815
3817 36246
36246 3817
3818 9572
9572 3818
3819 7539
87681 3822
3825 59567
3825 77838
59567 77838
77838 3825
77838 59567
3827 8766
8766 3827
3832 31968
3833 56166
56166 3833
3846 32163
3846 48888
3853 41909
3858 8879
8879 22668
8879 55736
8879 79268
3861 2527
3861 44694
44694 513
44694 5775
44694 5974
44694 7331
44694 16094
44694 19915
44694 22208
44694 25116
44694 40890
44694 42443
44694 45070
44694 51574
44694 54172
44694 54802
44694 76659
44694 79355
44694 99841
3862 65985
65985 94493
3864 38638
3864 42517
38638 3864
38638 42517
42517 3864
42517 38638
3865 16851
3865 43533
16851 43533
3872 78244
3874 71269
71269 3874
3883 4635
3883 29459
29459 4635
29459 10456
29459 54496
3884 83724
83724 3884
3886 98657
98657 3886
3887 29070
29070 3887
3894 53940
3897 5625
3897 10130
3897 23971
3897 42995
3897 44560
5625 3897
5625 10130
5625 42995
5625 44560
10130 3897
10130 5625
10130 42995
10130 44560
10130 71755
42995 3897
42995 5625
42995 10130
42995 24782
42995 31507
42995 44560
42995 47256
42995 48757
42995 55023
42995 55913
42995 57231
42995 70710
42995 71755
42995 87429
42995 89168
44560 3463
44560 3897
44560 5625
44560 10130
44560 42995
44560 85983
3898 5409
3902 84432
3902 88607
84432 3902
84432 36292
84432 88607
88607 34026
88607 36292
88607 84432
31937 3905
3908 3483
3908 21682
3908 36557
3908 65424
3908 93025
3914 12522
3914 74901
74901 3914
74901 12522
74901 83633
3915 24939
3915 58774
3919 96754
3919 99473
96754 3919
96754 99473
99473 3919
99473 96754
3922 57791
3926 14809
3935 66524
66524 3935
3936 57791
3938 76581
3940 38802
3940 49103
38802 49103
49103 3940
49103 38802
3943 7004
7004 3943
3944 13327
3944 32163
3944 48888
13327 32163
13327 48888
3949 26426
3949 33974
3949 43185
3949 85383
26426 24508
26426 85383
33974 85383
43185 85383
43185 88350
3950 45952
3952 34849
3952 84994
34849 84994
84994 34849
84994 84475
3954 56331
3956 90069
3957 38964
38964 3957
3958 15263
3958 32163
3958 48888
3958 79367
3958 86526
15263 32163
15263 48888
15263 79367
15263 86526
79367 15263
79367 32163
79367 48888
79367 86526
86526 15263
86526 32163
86526 39309
86526 48888
86526 79367
3959 20998
3961 15263
3961 32163
3961 48888
3961 79367
3961 86526
3965 84522
3972 20852
20852 3972
3977 4667
3984 94657
94657 44688
3995 46198
46198 3995
46198 15653
46198 17077
3996 11919
3996 39876
11919 3996
11919 39876
39876 3996
39876 11919
3997 17918
4001 7314
4003 58129
58129 4003
58129 12949
4004 12680
12680 4004
4006 28874
4006 47356
4006 60849
4006 80852
4006 93482
28874 47356
28874 60849
28874 80852
28874 93482
47356 4006
47356 28874
47356 60849
47356 65074
47356 80852
47356 93482
60849 28874
60849 47356
60849 80852
60849 93482
80852 28874
80852 47356
80852 60849
80852 93482
93482 28874
93482 47356
93482 60849
93482 80852
4008 22115
4022 59971
4022 61856
61856 59971
4023 11535
11535 9533
11535 34824
11535 36294
11535 59322
4024 59279
59279 11830
4025 18418
18418 55275
18418 58951
4026 15091
4028 55595
55595 4028
4032 46159
4032 54147
4032 95819
46159 4032
95819 4032
4033 13478
4036 51603
4039 28153
4039 97720
28153 4039
28153 74397
28153 97720
4041 58539
4041 63451
4042 7550
7550 75990
4049 18659
4049 71032
18659 21510
18659 71032
18659 85212
71032 18659
4052 68513
4053 40973
4053 42910
4053 50740
4053 83325
40973 4053
40973 50740
40973 83325
42910 40973
42910 50740
42910 83325
50740 40973
50740 83325
83325 40973
83325 50740
4056 46765
46765 4056
4057 42714
4057 83894
42714 83894
83894 4057
83894 42714
4058 52910
52910 44391
4061 19662
4061 60424
4061 76788
76788 19662
76788 65980
4065 82832
4067 10839
4067 13232
10839 13232
10839 42689
10839 83692
13232 4067
13232 10839
4068 31134
4073 7531
4073 90786
7531 90786
90786 7531
4077 54361
54361 10364
54361 20634
54361 21038
54361 23759
54361 27730
54361 39597
54361 51906
54361 52322
54361 65955
54361 75042
4083 51683
4087 18755
4087 73031
4089 31503
4090 19572
4090 41299
4090 88970
19572 41299
19572 88970
4094 45425
4095 29938
4095 46701
29938 17729
29938 46701
46701 11731
46701 29938
4096 85372
4097 75887
75887 19666
4102 27840
4107 1532
4107 91228
4107 96298
4107 97436
4108 54147
4108 96609
96609 4108
96609 54147
4109 68089
4110 18083
18083 4110
4114 11762
4114 61083
4115 13374
4118 9787
4120 39265
39265 4120
4126 74089
74089 4126
4127 710
4128 13536
4128 70376
4128 74397
4128 74706
4128 91228
70376 74706
74706 15888
74706 16866
74706 24071
74706 34734
74706 65301
74706 74397
74706 78365
74706 96298
4131 69752
69752 4131
69752 60756
4132 9684
4132 63999
9684 63999
4133 67537
67537 61779
4134 94430
4135 36292
4136 64669
4137 62701
4139 78506
4143 33568
4143 45831
4143 66724
4143 83453
33568 45831
33568 66724
45831 33568
45831 66724
4145 39834
4145 70714
39834 4145
39834 70714
70714 4145
70714 39834
70714 93192
4146 32163
4146 56734
56734 4146
56734 32163
4148 75367
4149 8055
8055 63914
4150 12858
12858 4150
4151 12017
12017 4151
4153 7438
4153 65003
4153 87555
4154 71670
4161 12958
4161 39715
4163 77018
77018 4163
77018 19606
4165 52770
4167 42281
4167 42924
4167 92643
42281 4167
42281 42924
42281 92643
42924 4167
42924 42281
42924 92643
92643 4167
92643 42281
92643 42924
4172 17806
4172 64809
17806 64809
64809 17806
4173 43792
4174 55174
4174 75419
55174 75419
4182 43674
4182 45769
43674 4182
43674 45769
45769 4182
45769 43674
4184 46326
4189 17547
4189 47927
17547 47927
17547 69083
17547 81555
47927 17547
4199 33198
4204 54775
4204 99221
54775 99221
99221 54775
4211 36292
4213 10219
4215 75344
4216 46316
46316 4216
46316 32904
46316 41097
4217 25808
4217 80510
4218 22416
4218 24189
4219 8653
4219 21882
4219 97956
8653 2483
4224 46932
46932 88840
4225 20923
4227 4552
4228 61769
4228 92971
4234 51405
51405 4234
4235 86299
4237 10200
4237 23215
4237 60083
10200 4237
10200 23215
10200 60083
23215 4237
23215 10200
23215 60083
60083 4237
60083 10200
60083 23215
4239 32163
4242 75168
75168 4242
4246 26922
4246 28754
4246 41422
4246 57351
4246 98716
26922 75866
26922 91253
28754 26922
28754 41422
28754 57351
28754 98716
41422 72006
4248 76768
4248 91389
91389 16000
4252 11471
11471 4252
4257 5224
4257 37521
5224 37521
37521 5224
4258 54361
4258 66728
4258 98817
98817 37687
98817 47702
98817 81185
4260 79997
4261 61241
4261 79050
61241 4261
61241 79050
79050 66884
79050 97757
4262 65313
4267 18500
18500 81773
4273 14635
4273 40318
4273 43874
14635 4273
14635 40318
14635 43874
40318 4273
40318 14635
40318 43874
43874 4273
43874 14635
43874 40318
4275 97252
4281 25925
4281 76345
25925 76345
76345 25925
4286 94802
4289 34258
4301 20462
20462 93556
4308 7314
4308 97529
97529 7314
97529 21170
4313 17846
4313 40541
17846 4313
17846 40541
40541 4313
40541 17846
4322 36292
4332 34622
4332 52171
4332 91785
34622 42340
34622 91785
52171 98212
4333 37903
4333 72217
72217 53058
4336 53458
4336 69613
53458 69613
53458 73590
69613 13376
4343 99037
4346 44966
4350 84654
4352 38939
38939 10906
38939 22115
4354 8008
4354 60441
8008 4354
8008 60441
60441 4354
60441 8008
4355 53456
4355 57791
4361 8544
4361 19077
4361 21584
4361 24339
4361 85803
85803 4361
4363 50400
4363 90613
50400 90613
90613 50400
4365 5337
5337 4365
4366 89521
4367 280
4372 63021
63021 4372
63021 41835
4375 12222
4375 61425
4375 81089
12222 15470
12222 16575
12222 81089
81089 70921
4376 50933
4378 63679
63679 4378
63679 71521
4379 32335
4385 39540
4385 94657
39540 94657
4387 48436
48436 2866
48436 4387
4388 42388
42388 66431
4392 37909
4395 68782
4395 89682
4395 93542
68782 4395
68782 89682
89682 4395
89682 68782
4396 8275
4399 36982
4399 50449
36982 4399
36982 50449
50449 4399
50449 36982
4411 95183
4415 46474
4422 54568
4422 66950
4422 93646
93646 4422
4431 71633
4434 59470
59470 4434
59470 47251
4439 10778
4439 86613
10778 4439
10778 15587
10778 45702
10778 86613
86613 14674
4441 23421
23421 4441
4444 12977
4444 73281
12977 4444
12977 73281
73281 12977
4446 15889
15889 10777
15889 14225
15889 63318
15889 72097
4450 30837
4450 50055
4450 79855
79855 4450
79855 30837
4457 75797
75797 4457
4460 42783
4460 48104
42783 22011
42783 24558
4462 92698
4463 5763
4463 13804
4463 40047
4463 56677
5763 4463
5763 13804
5763 40047
5763 56677
13804 5763
13804 40047
13804 56677
40047 5763
40047 13804
40047 56677
4465 44244
4469 21337
4471 13742
13742 4471
4475 50732
4476 7917
4476 54822
4480 18022
18022 53741
4481 28759
4482 57999
4482 89002
4483 13808
4487 68818
68818 79467
4493 76232
4493 96629
76232 16115
76232 61012
4500 17271
17271 4500
4503 33194
4508 21636
21636 4508
4509 32403
4514 12266
4514 48556
4514 53998
4514 86621
12266 4514
12266 48556
12266 53998
12266 86621
48556 4514
48556 12266
48556 53998
48556 86621
53998 4514
53998 12266
53998 48556
53998 86621
4515 58074
4515 71222
58074 4515
58074 71222
71222 71054
4516 8676
4518 7747
7747 4518
4519 60321
4522 18408
4528 73648
4532 17065
17065 4532
4541 9080
4541 66033
9080 66033
66033 9080
4542 27913
4542 69198
27913 4542
27913 40160
27913 60541
27913 74830
4544 31063
4544 60731
31063 4544
31063 60731
60731 4544
60731 31063
4545 39366
4545 85995
39366 4545
46531 8635
46531 62039
4549 66383
66383 4549
4557 8316
4559 86007
4560 20308
4560 42797
4560 62399
62399 18315
4561 92807
4571 6693
6693 4571
4574 26498
26498 4574
4576 63884
4576 98863
63884 4576
63884 98863
98863 4576
98863 63884
4577 28042
28042 4577
4578 27416
4578 60271
60271 4578
60271 27416
4579 91281
91281 4579
4581 211
4585 4635
4585 29459
4585 92869
92869 4585
92869 4635
92869 29459
4589 14972
4589 68097
14972 4589
14972 68097
68097 4589
68097 14972
4590 95351
4593 73521
4596 54361
4597 36292
4598 44080
44080 34698
4601 11832
4601 40709
11832 40709
40709 71412
4608 37676
4608 91463
37676 70472
91463 37676
91463 70472
4620 33880
4620 65708
33880 4620
33880 65708
65708 4620
65708 33880
4621 4760
4621 30211
4621 83020
4760 30211
4760 37151
4760 83020
30211 4760
30211 83020
83020 4760
83020 30211
4623 65177
4625 31622
4625 47900
4625 87120
31622 47900
31622 49424
31622 87120
31622 87447
47900 70401
47900 87120
87120 14147
87120 47900
4626 59001
4626 70358
59001 4626
59001 70358
70358 4626
70358 59001
4630 54147
4631 47789
4631 88839
47789 8105
47789 88839
88839 47789
4633 12854
4633 13478
4633 44967
4633 83022
44967 4633
44967 83022
83022 4633
83022 44967
4636 15687
15687 4636
15687 93370
4638 7665
4638 55120
4638 88720
4638 93597
7665 4638
7665 55120
7665 88720
7665 93597
55120 4638
55120 7665
55120 88720
55120 93597
88720 4638
88720 7665
88720 55120
88720 93597
93597 4638
93597 7665
93597 55120
93597 88720
4640 14134
4640 96525
14134 86500
4642 50383
4642 78160
4646 97283
4649 2841
4653 79889
4658 77748
77748 4658
4661 19550
4661 28159
4661 42440
19550 93406
28159 4661
28159 42440
28159 74397
42440 19550
42440 74397
4662 56699
4664 23526
4665 82515
4666 91544
4668 32163
4668 71248
71248 4668
71248 32163
4672 57113
4672 75573
4672 95693
4672 99494
57113 33780
57113 75573
57113 86481
57113 96066
75573 33780
75573 57113
4673 34945
4678 5786
4678 65248
5786 4678
65248 4678
65248 5786
4683 16156
16156 98906
4686 13326
4686 15924
4686 22039
4686 48902
4686 80559
13326 4686
13326 15924
13326 22039
13326 48902
13326 80559
15924 4686
15924 13326
15924 22039
15924 48902
15924 80559
22039 4686
22039 13326
22039 15924
22039 48902
22039 80559
48902 4686
48902 13326
48902 15924
48902 22039
48902 80559
80559 4686
80559 13326
80559 15924
80559 22039
80559 48902
4689 14787
4689 66364
4690 8329
4690 60200
4690 65776
65776 4690
65776 8329
4692 19708
4697 34788
34788 4697
4698 36761
4698 54649
36761 4698
36761 25762
36761 54649
54649 36761
4702 57412
57412 4702
4705 7840
4705 56413
4705 92082
7840 4705
7840 56413
7840 92082
56413 4705
56413 7840
56413 92082
4706 32774
4706 96368
32774 4706
32774 96368
96368 4706
96368 32774
4710 9497
4712 7314
4714 99517
4715 51683
4718 45425
4720 8101
4726 85372
4728 29232
4731 39738
39738 4731
39738 72073
4739 66165
4743 17864
4743 35960
17864 4743
17864 35960
35960 80951
4747 7925
4747 60748
4747 80893
4756 81158
4757 53181
53181 23570
53181 85829
37151 4760
4762 8316
4764 79769
79769 4764
4770 57791
4776 56679
56679 4776
4778 13800
4778 37138
13800 80013
4779 17333
4780 92030
92030 4780
92030 59614
4781 7314
4783 17779
4783 96059
4785 90893
4788 83216
83216 49007
4791 43963
4807 34673
34673 4807
4810 66832
4810 71513
71513 4810
71513 66832
4817 32163
4817 48888
4818 30837
4819 8283
4824 40828
4828 15587
4828 60157
60157 4828
60157 15587
4829 23953
4829 85582
23953 85582
85582 23953
4831 14484
14484 54465
4835 43396
4835 88940
43396 88940
88940 19017
4840 84760
84760 4840
4844 9533
4844 92400
92400 9533
4845 2569
4845 36170
4850 16660
4850 77727
4850 78490
4850 88510
16660 77727
16660 78490
16660 88510
4863 65403
4868 63979
4870 932
4872 61937
4874 13494
4874 20629
4874 33557
4874 70370
13494 4874
13494 33557
13494 70370
20629 4874
20629 33557
20629 70370
33557 4874
33557 70370
70370 4874
70370 33557
4879 16892
4879 21691
16892 4879
16892 21691
21691 4879
4880 42878
42878 4880
42878 68265
4888 8219
8219 4888
4890 92962
92962 4890
4892 80746
4893 16868
4894 43346
43346 4894
4898 7575
7575 4898
4902 14672
4904 3400
4907 43855
43855 4907
4908 66434
4912 7314
4917 3937
4919 10033
4919 10380
10033 4919
10033 10380
10033 46119
10380 10033
4920 79595
79595 4920
4922 60024
60024 4922
4927 53852
4927 57249
4930 76757
76757 90108
4932 23005
4941 26463
26463 33822
4942 12487
4944 23804
23804 4944
23804 29288
23804 70440
4954 34999
4954 92139
34999 4954
34999 92139
4958 8979
4958 89310
4959 30703
30703 4959
4960 42866
4960 43564
4960 48761
42866 4960
43564 4960
4961 31746
4965 45304
45304 68741
45304 72859
4968 10981
10981 4968
10981 16969
4972 43792
4977 29671
4977 43126
29671 4977
29671 88966
43126 4977
43126 29671
4980 278
4980 23097
4982 56894
4984 39264
4984 51040
4984 68465
39264 51040
39264 68465
51040 3680
51040 3797
51040 6544
51040 7112
51040 14583
51040 16547
51040 18500
51040 20822
51040 29850
51040 34434
51040 36197
51040 58003
51040 63206
51040 64651
51040 65935
51040 68465
51040 70252
51040 76426
51040 78929
51040 79964
51040 97292
4992 16548
16548 4992
4993 23858
23858 55728
4999 88521
5002 83644
5004 33461
5004 75773
5004 83029
75773 5004
83029 5004
5005 49872
49872 5005
5006 7038
5009 53518
53518 5009
53518 80379
5010 23526
5011 25419
5011 48316
25419 5011
25419 48316
48316 5011
48316 25419
5014 73672
73672 5014
5015 17667
5019 6111
5024 60764
5027 17547
5027 47927
5027 81003
81003 17547
81003 47927
5029 40975
5030 83066
5035 17798
5035 24233
5035 41909
5035 78535
5035 99954
17798 24233
17798 41909
17798 78535
17798 99954
24233 15280
24233 17583
78535 5035
78535 17798
78535 24233
78535 41909
78535 99954
99954 17798
99954 24233
99954 41909
99954 78535
5040 34431
34431 5108
34431 84522
5042 51448
5044 53386
5044 83250
5044 89447
5044 95896
53386 81677
53386 95896
83250 53386
83250 95896
89447 53386
89447 81677
89447 95896
5048 65326
5054 6047
5054 30596
6047 5054
6047 30596
30596 5054
30596 6047
5056 40112
5056 54147
40112 5056
40112 54147
5060 85372
5062 89206
5062 96197
89206 5062
89206 37777
89206 68671
89206 96197
5073 12336
5073 65651
12336 65651
65651 5073
65651 12336
65651 14173
5079 3805
5079 35458
5081 11096
5081 15235
11096 15235
5082 95547
95547 5082
5087 74055
74055 904
74055 9312
74055 19952
74055 50144
74055 64824
5088 10333
5088 43217
5088 52819
10333 52819
43217 5088
43217 10333
43217 52819
52819 10333
52819 88508
5097 21682
5097 57607
57607 5097
57607 21682
5099 7906
5100 10889
10889 3684
10889 55006
10889 74301
5103 62816
62816 5103
5105 64540
5110 9129
5110 60862
5110 79872
9129 5110
9129 60862
60862 22439
60862 32163
79872 24080
79872 28475
5111 4333
5114 50215
50215 63277
5116 48984
48984 5116
48984 94355
48984 97549
48984 99941
5121 61303
5124 8994
5124 19480
5124 64010
5124 84914
8994 19480
8994 64010
19480 5124
19480 8994
19480 64010
19480 82625
64010 8994
64010 19480
84914 8994
84914 19480
84914 64010
5127 20100
5127 52025
20100 5127
52025 5127
5133 2874
5133 88467
88467 2874
88467 5133
5137 84774
84774 5137
5139 39364
5141 50732
5141 93851
93851 5141
5143 35495
5143 57791
35495 5143
35495 57791
5156 78244
5158 8316
5161 87462
5164 58861
5170 94657
5173 85428
5179 43946
5182 99540
99540 29295
5201 52416
5202 26945
26945 5202
26945 40481
5204 98930
98930 5204
98930 14898
5207 10558
5207 42341
10558 5207
10558 40653
42341 10558
42341 59657
5209 39144
5214 13173
13173 91029
5216 71713
5220 23876
5223 23308
5223 50732
23308 35555
23308 64247
23308 72517
5227 69520
5227 77829
5227 94357
69520 77829
69520 93902
69520 94357
77829 69520
77829 93902
77829 94357
94357 69520
94357 77829
5237 10814
10814 5237
5240 86613
5241 6557
5241 71144
5241 84319
5241 92840
6557 84319
6557 92840
84319 5241
84319 6557
84319 71144
84319 92840
92840 6557
92840 74298
92840 84319
5244 86125
5249 7117
5249 36292
7117 36292
5252 22280
5253 57791
5253 68488
5253 74977
5253 81478
5253 85446
5253 94712
74977 57791
74977 68488
81478 57791
81478 68488
85446 57791
85446 68488
94712 57791
94712 68488
5255 34780
5261 86299
5266 10573
5266 32709
10573 28676
5268 61622
5270 45036
5270 74397
45036 5270
45036 74397
45036 91228
5275 19352
5275 59653
19352 91348
59653 19352
5276 83183
83183 5276
5277 58804
5278 32163
5278 48888
5279 72329
5289 54147
5289 59455
5289 62554
5289 64741
5289 90214
5289 96630
59455 23816
59455 54147
62554 5289
62554 59455
62554 64741
62554 90214
62554 96630
64741 5289
64741 54147
64741 59455
64741 62554
64741 90214
64741 96630
90214 5289
90214 54147
90214 59455
90214 62554
90214 64741
90214 96630
96630 5289
96630 54147
96630 59455
96630 62554
96630 64741
96630 90214
5290 12604
5290 16940
5290 47677
5290 94687
5296 45425
5301 72789
5301 84117
72789 32437
72789 84117
84117 32437
84117 72789
5304 68574
5304 91216
68574 5304
68574 91216
91216 5304
91216 68574
5305 85372
5308 25841
5309 26661
26661 5309
5312 97834
97834 42340
5313 1155
5316 9553
9553 42024
9553 60655
5318 14778
5319 32382
5319 37134
32382 5319
32382 37134
37134 5319
37134 32382
37134 70053
37134 78931
37134 83676
5321 56658
56658 5321
5327 97182
97182 5327
97182 89753
97182 93491
5335 10021
5335 32163
5336 71762
5338 57537
5338 61540
57537 61540
61540 57537
5339 15630
5339 55254
5339 64554
15630 5339
15630 55254
15630 64554
55254 5339
55254 64554
55254 96833
64554 5339
64554 22189
64554 41058
64554 55254
5340 72106
5340 85924
72106 17312
85924 5340
85924 72106
5341 66286
5342 59971
5344 48029
5350 8148
5352 71883
5354 8317
5354 21876
5354 95125
8317 63093
21876 11780
5357 11263
5358 7314
5363 4635
5363 10456
5363 29459
5363 54496
10456 4635
10456 29459
54496 4635
54496 29459
54496 78915
5366 41909
5371 10333
5371 52819
5373 19043
5378 14951
5378 48561
14951 48561
48561 5378
48561 14951
5381 5715
5381 15747
5381 21682
5381 67969
5715 15747
5715 21682
5715 67969
15747 5715
15747 21682
15747 67969
67969 5715
67969 15747
67969 21682
5382 68384
5382 95050
68384 13025
68384 81437
95050 13025
95050 81437
5384 62867
62867 98678
5386 1285
5386 28663
5386 32734
5389 15994
5389 84852
5390 21225
5401 49864
5413 74400
5414 34527
5415 41094
41094 17198
5417 91684
91684 11003
5418 12317
5418 49419
12317 5418
12317 49419
49419 5418
49419 12317
5419 55457
55457 8325
55457 71317
5420 89834
89834 16004
89834 81428
89834 95989
5423 68825
5426 4027
5426 9533
5426 80626
5426 85908
85908 4027
85908 5426
85908 9533
85908 80626
5430 88651
5431 25311
5431 37177
25311 37177
37177 25311
5437 48646
5441 3497
5441 64558
5444 1068
5445 49845
5445 83871
5446 98102
98102 5446
5447 36240
5447 70829
36240 5447
36240 70829
70829 5447
70829 36240
5451 16362
16362 5451
16362 39626
16362 57646
16362 76264
5452 5676
5452 41909
5676 41909
5453 1532
5453 33125
5453 96298
5453 97436
33125 1532
33125 96298
33125 97436
5455 72657
5456 40302
5456 41909
40302 41909
5458 15587
5459 30775
5459 93251
30775 93251
93251 29092
93251 41115
5463 67862
5463 70061
5464 17017
17017 5464
5465 30002
30002 79157
5467 94100
5474 34011
5474 71644
34011 21292
34011 36759
34011 64145
34011 71644
71644 34011
5482 86299
5486 54147
5487 69011
69011 5487
69011 44225
5489 1633
5489 23331
5492 87147
87147 48653
5494 51951
51951 5494
5497 56001
5498 45425
5501 45425
5506 82080
5511 81823
5513 36292
5516 15235
5517 44766
44766 5517
5522 74705
5525 82370
5526 88609
5529 34539
34539 5529
5532 6100
5532 16681
5532 35879
5532 53730
5532 55369
16681 35879
35879 16681
5535 23329
5536 26996
5536 56269
26996 56269
56269 26996
5538 54364
5538 74618
74618 54364
5539 6236
5539 64112
5546 718
5546 36292
94439 5547
5548 33556
5548 56650
33556 56650
56650 91789
5549 88415
5549 94020
5550 47900
5550 87120
5552 24689
5556 18980
5556 20334
5556 46264
5556 54282
18980 20334
18980 46264
18980 54282
20334 18980
20334 46264
20334 54282
46264 18980
46264 20334
46264 54282
54282 18980
54282 20334
54282 46264
5558 80515
5561 44416
5561 64096
5561 70079
44416 64096
44416 70079
70079 44416
70079 62948
70079 64096
5564 49041
5564 77890
5565 54147
5567 57944
57944 5970
57944 33983
5568 64324
5568 99922
64324 72730
64324 99922
99922 64324
5570 13421
5570 32423
13421 5570
13421 32423
32423 5570
32423 13421
5579 54147
5581 41909
5585 53366
5585 97506
53366 84058
97506 5585
97506 53366
5589 54147
5589 96837
5590 36292
5591 5623
5593 74397
5596 28256
5596 54421
54421 5596
54421 28256
5601 56203
5601 80791
56203 80791
5602 62701
5606 81013
5607 16332
5607 73190
5610 60173
5612 43597
43597 99265
74811 5624
80952 5624
93811 5624
5626 48977
5626 55111
5626 85779
48977 5626
48977 55111
48977 85779
55111 5626
55111 48977
55111 85779
85779 5626
85779 48977
85779 55111
5628 14675
14675 5628
5629 32190
5629 33016
5629 71446
32190 33016
32190 71446
33016 32190
5631 46778
5634 45534
5634 72414
45534 72414
5638 63648
5638 80185
63648 80185
80185 63648
5640 83761
5645 18193
5645 32052
18193 32052
32052 18193
5647 19575
19575 5647
5649 8856
8856 53019
8856 63741
5653 1049
5653 93721
5658 64545
64545 5239
64545 96616
64545 97762
5659 86605
86605 60964
5660 10453
5660 27469
5661 14985
5661 39435
5662 61185
5663 14147
5663 47900
5663 87120
14147 47900
14147 87120
5664 70693
70693 10597
70693 14021
5666 3395
5666 6111
5668 76910
76910 5668
5669 30010
30010 5669
30010 71558
30010 85301
5678 21028
21028 5678
5680 49452
5683 49234
5688 80517
80517 44399
5693 58493
5693 91969
58493 5693
58493 91969
91969 5693
91969 58493
5705 4635
5705 29459
5709 35811
35811 34431
35811 98091
5710 57791
5712 62506
62506 10650
62506 56200
5714 57881
5714 80273
57881 5714
57881 80273
80273 5714
80273 57881
5718 24192
24192 5718
5722 48378
48378 5722
5723 65827
65827 21682
5740 30083
30083 5740
30083 32280
5741 17648
17648 5741
17648 42116
5744 1049
5744 36943
5744 82606
5744 93721
36943 1049
36943 5744
36943 82606
36943 93721
82606 1049
82606 5744
82606 36943
82606 93721
5745 36394
5745 71580
36394 71580
5746 71662
5753 23232
5761 88055
88055 6541
5762 8213
8213 5762
5764 12217
12217 13189
12217 83635
12217 84635
5766 51896
5769 41445
5773 32163
5773 33478
5773 46640
5773 48888
5773 82627
33478 5773
33478 28925
33478 32163
33478 48888
33478 93185
46640 32163
46640 48888
82627 32163
5774 54260
54260 56357
5775 42443
5775 99841
8670 5776
33578 19470
33578 84436
84436 10485
84436 19470
84436 21259
84436 33578
84436 34558
84436 35382
84436 57509
84436 81894
5784 70284
5787 31457
5787 37069
31457 5787
37069 5787
5788 16868
5788 48667
48667 16868
5790 38246
38246 67010
38246 95009
5791 80626
5796 57946
57946 5796
57946 82387
5797 12830
5797 93225
5799 72106
5799 98550
98550 72106
5806 30837
5807 25746
5807 36243
5807 87061
5807 87187
5807 99407
25746 36243
25746 87061
25746 99407
36243 48549
36243 49944
87061 25746
87061 36243
87061 99407
99407 25746
99407 36243
99407 41049
99407 70012
99407 87061
5813 18039
18039 5813
18039 98910
5814 8316
5816 74521
5820 54003
5820 86299
54003 5820
54003 86299
5821 60927
5823 14306
14306 5823
5825 28935
5825 80679
28935 80679
80679 5825
80679 16943
80679 28935
5828 9048
9048 5828
5829 2415
5829 50244
50244 2415
50244 5829
5830 26637
5833 29066
29066 5833
5837 45474
5838 40646
40646 32595
40646 35579
40646 42616
40646 43032
40646 63094
5846 89448
5846 97126
89448 86156
89448 93319
97126 5846
97126 89448
5850 10261
5850 58112
5850 61175
5850 71408
10261 40241
10261 58112
10261 71408
61175 5850
61175 10261
61175 58112
61175 71408
71408 58112
5851 26116
5851 90469
26116 90469
5852 51867
51867 80623
51867 84731
5856 47297
5857 22538
22538 41693
22538 45195
5858 42798
42798 25617
42798 51183
5863 36312
5863 52909
36312 5863
52909 36312
5864 42800
42800 5864
5865 84969
5865 85888
5866 74397
5866 91228
5867 21255
21255 11546
5874 50177
50177 92256
5875 41197
41197 5875
5882 51766
5882 90073
5882 95563
5884 35141
35141 5884
5887 35577
5887 84440
35577 5887
35577 84440
5889 11567
5889 35478
5889 88305
11567 5889
11567 88305
35478 5889
35478 88305
88305 5889
88305 66418
5891 13213
13213 5891
5894 32296
32296 5894
5895 67416
5896 4899
5898 28022
5899 12423
5899 39378
12423 5899
39378 5899
39378 67606
5903 13408
5908 23494
5910 32163
5910 48888
5911 54078
54078 79684
5912 41007
5912 53622
5912 73526
41007 5912
41007 53622
41007 73526
53622 5912
53622 41007
53622 73526
73526 5912
73526 41007
73526 53622
5913 56700
56700 5913
56700 37385
5914 78509
5915 35085
35085 5915
5918 55639
5919 3793
5922 13416
5922 14621
13416 5922
13416 14621
14621 5922
14621 13416
5924 38524
38524 59702
5926 15290
5926 32163
5926 38502
5926 82309
15290 5926
15290 32163
15290 38502
15290 82309
38502 5926
82309 5926
82309 15290
82309 32163
82309 38502
5927 43792
5932 70061
5933 71916
5933 91742
71916 5933
71916 91742
91742 5933
91742 71916
5934 14672
5935 52973
5938 47937
5938 81981
47937 51545
47937 81981
81981 47937
81981 84215
5939 17632
17632 5939
5959 37971
37971 5959
5960 57084
57084 18705
5967 62680
5968 36292
5973 7916
5973 72305
72305 7916
72305 48651
72305 70929
5975 48650
5979 20090
5979 58801
20090 58801
58801 5979
5980 56650
5981 60352
5981 69224
60352 5981
60352 69224
69224 5981
69224 60352
5982 4864
5982 43693
43693 4864
5986 520
5986 54451
54451 5986
54451 16560
54451 18417
54451 31412
54451 35756
54451 39364
54451 43335
5990 89168
89168 94435
5993 63875
63875 5993
5998 60876
6001 46919
6001 66744
46919 6001
46919 66744
66744 6001
6003 54147
6005 16545
6005 41909
6005 73696
6008 53070
53070 6008
6009 98858
6014 10609
6014 21924
6014 31507
6014 33035
6014 52940
6014 75897
6014 80211
10609 94278
52940 6014
80211 7232
80211 52102
80211 92269
6017 99176
6023 32976
32976 6023
6027 68245
6027 83592
83592 6027
83592 68245
6035 28073
6036 45126
45126 6036
45126 56613
6042 8545
8545 17253
8545 59483
8545 62750
6044 87462
6057 99366
99366 91277
6059 18408
6063 70312
70312 6063
6068 88187
88187 67397
6076 36292
6082 2825
6082 50192
50192 2825
6085 70357
6087 2591
6088 18412
6088 50616
18412 6088
18412 50616
50616 6088
50616 18412
6092 58028
58028 35129
6099 8316
6101 5918
6102 91961
6104 60339
6110 25930
25930 3476
25930 31642
6112 30964
6112 40774
30964 6112
30964 40774
40774 6112
40774 30964
40774 46997
6117 66647
66647 6117
6121 86330
6121 86948
86330 6121
86330 86948
86948 6121
6125 84440
6130 18126
6130 23261
6130 36010
18126 6130
18126 23261
18126 36010
23261 6130
23261 18126
23261 36010
36010 6130
36010 18126
36010 23261
6136 13285
6136 54603
6144 18348
18348 6144
6145 55698
6148 77944
6152 21295
6152 87461
21295 87461
87461 21295
6155 23578
23578 6155
6157 21538
6158 3170
6158 20514
6161 23355
23355 6161
6170 21682
6170 43110
6173 78244
6178 18392
6178 96938
18392 45908
18392 96938
96938 18392
6182 45425
6186 97818
97818 6186
6187 87809
6193 66596
6196 14967
6196 92536
14967 92536
92536 14967
6201 26349
6201 48049
6201 74397
6204 43503
6204 55823
43503 6204
43503 55823
55823 6204
55823 43503
6205 34405
6205 58440
6205 63198
6205 65825
6205 76969
34405 58440
34405 63198
34405 65825
34405 76969
34405 96719
58440 34405
58440 63198
58440 65825
58440 76969
58440 96719
63198 34405
63198 58440
63198 65825
63198 76969
65825 13187
65825 34405
65825 47703
65825 58440
65825 63198
65825 76969
65825 96719
6208 181
6210 54895
6212 38700
38700 6212
38700 96730
6213 30198
6213 37905
30198 6213
30198 37905
37905 6213
37905 30198
6214 21682
6216 47688
6217 38800
38800 6217
6218 44405
6218 59799
44405 4999
44405 10816
44405 11970
44405 20209
44405 20641
44405 21437
44405 34954
44405 95109
59799 10945
59799 55007
6219 28575
6219 52434
6219 74290
28575 6219
28575 52434
28575 74290
52434 74290
74290 52434
82909 6222
6224 26815
26815 6224
26815 41439
6228 69323
6228 97864
69323 14264
69323 66097
69323 97864
97864 69323
6230 407
6231 41247
41247 42277
6233 92968
92968 6233
6237 39589
6237 78244
6237 88863
39589 78244
39589 88863
88863 78244
88863 85111
6241 13502
6242 6115
6242 32837
6244 34338
34338 6244
6245 6127
6247 28381
6248 27380
27380 59582
6250 13083
6250 67207
6251 74638
74638 6251
6253 14622
14622 6253
6254 89868
89868 6254
89868 71791
6255 47472
47472 6255
6256 42276
42276 6256
6257 35662
6258 35414
6260 59774
6263 58635
58635 6263
17123 15691
17123 32163
17123 84421
6265 10254
10254 94797
6268 29158
29158 6268
6271 40421
6271 41909
40421 6271
40421 41909
6274 61622
6276 10677
6276 34526
6276 55793
10677 55793
10677 95862
10677 99701
34526 55793
55793 31948
55793 58118
6279 31765
6279 47376
6279 92042
6283 41909
6285 67528
6285 82784
67528 6285
67528 40884
67528 79290
6290 5005
6290 15116
6290 67837
15116 5005
15116 67837
67837 5005
67837 15116
6297 65827
6300 10112
6301 94657
6303 68448
6309 88989
6310 66413
6312 24210
24210 6312
6314 16332
6314 39805
6314 48976
6314 65514
6314 86937
39805 23633
39805 48976
48976 55112
65514 6314
65514 10685
65514 16332
65514 39805
65514 48976
6317 48623
6317 67515
67515 6317
6319 56777
56777 71102
6320 63148
6325 39709
6325 48633
6325 94775
39709 6325
39709 48633
39709 94775
48633 6325
48633 39709
48633 94775
94775 6325
94775 39709
94775 48633
6328 39280
6328 52416
6328 57492
6328 58540
6328 83322
39280 45725
39280 57492
39280 58540
57492 58540
6329 48504
6330 72846
72846 6330
6333 99365
6335 56744
6335 63404
56744 6335
63404 6335
6343 11639
6343 61622
6344 81316
6347 96726
96726 55582
6350 95756
6351 45527
6351 85215
45527 73384
45527 85215
85215 45527
6352 86225
6354 73101
73101 6354
6357 84522
6360 94657
6362 16868
6363 27618
6363 38849
27618 54804
6364 32163
6364 48888
6365 93707
93707 6365
6366 98419
98419 99125
6368 8249
6368 10720
8249 6368
10720 6368
10720 8249
6372 64142
6372 69528
64142 69528
69528 6372
69528 64142
6373 41909
6375 48141
6375 55376
48141 6375
48141 55376
55376 6375
55376 48141
6376 30847
6378 15168
6378 41909
6379 11373
6379 90428
11373 90428
90428 11373
6380 85608
6381 55071
55071 6381
6384 12503
6384 81345
12503 81345
81345 12503
81345 42515
6385 75834
75834 6385
6386 4702
6386 32769
6386 57412
6396 68676
68676 6396
68676 30285
68676 32785
6399 37390
6399 69092
37390 69092
69092 17067
69092 37390
6403 5930
6414 9810
6416 14554
6416 96483
14554 6416
14554 96483
96483 6416
96483 14554
6419 62492
6422 25393
6422 61880
6422 98059
25393 6422
25393 33002
25393 98059
61880 6422
98059 6422
98059 61880
6426 76539
76539 6426
6428 2161
6428 78391
78391 6428
6431 8316
6437 58126
58126 65549
6439 65623
6440 28785
6440 62531
28785 6440
62531 6440
6443 46966
6443 85296
6444 63013
63013 79963
6445 57351
6448 91437
6450 91145
91145 6450
6452 93144
93144 6452
93144 30624
6456 54147
6457 79882
6464 62493
6465 4864
6466 18500
6471 32163
6477 17547
6477 47927
6481 58656
6489 84522
6492 5461
6492 84267
6497 65266
6498 94365
94365 6498
6499 11860
11860 6499
6500 7314
6505 79159
6506 93349
93349 6506
6509 45470
45470 6509
6520 45425
6522 45663
6525 31718
6525 54215
31718 54215
54215 31718
6534 92237
92237 6534
6541 90162
6543 60199
6543 88707
88707 6543
88707 60199
6544 24066
6544 36197
6544 55818
6544 68385
6544 74091
24066 36197
24066 55818
24066 68385
24066 97653
55818 24066
55818 36197
55818 68385
68385 24066
68385 36197
68385 55818
68385 74317
74091 24066
74091 36197
74091 55818
74091 68385
74091 69202
6545 9662
6545 36197
9662 63973
6549 23311
6551 27600
27600 53850
6552 69321
69321 6552
6553 92259
6554 32163
6554 63332
6556 77543
77543 6556
6563 43934
6564 77189
6564 92478
6564 96523
77189 80630
92478 40995
96523 6564
96523 77189
96523 92478
6566 7314
6572 79905
6575 96347
6576 11568
6576 11793
6576 96971
11568 6576
11793 6576
96971 6576
6578 47900
6578 87120
6589 50200
50200 16193
50200 76439
6590 82834
6591 34658
6591 81323
34658 6591
34658 81323
81323 6591
81323 34658
6598 38321
6599 30837
6601 44376
6601 91035
6601 95754
44376 67945
44376 99807
91035 21173
95754 75162
6604 23990
6606 70095
6608 80293
6610 14672
6615 6956
6615 51342
51342 11288
6618 12033
6618 31344
6618 32762
6619 74397
6620 8316
6624 40679
40679 6624
40679 34897
40679 63162
6634 60952
6634 89586
60952 6634
60952 49381
60952 89586
89586 6634
6637 56130
6637 74988
56130 6637
56130 74988
74988 6637
74988 56130
6642 40773
6642 74523
40773 74523
74523 55019
74523 75191
6652 49624
6656 88704
88704 6656
6658 9205
6658 93804
93804 6658
93804 53347
93804 66029
93804 74207
93804 90626
6663 31395
6663 98709
31395 6663
31395 18941
31395 73691
31395 98709
98709 31395
98709 50660
6665 74397
6665 85594
6665 91228
85594 6665
85594 74397
85594 91228
6667 2719
6668 52416
6670 8983
6670 35254
6670 99068
99068 88616
6671 59014
6671 90919
59014 6671
59014 90919
90919 13210
6672 42341
6676 26566
26566 6676
6677 60237
6677 65310
65310 63432
6678 15991
6678 36197
6678 64863
6678 76552
15991 6678
15991 36197
15991 64863
15991 76552
64863 36197
64863 88710
76552 6678
76552 15991
76552 36197
76552 64863
6680 46316
6681 80078
80078 6681
6683 45276
6683 65405
45276 48842
65405 93604
6684 58141
58141 10240
6685 42469
6685 86712
86712 6685
86712 42469
6688 55137
55137 47375
6690 89098
6691 30956
30956 1615
6692 36122
36122 6692
36122 10946
6694 2912
6695 60112
60112 6695
6700 15719
15719 88745
6705 31981
31981 7314
31981 75762
6708 17398
6708 67542
17398 67542
67542 6708
67542 17398
6715 9246
6715 53091
6715 99764
9246 6715
9246 80578
9246 99764
53091 6715
53091 9246
53091 99764
99764 6715
99764 9246
6723 183
6727 51683
6734 943
6736 62701
6739 31981
6740 32163
6743 51075
6746 38532
6746 45425
6748 52034
52034 6748
6752 56624
6752 81946
6753 17677
6753 44847
44847 23218
6755 54147
6755 80839
6758 23390
6760 97456
6768 88126
88126 6836
88126 39233
88126 88914
88126 94960
6775 4481
6775 47265
6775 92942
47265 6775
47265 92942
92942 6775
92942 47265
6780 53363
53363 6780
6781 13702
6781 94333
13702 6781
13702 94333
94333 6781
94333 13702
6788 86326
86326 6788
6789 15883
6791 44092
6792 2142
6792 35253
35253 2142
6794 58807
6799 21961
21961 6799
6800 46955
6803 28602
6803 79882
28602 6803
28602 55826
28602 57386
28602 79882
6804 27167
6810 7240
6810 32924
6810 80659
7240 32924
7240 80659
32924 80659
32924 94969
80659 32924
6811 80749
6813 41909
6814 82834
6815 25541
25541 6815
6818 3388
6818 43018
6819 91622
91622 6819
6822 31258
6828 90830
6836 50582
6837 40094
40094 6837
6838 7314
6838 56267
56267 7314
6840 7476
6842 33123
6842 46451
33123 23912
33123 46451
46451 6842
46451 33123
6847 45425
6853 77547
6866 94631
94631 6866
6871 58428
58428 10169
58428 49899
6874 59238
59238 6874
6879 21833
21833 6879
6891 65970
6892 57924
57924 6892
6894 36292
6895 48881
48881 65421
6898 32163
6898 32727
6898 38381
6898 48888
32727 32163
32727 38381
32727 48888
32727 64571
38381 32163
38381 32727
38381 48888
38381 50193
38381 51525
38381 64571
6899 31143
31143 6899
6900 38139
6900 48498
38139 48498
48498 38139
6904 73087
73087 6904
6907 93602
6910 66191
6911 12435
6916 8994
6916 11784
6916 19480
6916 64010
11784 8994
11784 19480
11784 64010
6917 73329
6918 76063
76063 6918
76063 41615
6922 8881
6922 23666
8881 23666
8881 44428
23666 8881
23666 81115
6926 42048
42048 6926
42048 12294
6931 55621
55621 6931
6932 11373
6932 90428
6933 97172
97172 82364
6934 39688
39688 17763
6935 4312
6935 20244
6935 31160
20244 6935
20244 31160
31160 6935
31160 20244
6937 87303
87303 6937
6938 68531
68531 6938
6940 31824
6942 8922
6942 21682
6942 90728
90728 6942
90728 20695
90728 21682
90728 27754
90728 38409
90728 49547
90728 57949
6943 86299
6952 31878
6952 48299
6953 61259
6953 91186
61259 6953
61259 91186
91186 6953
91186 61259
6954 36024
36024 54412
6958 18795
6958 21319
6958 53219
21319 6958
21319 18795
21319 53219
53219 6958
53219 18795
53219 21319
6962 6885
6962 8019
8019 6885
8019 77917
6966 74397
6967 17054
6968 7314
6968 79780
79780 6968
79780 7314
6969 6109
6969 16572
6969 88184
88184 10198
88184 90773
6971 17776
6976 41909
6977 45425
6987 1673
6987 83884
6989 4547
6989 22761
22761 3174
6990 74822
6991 8196
8196 47468
6994 71962
71962 6994
71962 92254
6997 48002
6998 22128
6999 71536
7002 6550
7002 95651
7003 36940
7003 40479
7013 79061
7013 92602
92602 79061
7016 16993
16993 57058
7018 4131
7026 39822
7026 63983
39822 7026
39822 63983
63983 7026
63983 39822
63983 98015
7027 19785
7027 59110
7027 83986
19785 7027
19785 59110
19785 83986
83986 7027
83986 19785
83986 59110
7031 59861
59861 57592
7033 5603
7036 71475
7036 74397
71475 74397
7037 30847
7037 72542
7037 97578
72542 30847
97578 30847
7039 24514
7039 37826
24514 37826
7041 28483
7042 3423
7042 62493
7042 66232
7045 23010
7045 48901
7045 79264
7045 82957
23010 48901
23010 79264
23010 82957
48901 23010
48901 79264
48901 82957
79264 7045
79264 23010
79264 48901
79264 82957
82957 23010
82957 48901
82957 79264
7049 8743
7049 33008
8743 33008
33008 8743
33008 23201
33008 84063
7056 54208
7060 64708
64708 7060
7064 16604
7064 74858
16604 74858
74858 16604
74858 77462
7066 44820
7069 73622
7074 73480
73480 33865
73480 94959
7082 21066
7082 30766
21066 7082
21066 30766
30766 7082
30766 21066
7086 99923
7092 82246
82246 7092
7094 8101
7096 51310
7099 54775
7099 99221
7100 13079
7101 72614
7101 99234
72614 7101
72614 99234
99234 7101
99234 72614
7103 52492
7104 92843
7107 4863
7107 65403
7108 64317
7110 68464
7111 87773
7113 8726
8726 7113
7114 53027
7114 93147
53027 7114
53027 93147
93147 53027
7115 42341
7119 18097
18097 82278
7122 87590
7123 22128
7123 71633
7123 79140
79140 14840
7127 34953
34953 7127
7128 31413
7128 48099
31413 7128
7129 25930
7131 12238
7131 73720
7131 77436
12238 4032
73720 7131
73720 43938
73720 77436
77436 7131
77436 20758
77436 37431
77436 51825
77436 59221
77436 99046
7133 14694
7133 72107
72107 14694
7134 22213
7134 28924
7134 36508
7134 57791
7134 85932
7134 92824
22213 7134
22213 8594
22213 23862
22213 28924
22213 36508
22213 57791
22213 92824
28924 7134
28924 22213
28924 36508
28924 57791
28924 92824
36508 7134
36508 22213
36508 57791
36508 92824
85932 7134
85932 22213
85932 28924
85932 36508
85932 57791
85932 92824
92824 7134
92824 22213
92824 35691
92824 36508
92824 57791
92824 62001
7137 23767
7137 57822
23767 7137
23767 57822
57822 7137
57822 23767
57822 68353
7138 4898
7138 7575
7139 31541
31541 37057
31541 67751
31541 70411
7146 13502
7146 53473
7147 56696
7151 56166
7151 97783
97783 56166
7156 74123
74123 97719
7159 1826
7159 62142
62142 1826
7161 21267
7161 38378
21267 38378
21267 41012
38378 7161
38378 21267
38378 84357
7165 19374
19374 38194
19374 59406
7167 54196
7167 78877
78877 7167
78877 54196
7168 85936
85936 5407
85936 7168
85936 24422
7171 78244
7172 35340
7172 40924
7172 46719
35340 7172
35340 40924
35340 46719
40924 7172
40924 35340
40924 46719
46719 7172
46719 35340
46719 40924
7179 8316
7182 12469
12469 333
12469 30372
12469 82221
12469 94252
12469 94385
7183 26530
26530 7183
7194 65665
7197 74397
7199 42048
7203 60476
7207 21567
7207 45271
21567 7207
21567 45271
45271 7207
45271 21567
7213 10778
7213 14674
7213 50928
50928 7213
50928 10778
50928 37641
7215 18614
7215 39685
7215 63321
18614 7215
18614 74097
39685 7215
39685 18614
39685 46100
63321 7215
63321 18614
63321 39685
7216 42454
7216 95090
42454 7216
42454 95090
7221 2488
7221 45174
45174 2488
45174 7221
7223 99458
99458 7223
7225 39156
39156 3047
39156 86824
7226 10969
7226 67174
7226 95487
10969 95487
67174 94995
95487 2603
95487 58487
7228 50971
7228 66029
7228 75059
50971 66029
50971 75059
66029 19268
66029 20603
66029 40780
75059 50971
75059 66029
7229 7314
7229 34313
7229 52312
7229 52539
7229 76545
7229 86206
34313 7229
34313 7314
34313 31396
34313 52312
34313 52539
34313 76545
34313 86206
52312 7229
52312 7314
52312 34313
52312 52539
52312 76545
52312 86206
52539 7229
52539 7314
52539 34313
52539 52312
52539 76545
52539 86206
76545 7229
76545 7314
76545 34313
76545 52312
76545 52539
76545 86206
86206 7229
86206 7314
86206 34313
86206 52312
86206 52539
86206 76545
7230 9111
7230 60321
7230 75995
7232 52102
7232 80211
7232 92269
52102 7232
52102 80211
52102 92269
92269 7232
92269 33913
92269 52102
92269 80211
7233 71633
7234 13492
7234 37261
7234 90611
7234 93917
7234 95447
13492 7234
13492 37261
13492 90611
13492 93917
13492 95447
37261 7234
37261 13492
37261 90611
37261 93917
37261 95447
90611 7234
90611 13492
90611 93917
90611 95447
93917 7234
93917 13492
93917 90611
93917 95447
95447 7234
95447 13492
95447 37261
95447 90611
95447 93917
21394 36960
36960 20
36960 10471
36960 21394
36960 38504
36960 39197
7236 97283
7238 23763
7238 94673
23763 7238
23763 94673
94673 16713
94673 92604
7239 14241
7239 40474
14241 7239
14241 40474
14241 48013
40474 14241
7243 39493
7243 48976
7243 81856
7243 82200
39493 7243
39493 48976
39493 81856
39493 82200
81856 70256
82200 7243
82200 39493
82200 48976
82200 81856
7246 30995
30995 7246
7249 40263
7249 65721
40263 51518
40263 65721
65721 40263
84074 39561
84074 78523
84074 93844
84074 99628
7255 59463
59463 19630
7257 46338
7257 87354
46338 7257
46338 87354
87354 7257
87354 46338
7258 33950
7258 69101
7260 17412
7264 60876
7264 72414
7265 51619
7284 73647
73647 7284
73647 71391
7286 86847
7287 90837
7288 5766
7288 21039
7289 41909
7292 47470
47470 16881
47470 74295
47470 77093
7294 43792
7310 49867
7310 82943
49867 7310
49867 82943
82943 7310
7313 32163
7313 46465
7313 48888
46465 7313
46465 32163
46465 48888
46465 91347
7317 71860
71860 7317
71860 79461
7327 41909
7327 95698
7328 29846
7328 45385
29846 7328
45385 7328
48221 6559
48221 7334
48221 29860
48221 52540
7336 20621
7336 73590
7336 82797
20621 7336
20621 31637
20621 73590
20621 82797
73590 47157
82797 78130
7337 33221
33221 7337
7338 69380
7338 74397
69380 7338
69380 9486
69380 60294
7339 97283
7340 17131
7340 41314
17131 7340
17131 50707
17131 97001
41314 7340
41314 23537
7343 9533
7346 19875
7346 35258
19875 7346
19875 35258
35258 7346
35258 19875
7347 39819
7356 62364
62364 7356
7358 7314
7358 14034
7361 41299
7361 88970
7364 53495
53495 56677
53495 91068
7365 16901
7366 3919
7366 51923
7366 96754
7366 99473
51923 3919
51923 7366
51923 96754
51923 99473
7371 53877
7371 61680
53877 7371
53877 61680
61680 7371
61680 53877
7384 33114
7389 92681
7395 56591
7395 84712
56591 56718
56591 86738
84712 56591
7397 19045
7397 32655
7397 39152
19045 39152
32655 19045
32655 39152
32655 98474
39152 19045
39152 98474
7398 43792
7403 92038
7404 46305
7406 33762
7406 41909
33762 41909
33762 73696
7407 58392
7408 11666
11666 72103
7412 58592
7415 27927
7416 28855
28855 70772
7418 70870
7418 73559
7424 56533
7427 96506
96506 36292
96506 65964
96506 78952
7431 4627
7431 39806
7431 58213
7431 64856
7431 68584
7431 73168
7431 86191
7431 99916
39806 4627
39806 7431
39806 58213
39806 64856
39806 68584
39806 73168
39806 86191
39806 99916
73168 4627
73168 7431
73168 39806
73168 58213
73168 64856
73168 68584
73168 86191
73168 99916
86191 4627
86191 7431
86191 39806
86191 58213
86191 64856
86191 68584
86191 73168
86191 99916
99916 4627
99916 7431
99916 39806
99916 58213
99916 64856
99916 68584
99916 70145
99916 70361
99916 73168
99916 86191
7433 48845
48845 7433
48845 21994
48845 49092
48845 86086
48845 96733
7434 62574
7442 31746
7443 34112
7443 40366
7443 47700
7443 50842
7443 91913
34112 7443
34112 40366
34112 47700
34112 50842
34112 91913
40366 7443
40366 34112
40366 47700
40366 50842
40366 91913
47700 7443
47700 34112
47700 40366
47700 50842
47700 91913
50842 7443
50842 34112
50842 40366
50842 47700
50842 91913
7446 74397
7448 22763
22763 7448
7450 65310
7452 34746
34746 7452
7456 8979
7457 742
7457 89195
89195 742
89195 7457
89195 57649
7458 29110
29110 7458
29110 43020
29110 76996
7463 80649
7466 7314
7472 59600
7473 8460
8460 7473
7478 33675
33675 12677
33675 97834
7484 43845
7484 70923
43845 7484
70923 8653
7488 40207
7488 93540
40207 7488
40207 93540
93540 7488
93540 40207
7492 5415
7492 18556
7492 74227
18556 49611
74227 5415
7494 69733
69733 69863
7497 50226
7497 54084
50226 7497
54084 50226
7502 49552
49552 54626
7507 4635
7507 29459
7511 15956
15956 7511
7522 14694
7529 54430
7529 77684
54430 77684
77684 54430
77684 55196
7530 16660
7530 21341
21341 7530
21341 20071
7535 50925
7536 47993
7544 26847
7546 25808
7547 31831
7547 38693
7547 43694
7547 64773
7547 74834
7547 83817
75990 7550
7551 86692
7553 36598
36598 7553
36598 75866
7556 25109
7556 35373
7556 39725
7556 44701
7556 84892
25109 7556
25109 35373
25109 39725
25109 44701
25109 84892
35373 7556
35373 25109
35373 39725
35373 44701
35373 84892
39725 7556
39725 25109
39725 35373
39725 44701
39725 84892
44701 7556
44701 25109
44701 35373
44701 39725
44701 84892
84892 7556
84892 25109
84892 35373
84892 39725
84892 44701
7558 15578
7561 27486
7561 75033
7561 84194
27486 14345
27486 61104
27486 75033
27486 84194
27486 93168
75033 27486
75033 84194
84194 27486
84194 75033
7562 64096
7567 25720
7567 81328
25720 7567
25720 81328
7568 1448
7568 44423
7570 65638
7571 32163
7571 55735
55735 32163
7573 37603
37603 7573
7577 3505
7580 89761
7584 32163
7584 48888
7586 65109
65109 7586
65109 14719
7587 51683
7590 74397
7590 90017
90017 74397
7592 41909
7593 67124
7599 13324
7599 14386
7599 32163
7599 50227
7599 50978
13324 7599
13324 14386
13324 32163
13324 50227
13324 50978
14386 7599
14386 13324
14386 32163
14386 50227
14386 50978
50227 7599
50227 13324
50227 14386
50227 32163
50227 50978
50978 7599
50978 13324
50978 14386
50978 32163
50978 50227
7603 58892
58892 50933
7604 46330
7604 65728
46330 65728
65728 46330
7610 29499
29499 7610
7620 70577
7620 72362
70577 72362
7621 21864
7621 46075
7627 56132
56132 7627
56132 82689
7632 2677
7632 3247
7632 8489
7632 31271
7632 50020
7635 80484
7636 8089
7638 43501
7638 68581
43501 7638
68581 7638
7646 72298
7646 99911
72298 7646
99911 7646
7649 55221
55221 7649
7651 59844
7651 72400
7651 78244
59844 93886
72400 7651
72400 78244
7652 52971
7652 53918
52971 53918
53918 52971
7655 7916
7655 10711
7655 46314
7655 48651
7655 72305
7655 74633
10711 7655
10711 7916
10711 48651
10711 72305
10711 74633
48651 7916
48651 46314
48651 56157
48651 72305
74633 7655
74633 7916
74633 48651
74633 72305
74633 91006
7656 44506
44506 7656
44506 75865
7659 64104
7661 80532
80532 72305
7663 22224
7663 96083
22224 7663
96083 7663
7664 16205
7664 16550
16205 7664
16205 16550
16550 7664
16550 16205
7666 70261
70261 47055
7672 63648
7672 80185
7674 47565
7675 71970
7675 90066
71970 90066
90066 71970
7677 3170
7677 20514
7680 63858
63858 79331
7681 75260
75260 7681
7682 17397
7684 63238
7684 64737
63238 7684
7686 17541
7686 53378
17541 7686
17541 53378
53378 7686
53378 17541
7688 72855
7696 23199
7700 73604
73604 7700
73604 69653
73604 95121
7701 32356
32356 7701
7703 83744
83744 88845
7704 13502
7711 24234
24234 7711
7712 8813
7712 84548
8813 84548
7717 91614
7720 59153
59153 7720
7722 32989
7723 28141
7723 53972
7723 82423
7723 86035
28141 53972
53972 2607
53972 28141
82423 7723
82423 28141
82423 53972
82423 86035
86035 7723
86035 28141
86035 53972
86035 82423
7724 68245
7729 82548
7729 96887
82548 7729
82548 96887
96887 7729
96887 74997
7730 54870
54870 7730
7734 32229
32229 7734
7741 67874
67874 40111
7743 15149
15149 7743
7746 1532
7746 91228
7746 96298
7746 97436
7748 25885
25885 7748
7755 26880
26880 2105
7756 51683
7758 99366
7767 20101
7768 24655
7768 84215
24655 7768
24655 84215
7770 18756
7770 69145
18756 7770
18756 43886
69145 7770
7771 30733
30733 7771
7773 65302
7779 92259
7780 14820
14820 99263
7781 36336
7781 40705
7781 41263
7781 80023
7781 86299
36336 28560
36336 66132
36336 80023
41263 72283
80023 82613
80023 86299
7784 40659
7784 57791
40659 7784
7786 74421
7787 19364
7787 52112
7787 92842
52112 7787
52112 19364
52112 92842
7788 92847
92847 7788
7801 29679
7803 20050
7803 95455
20050 95455
7804 74397
7805 75121
7805 95322
75121 95322
95322 75121
7806 20403
20403 57500
7807 36536
7807 67751
36536 7807
36536 35861
36536 50653
36536 67751
36536 79598
7808 18433
7808 63346
7808 71243
7808 88835
71243 7808
71243 18433
71243 63346
71243 88835
7810 20225
20225 7810
7811 4864
7816 38831
38831 7816
7820 20935
7820 29791
29791 20935
7821 12907
7822 91035
7824 34748
7824 42387
7824 86613
34748 10778
34748 95201
42387 7824
7827 5314
7829 68547
7833 80338
7835 14113
7839 97257
97257 7839
7844 10524
10524 7396
10524 59280
7847 62016
62016 7847
7851 65827
7858 14672
7862 3400
7873 19870
7873 59011
19870 7873
19870 59011
7877 57791
7878 35662
7879 56377
7879 69839
7879 82716
56377 69839
56377 82716
82716 56377
82716 69839
7880 23629
7880 25604
7880 41304
7880 82072
23629 25604
23629 41304
23629 82072
25604 23629
25604 41304
25604 82072
41304 23629
41304 25604
41304 82072
82072 10894
82072 23629
82072 25604
82072 41304
7882 21039
7882 40054
40054 5766
40054 7882
40054 21039
7886 9859
7886 46622
46622 7886
46622 9859
7895 5003
7897 89190
89190 7897
7898 8316
7900 12958
7902 58795
58795 7902
7909 82520
82520 11457
7910 109
7910 59047
7910 72839
72839 109
7911 1049
7911 93721
11780 42370
11780 53964
53964 11780
53964 56823
56823 11780
56823 53964
7920 79388
7921 84348
7924 81771
81771 63120
7926 72013
7927 80749
7928 38005
7928 94044
38005 7928
38005 94044
94044 38005
7930 70053
7930 95656
95656 0
95656 11342
7933 70061
7937 32163
7937 48888
7941 43466
7941 51828
51828 43466
7952 50622
50622 7952
7967 77503
77503 95988
7970 2607
7970 23372
23372 2607
23372 7970
7991 40071
40071 7991
7994 98459
98459 7994
7999 23412
23412 7999
8000 49198
49198 8000
8002 90787
8005 3259
8009 74109
8009 99064
8011 57791
8011 90059
90059 8011
90059 55914
90059 57791
8014 34437
77917 83637
8022 6349
8025 53611
8025 54678
8025 89966
53611 71030
54678 8025
54678 67883
8026 10153
8030 47468
8030 74397
47468 74397
8040 9542
8043 48559
8043 66439
48559 8043
66439 8043
66439 48559
8044 41909
8045 72463
8045 86344
72463 8045
72463 86344
86344 8045
8047 16724
16724 8047
8048 80795
80795 8048
8051 61333
61333 44998
8059 76147
76147 8059
76147 44333
76147 80473
8060 85032
8060 92204
85032 8060
85032 92204
92204 8060
92204 85032
8065 16630
8065 76839
8066 21651
8066 37441
8066 71493
21651 8066
21651 37441
21651 71493
37441 8066
37441 21651
37441 71493
71493 39998
71493 57864
8071 91228
8074 71514
71514 8074
8098 24976
8100 17292
17292 8100
8102 7684
8103 93250
93250 8103
8104 26450
8104 70039
8104 70588
26450 8104
26450 70039
26450 70588
70039 96060
70588 8104
70588 26450
70588 70039
8107 63113
8112 36606
36606 8112
8115 77464
8117 72740
8117 97637
8122 86299
8127 87783
8128 29193
29193 8128
8129 29248
8129 30941
8129 98088
30941 206
30941 3035
30941 9310
30941 24303
30941 27694
30941 32167
30941 34185
30941 45699
30941 47987
30941 48302
30941 58259
30941 64545
30941 64857
30941 71344
30941 79848
30941 84733
30941 88050
98088 8129
98088 13297
98088 46420
8131 42387
8134 12540
8136 54078
8137 31667
8137 50200
31667 50200
8138 60148
60148 8138
8139 74122
8142 8476
8145 8402
8153 32163
8153 48888
8154 32163
8154 51728
51728 32163
51728 47823
8156 46407
8163 82685
82685 6873
82685 71888
8166 37433
37433 8166
8167 83455
8167 86078
8168 73601
8170 32190
8170 33016
8170 71446
8176 31162
8176 74485
74485 8176
8177 36292
8177 61188
61188 8177
61188 36292
8178 41909
8179 42797
8182 41609
8182 78692
41609 78692
78692 41609
8183 11292
8183 80456
8199 73986
8205 20719
20719 8205
8207 99585
8212 28604
8212 39321
39321 28604
8214 36464
8214 91322
36464 91322
91322 36464
8215 44889
44889 8215
44889 14016
8222 70874
70874 8222
70874 56357
70874 59654
70874 79137
8226 32597
8226 35952
8226 36919
32597 35952
32597 36919
32597 63854
35952 32597
35952 36919
36919 32597
36919 35952
36919 63854
36919 81977
36919 98496
8228 23762
8228 95201
23762 95201
95201 23762
95201 39285
8231 44688
8231 59575
44688 24220
44688 59575
59575 44688
8235 40381
40381 8235
8239 49060
8253 66287
8253 94657
66287 94657
8258 95351
8260 41070
8260 62629
41070 8260
41070 62629
62629 8260
8263 93195
8267 77368
77368 8267
8272 56591
8281 53669
8281 53671
53669 8281
53669 53671
53671 8281
53671 53669
8284 2920
8284 13562
8284 14578
13562 2920
13562 8284
13562 14578
8286 21682
8287 7314
8288 56650
8293 86588
86588 8293
8297 30836
8299 21125
8299 40170
8299 42758
21125 42758
40170 8299
40170 21125
40170 42758
42758 8299
42758 21125
42758 40170
8304 7314
8304 18323
18323 7314
18323 11852
18323 57874
8312 70586
8312 82475
70586 8312
70586 82475
82475 8312
82475 70586
8315 92195
92195 8315
63093 3678
63093 16657
63093 49386
63093 79961
63093 83839
8318 45278
8318 97963
45278 58131
8319 79231
8322 28665
28665 8322
8324 12309
8324 44972
12309 8324
12309 44972
8325 71317
71317 8325
8328 21241
8328 64311
21241 64311
64311 21241
8330 21682
8334 61319
8342 31305
8342 39473
31305 39473
39473 5995
39473 8342
39473 13303
39473 27842
39473 31305
39473 50946
39473 78619
39473 96749
8344 3679
8345 31097
8345 43017
8345 87890
31097 8345
31097 43017
31097 87890
43017 8345
43017 22340
43017 59996
43017 87890
87890 8345
87890 43017
8350 19282
8350 74397
19282 8350
19282 74397
8353 57791
8354 12096
8354 85599
8354 87024
12096 8354
12096 85599
12096 87024
85599 12096
85599 87024
87024 12096
87024 85599
8355 15229
8356 77689
8358 65971
8359 33556
8359 39964
8359 63093
8359 97175
39964 11780
39964 53964
39964 56823
39964 79817
8362 10621
8362 69124
8362 91199
8368 79486
79486 8368
8369 36723
8369 76549
8373 32163
8373 47823
8373 48888
8373 82420
82420 6546
82420 32163
82420 47823
82420 48888
8378 7402
8378 9233
8378 58017
8378 84654
8378 85611
8378 93720
9233 8378
9233 41537
9233 58017
9233 84654
58017 84654
85611 37904
85611 41537
85611 72944
85611 84654
8379 79902
8389 61463
8389 81122
8389 89560
61463 8389
61463 81122
61463 89560
81122 8389
81122 61463
81122 89560
89560 8389
89560 61463
89560 81122
8392 16868
8392 48667
8393 94687
8395 63071
8395 89680
63071 8395
63071 89680
89680 8395
89680 63071
8399 7314
8408 49583
8412 46579
8425 85372
8435 27581
27581 13685
8436 16437
8436 65513
8437 10576
10576 87569
8440 90399
90399 11213
90399 15365
8441 47355
8441 73911
8441 76755
8441 88869
47355 84862
73911 8441
73911 47355
73911 68180
73911 76755
73911 88869
76755 8441
76755 47355
76755 68180
76755 72883
76755 73911
76755 88869
88869 8441
88869 47355
88869 72883
88869 73911
88869 76755
8442 2778
8442 8744
8442 79288
8445 54789
8449 19365
8449 93823
19365 8449
19365 93823
93823 8449
93823 19365
8452 32163
8452 47823
8452 48888
8454 84452
84452 8454
8455 26829
8457 31968
8457 40813
8457 65787
8457 86493
8457 88233
8457 95506
40813 31968
40813 65787
40813 86493
40813 88233
40813 95506
65787 31968
65787 40813
65787 86493
65787 88233
65787 95506
86493 3832
86493 31968
88233 31968
88233 40813
88233 65787
88233 86493
88233 95506
95506 31968
95506 40813
95506 65787
95506 86493
95506 88233
8461 80338
8463 61329
61329 51040
61329 79964
8466 9608
9608 8466
8468 86621
8471 22361
8471 63266
8475 5042
8475 57063
8475 98566
57063 8475
57063 98566
98566 8475
98566 57063
8477 91700
8479 47657
47657 8479
8481 74397
8484 49987
8491 67397
8492 97283
8493 50060
8496 45425
8498 7314
8498 25775
8498 51773
8498 66289
25775 7314
25775 62191
25775 72915
51773 66289
66289 7314
66289 19982
8501 96240
8504 85372
8508 77801
8511 43311
8511 59649
59649 38786
59649 56446
8517 14456
8517 43600
8517 51573
14456 51573
51573 8517
51573 14456
51573 44667
8519 58214
8523 30841
8523 93908
30841 8523
30841 93908
93908 8523
93908 10795
93908 13797
93908 30841
93908 67653
93908 96223
8524 46427
46427 8524
8528 25083
8528 67845
8528 84195
25083 84195
84195 56262
8529 97294
97294 8529
8531 17222
8531 25417
8531 97887
8532 48005
8533 65520
65520 8533
8537 97059
8542 63311
8542 83316
83316 77417
17253 8545
59483 15587
62750 8545
8546 54602
8546 65654
54602 7061
54602 19703
8547 54446
8550 12217
8550 23221
8553 15259
8553 76023
8558 34945
8559 47493
8559 74123
8559 78813
47493 97719
8564 41909
8566 34675
34675 8566
8575 34207
8580 54746
8580 96123
54746 8580
54746 96123
96123 15734
8583 23642
8583 76239
23642 31746
76239 31746
8587 77249
8588 62624
62624 8588
8591 75759
75759 69341
8593 38059
38059 11771
8594 57791
8595 76066
8605 27551
8605 74397
27551 8605
27551 74397
8608 85372
8609 86508
86508 52777
86508 82312
8619 14750
8619 73642
14750 62972
14750 64057
14750 73642
14750 76969
73642 14750
73642 42939
73642 76969
8622 76946
76946 10536
8626 84522
8626 92074
8635 46531
8637 1279
8638 113
8638 28363
8638 39364
28363 39364
8643 30199
8643 34085
30199 8643
30199 37259
34085 8643
8644 16180
8646 50732
8646 61647
61647 8646
61647 70054
8651 49210
49210 8651
8656 69839
8658 9533
8658 80626
8662 59097
8665 3397
8665 37166
8665 98853
8667 22244
8667 32096
8667 71133
22244 8667
22244 32096
22244 71133
32096 8667
32096 22244
32096 43319
32096 71133
32096 80465
71133 8667
71133 22244
71133 32096
8671 62944
8673 23460
8680 32163
8680 92012
92012 32163
8682 95153
8691 84522
8696 93111
8704 32163
8704 48888
8705 89788
89788 8705
89788 71608
8709 55951
8710 57938
8712 43411
43411 8712
8714 18685
18685 8714
8718 31955
31955 8718
31955 92569
8719 20101
8722 41073
8722 47252
8722 75597
8722 82896
41073 47252
8728 13996
8728 32163
8728 33185
8728 39682
13996 32163
13996 33185
13996 39682
33185 13996
33185 32163
33185 39682
39682 13996
39682 32163
39682 33185
8729 70693
8736 30956
8736 83845
8746 90493
90493 8746
8747 64316
8748 12765
8748 31867
8748 34012
12765 8236
12765 8748
12765 31867
12765 34012
12765 72337
34012 8748
34012 12765
34012 31867
8751 15692
8751 27122
8751 49835
8751 54571
8751 59027
8751 69212
15692 8751
15692 54571
15692 69212
27122 8751
27122 54571
27122 69212
49835 8751
49835 54571
49835 69212
54571 69212
54571 78821
59027 8751
59027 54571
59027 69212
8753 3206
8753 54147
8756 17412
8761 47900
8761 87120
8764 11207
8764 62252
8764 81977
11207 30001
11207 73714
62252 11207
81977 11207
81977 62252
8765 27380
8770 39054
8771 86299
8773 23894
8773 40779
23894 8773
23894 40779
40779 8773
40779 23894
8774 21837
8776 50107
50107 8776
8777 53114
8777 66561
8777 83248
8781 12905
8789 29611
8790 35485
8791 18752
8793 39109
8794 41909
8794 66570
66570 8794
66570 41909
8795 25812
25812 64492
8797 52416
8797 54102
54102 52416
8803 35386
8804 74397
8808 62288
8808 99012
62288 5407
62288 10683
99012 8808
99012 62288
8810 78244
8815 16332
8815 74929
74929 16332
74929 34171
74929 69382
8816 61846
8818 9482
8820 9390
8820 25671
8820 90674
8820 92923
9390 8820
9390 25671
9390 90674
9390 92923
25671 8820
25671 9390
25671 90674
25671 92923
90674 8820
90674 9390
90674 25671
90674 92923
92923 8820
92923 9390
92923 25671
92923 90674
8821 21682
8829 77547
8834 14571
8842 2249
8843 10008
10008 26265
8844 56777
8845 38025
38025 66888
8850 284
8850 9088
8852 9956
8852 59687
59687 8563
8855 37130
8855 45407
8855 75127
8857 25490
8857 95342
8859 51702
51702 8859
8864 11349
8864 16339
8864 46120
11349 8864
11349 16339
11349 46120
16339 8864
16339 11349
16339 46120
46120 8864
46120 11349
46120 16339
8865 40474
8865 82220
82220 14241
8866 29849
8866 84635
29849 17332
29849 67419
84635 21901
8867 96327
8867 98063
96327 11332
96327 98063
8871 11639
8871 61622
8873 53808
8876 49845
22668 8879
44428 8881
44428 23666
8882 87174
8887 91729
8890 81129
8893 16833
8893 20027
8893 73544
8893 75915
16833 20027
16833 73544
16833 75915
20027 16833
73544 16833
73544 20027
73544 75915
8894 43859
8894 84247
8894 87907
43859 8894
43859 84247
43859 87907
87907 8894
87907 43859
87907 84247
8895 84438
84438 58438
84438 60081
8896 26927
8896 48757
26927 48757
8904 49443
8904 76425
49443 76425
8905 9151
8905 35878
8905 43104
8905 90995
9151 8905
43104 6208
8908 31808
8910 66092
66092 8910
8914 39980
8916 71212
8918 88194
8919 86204
86204 34002
8920 62701
8921 32163
8921 48888
8926 41963
8927 67045
8935 32229
8939 52416
8939 54102
8943 30393
8944 68825
8945 40773
8945 74523
8946 86674
86674 8946
8947 57791
8947 92323
92323 8947
92323 57791
8949 82671
8960 49987
8964 44660
8966 91700
8967 92810
92810 8967
8968 55693
8968 61074
8969 71
8969 612
8969 1500
8969 17858
8969 31286
8969 46204
8969 53016
8969 62252
31286 81964
46204 71
46204 66488
53016 62252
53016 65733
8970 91787
8975 36433
8980 88840
8988 27365
8990 57015
57015 8990
8992 47900
8992 87120
8993 41909
8993 42273
42273 41909
8996 57791
9000 14672
9012 13171
9013 42714
9013 83894
9014 27648
9014 50442
9014 54001
50442 6728
9015 8979
9020 6443
9020 68273
68273 46966
68273 85296
9023 11806
9028 41833
9028 90120
41833 25998
41833 61903
90120 9028
90120 41833
9032 4230
9035 33823
33823 16169
33823 93135
9038 17238
9038 70061
17238 25618
17238 27266
17238 42797
17238 70061
17238 92268
9039 43792
9045 31180
9050 16458
9050 62600
9052 31823
9054 9394
9054 31393
9054 50811
9394 9054
9394 50811
50811 9054
50811 9394
9055 67654
9055 91035
9055 94570
67654 91035
67654 93850
94570 9055
94570 67654
94570 91035
94570 96102
9058 91493
91493 36669
91493 61484
91493 91171
9059 54147
9062 18392
9062 96938
9065 25373
9065 86447
86447 9065
9078 44176
9078 66138
9078 66965
66138 18873
66138 76793
66138 88743
9082 36603
9082 45817
9082 60210
36603 93633
45817 9082
9087 29545
9087 62035
29545 62035
62035 9087
62035 29545
62035 93601
9092 58250
9093 45814
45814 9093
9097 71106
9097 77788
71106 9097
77788 9097
77788 71106
9099 37916
9099 50188
9099 66401
37916 50188
37916 66401
50188 37916
50188 66401
66401 37916
66401 50188
9104 73115
9109 96197
9110 1739
9110 6236
67195 9111
67195 91808
9115 9339
9120 16868
9126 87809
9130 74397
9130 97720
9131 33236
33236 9131
9132 5889
9132 88305
9142 16868
9147 10740
9161 31746
9164 54387
9166 27496
27496 65554
27496 80478
27496 93172
9168 61454
61454 9168
9169 26628
9169 42458
26628 9169
26628 42458
9170 45425
9172 21682
9178 91902
9191 77316
77316 20722
85103 9192
85103 23974
9196 41909
9197 62701
42114 9198
42114 69498
9200 45498
45498 9200
45498 94112
9201 94971
9202 13807
13807 9202
9204 42897
9204 43365
9204 99062
42897 9204
42897 43365
42897 99062
43365 9204
43365 42897
43365 99062
99062 9204
99062 42897
99062 43365
9208 15904
9208 28215
9217 65227
9219 1536
9219 71768
71768 1536
9220 22397
22397 96381
9224 38345
9224 54147
38345 9224
38345 54147
9225 7699
9226 82832
9227 5889
9227 88305
9228 57497
9229 62252
9231 67254
41537 56674
9235 6236
9235 10035
10035 6236
9238 13948
13948 9238
9240 5314
9243 16910
9243 54736
9244 68335
9247 69099
9249 89996
89996 9249
9250 44452
9253 15263
9253 32163
9253 48888
9253 79367
9253 86526
9254 46097
46097 66969
9264 3570
9264 10361
9264 12081
9264 59206
9264 73743
73743 45077
9265 84522
9266 43456
43456 9266
43456 82565
43456 94733
9268 48896
9270 74397
9270 86362
86362 9270
86362 74397
86362 95064
9274 68085
68085 58802
9275 78763
9276 33194
9278 2028
9278 17849
9278 21682
9278 62236
9278 88270
17849 2028
17849 21682
62236 2028
62236 21682
88270 2028
88270 21682
9279 7699
9281 95382
9283 83759
9284 40996
9284 84219
40996 14155
84219 86299
9286 95323
95323 21802
9287 79439
79439 9287
9292 96926
9295 30739
9297 91346
91346 9297
9299 2601
9299 28039
9299 74601
74601 93383
9302 21241
9302 64311
9308 23966
9308 66854
23966 66854
66854 23966
66854 75569
9309 54886
9309 97622
54886 97622
97622 9309
97622 54886
9312 72950
9313 68245
9317 22205
22205 9317
22205 32281
9318 56252
56252 64096
9320 28778
28778 67197
28778 74519
9324 30213
30213 67845
9326 514
9326 22233
9326 28788
9331 6236
9331 64112
9333 5415
9333 16691
9333 74227
9334 8979
9337 68818
9338 37602
37602 27584
9340 98063
9343 21394
9343 36960
9345 68465
9346 3170
9346 20514
9347 7314
9347 86318
86318 7314
86318 9347
9348 46329
9348 60543
46329 60543
9349 18433
9349 63346
9349 88835
9351 40400
9352 293
9360 41909
9362 30836
9362 52796
52796 9362
52796 30836
52796 52687
9363 38992
9363 92514
38992 9363
38992 92514
92514 9363
92514 38992
9366 61576
9373 81361
9375 32122
9376 39995
9376 62539
9379 11394
11394 9379
9380 16749
9397 47588
47588 36292
47588 65722
47588 80656
9398 63933
63933 9398
9410 5314
9413 23526
9419 9810
9421 44003
9426 7217
9428 86078
9431 9428
9432 84525
9444 16545
9444 41909
9444 73696
9447 54147
9454 57791
9456 4547
9457 52752
9457 58539
9457 63451
9457 92612
52752 9457
52752 58539
52752 63451
52752 92612
92612 9719
92612 58539
92612 63451
9458 31393
9460 2483
9460 43357
9460 66162
9460 96071
43357 81539
66162 70200
9463 47076
9463 48865
9463 58129
48865 14006
9466 39674
9469 24111
24111 9469
9476 17536
9476 30993
17536 67529
17536 86353
30993 66241
9477 47237
9477 67397
47237 67397
9484 77137
77137 9484
9487 26048
9487 52009
9487 65331
9488 7314
9488 19982
9488 88935
19982 7314
88935 7314
9495 63941
63941 9495
9501 13177
13177 49951
13177 56251
9509 9533
9509 80626
9512 6848
9512 54147
9515 13084
9515 16332
9515 66251
13084 9515
13084 16332
13084 66251
66251 9515
66251 13084
66251 16332
9518 7295
9520 22050
9520 57877
9520 83823
57877 9520
57877 22050
57877 83823
83823 9520
83823 22050
83823 57877
9526 77861
9529 1451
9529 60876
9529 72897
72897 60876
9530 74314
9530 88316
74314 88316
88316 74314
9534 39279
9535 183
9541 93809
59341 9542
9545 36292
9545 44161
9549 5981
9549 16237
9549 94108
16237 17911
16237 35171
16237 58274
9552 64333
9552 83737
64333 9552
64333 83737
64333 97283
42024 30309
42024 60655
60655 30309
60655 42024
9556 48359
9557 61212
9561 5119
9561 27733
9561 46545
9562 36292
9562 65716
65716 718
65716 36292
65716 97964
65716 99718
9563 33904
33904 9563
33904 38036
33904 47040
33904 92850
9567 68278
68278 9567
9568 11079
9571 20391
9571 57791
20391 57791
9574 47363
9574 50286
47363 1732
47363 13193
47363 22554
47363 37160
47363 44164
47363 50286
47363 68054
47363 78841
50286 47363
9576 24688
9576 55945
55945 9576
55945 24688
9577 20754
9577 96101
20754 9577
20754 96101
96101 9577
96101 20754
9579 13825
9579 55030
9583 29434
9585 47133
9587 58578
9587 84438
58578 9587
9589 19979
9589 28470
28470 9589
28470 19979
9590 3170
9590 20514
9592 4773
9592 55320
9592 91324
55320 4773
55320 9592
91324 4773
91324 9592
9593 69645
69645 9593
69645 14507
69645 22679
69645 62184
9594 5270
9594 19908
9594 74397
9594 91228
19908 5270
19908 9594
19908 74397
19908 91228
9596 40896
40896 24422
40896 88438
9597 41909
9597 60980
60980 9597
60980 41909
9599 18231
9599 62514
18231 9599
18231 62514
62514 9599
62514 18231
9600 26942
9600 43333
26942 9600
9604 51061
9604 86811
9604 97552
86811 29433
86811 40391
86811 51061
86811 72550
97552 9604
97552 51061
97552 86811
9606 89781
89781 9606
9618 55821
9624 17590
9624 88119
17590 72901
17590 88119
9628 41909
9628 69628
69628 80015
69628 83905
9630 1787
9630 11052
9630 53539
9630 72796
9632 34389
9636 68354
9636 86953
9636 96142
9636 97685
86953 9636
86953 47696
86953 96142
86953 97685
96142 9636
96142 86953
96142 97685
97685 9636
97685 86953
97685 96142
56914 1214
56914 9638
9640 49987
9646 4635
9649 39541
9649 49371
39541 9649
39541 49371
39541 61820
49371 9649
49371 39541
9653 62162
9653 73190
62162 16332
62162 48014
9655 72625
9656 70830
9665 82687
9670 55112
9673 13396
9673 16215
13396 6236
13396 9673
16215 99622
9676 1296
9676 25802
9676 57901
57901 27845
45826 9678
9679 65076
9679 86299
65076 86299
9685 50847
9685 94554
94554 9685
94554 50847
9688 58321
9689 10577
9690 40474
9691 85708
85708 9691
9695 9533
9695 74831
9695 79073
9695 80626
9695 83033
74831 80626
79073 9533
79073 38354
79073 80626
9697 64988
64988 9697
64988 39545
64988 69484
9698 78284
78284 71
78284 9698
9700 46330
9700 50048
9700 65728
50048 9700
50048 46330
50048 65728
9703 95334
95334 9703
95334 42016
9707 40024
9708 30847
9708 83454
9709 10912
9709 24465
10912 24465
24465 9709
24465 10912
9710 54147
9713 64044
9714 27281
27281 9714
9715 38629
9715 77015
9715 99844
38629 77015
77015 92139
99844 38629
99844 77015
9716 19169
19169 9716
9719 58539
9725 43792
9733 67552
9735 96993
9737 78244
9738 2314
9740 36640
9746 38400
9746 72795
38400 72795
72795 38400
9749 7309
9753 78965
9754 39561
9754 58323
58323 34993
58323 54147
58323 62423
58323 87467
9761 91997
91997 9761
9769 36292
9769 62158
62158 36292
9784 35582
35582 9784
9786 69842
69842 9786
9788 45711
9788 71544
71544 14034
9789 7314
9789 29439
9789 58905
9789 94215
29439 7314
29439 9789
29439 58905
29439 94215
58905 7314
58905 9789
58905 29439
58905 94215
94215 7314
94215 9789
94215 29439
94215 58905
9790 34431
9790 74878
74878 20919
74878 34431
9791 39151
9791 73590
9791 73701
9791 78130
9791 82797
39151 9791
39151 31637
39151 73590
39151 73701
39151 78130
39151 82797
73701 9791
73701 39151
73701 73590
73701 78130
73701 82797
78130 9791
78130 39151
78130 73590
78130 73701
78130 82797
9792 76068
9795 66143
9795 72106
66143 72106
9797 13298
9799 11092
9799 88170
11092 19267
11092 57263
88170 6921
9811 59462
9813 52237
9813 67227
9816 34763
9817 85448
85448 9817
9818 67555
9821 28367
9821 42436
28367 42436
42436 28367
9828 24003
24003 9828
9833 31746
9835 35918
9835 41909
35918 9835
35918 41909
9839 35269
9844 66375
9846 41909
9847 20718
9847 30837
9847 48096
9847 53594
9847 91554
20718 30837
20718 53594
20718 91554
48096 48846
53594 15374
53594 30837
53594 86507
9848 29778
9848 54147
29778 54147
9851 62961
62961 9851
9852 44231
9852 56831
56831 9852
56831 44231
56831 51750
9863 53366
9864 77547
9872 36447
9873 64077
9886 5121
9886 49006
49006 5121
9887 95088
95088 9887
9888 40648
9888 71006
40648 71006
71006 46349
9889 27472
9889 49087
27472 9889
27472 49087
49087 9889
49087 86617
9890 97396
9891 73186
9892 76969
9894 54147
9894 95446
9895 94133
9897 7314
9897 42376
9897 56794
9897 99171
99171 56794
9900 27242
9900 51040
9900 68465
27242 9900
27242 20395
27242 51040
27242 62807
27242 64663
27242 68465
9902 96413
9908 10021
9908 32163
9910 38476
9914 63972
9914 69401
63972 9914
63972 69401
69401 9914
69401 63972
9915 83329
83329 51683
9918 72106
9920 35369
9920 58539
35369 21356
35369 58539
35369 96090
9925 75039
9927 36505
36505 5079
9929 12677
9929 33675
9929 97834
12677 33675
9930 1536
9931 5981
9931 71636
9931 84332
9931 92849
71636 5981
71636 9931
9934 30118
9934 45744
9934 76259
45744 9934
45744 30118
45744 76259
76259 9934
76259 30118
76259 45744
9937 9566
9944 41909
9945 23776
9945 47697
23776 47697
23776 76007
9947 63487
63487 9947
9948 86045
86045 61820
9952 52637
9955 19572
9955 41299
9955 88970
9957 59892
59892 9957
59892 55049
9959 98447
9962 82920
82920 68336
82920 78557
9964 41744
9972 57791
9973 5201
9974 41724
41724 9974
9978 18101
9978 30432
9978 91155
18101 30432
30432 18101
9981 29434
9981 45491
9984 61438
9987 36292
9988 7074
9988 73480
9991 21682
9997 26069
26069 9997
26069 61697
9999 70070
70070 9999
10003 6896
10003 16562
10003 80856
10003 99601
10004 28834
10004 61997
10005 36502
10006 4741
50661 159
50661 78454
75500 10009
10015 77083
77083 6317
77083 48623
77083 67515
10017 7314
10017 82078
82078 7314
82078 10017
10018 67314
10019 9305
10020 624
10020 52436
10020 66735
10020 75786
52436 4448
66735 98308
10023 76326
10027 73600
10027 87984
73600 10027
73600 14897
73600 61102
87984 22330
87984 73600
10031 70923
46119 10033
10040 15554
10040 74288
15554 23770
15554 79848
74288 3035
74288 10040
10041 16682
10041 28129
10041 49105
16682 28129
16682 49105
28129 16682
28129 49105
49105 16682
49105 28129
49105 46851
10043 24689
10047 81510
10049 64456
64456 10049
10052 22987
10052 93748
93748 10052
93748 22987
93748 45540
10053 933
10053 23326
10053 29207
10053 35976
10053 40566
10053 70707
10053 78827
10053 96200
29207 82365
29207 95329
35976 47688
35976 70707
10054 70817
10054 86629
70817 86629
86629 70817
10056 62855
10056 74397
62855 10056
62855 74397
10057 10598
10057 57445
10598 95795
10059 12681
10061 68466
10062 44325
10062 78635
10065 41909
10065 73696
10066 59788
10067 35070
10067 42244
10067 52311
10067 84522
35070 42244
35070 52311
35070 84522
42244 47708
42244 52311
42244 84522
52311 10067
52311 42244
52311 84522
10071 41909
10080 41729
10080 96144
41729 96144
96144 41729
10083 68038
68038 2916
10086 29678
29678 4738
10088 718
10088 36292
10088 64932
64932 718
64932 10088
64932 36292
10092 54425
10093 60855
10096 10577
10096 40823
40823 10096
40823 10577
10100 44548
44548 10100
10105 85372
10106 85372
10107 14318
10115 79333
10117 38568
10117 61741
10117 71849
10117 86467
38568 10117
38568 61741
38568 71849
38568 86467
61741 10117
61741 38568
61741 71849
61741 86467
71849 10117
71849 38568
71849 61741
71849 86467
86467 10117
86467 38568
86467 61741
86467 71849
10123 4626
10123 59001
10123 70358
10126 56455
10128 3483
10129 41811
10139 1615
10139 30956
10139 99717
99717 33024
99717 99266
10142 68825
10145 20190
20190 10145
10156 18425
10156 20303
10156 22007
10156 64543
18425 20303
18425 22007
18425 64543
20303 18425
20303 22007
20303 64543
64543 18425
64543 20303
64543 22007
10158 49119
49119 10158
49119 47932
10160 17670
10161 1633
10161 23331
10162 66283
10166 35573
10166 42487
10166 50206
42487 10166
42487 35573
42487 50206
50206 10166
50206 35573
50206 42487
10169 49899
10169 58428
49899 10169
49899 58428
10172 87318
87318 13722
10173 3611
10176 84440
10177 37719
10177 45547
10177 60010
37719 45547
37719 60010
45547 37719
45547 60010
60010 37719
60010 45547
10180 41909
10187 86440
10190 62701
10193 81019
10205 81837
10209 3054
10214 63851
10217 79315
79315 10217
79315 51692
10220 29344
10220 80532
29344 73787
29344 80532
10222 28761
28761 10222
10229 83117
83117 42246
83117 77735
10231 47264
10231 58541
47264 58541
58541 57905
58541 59212
58541 62915
10233 14674
10234 36292
10235 5766
10236 78276
10239 5314
10240 58141
10241 58664
58664 40856
58664 43156
10245 2
10245 30957
10247 12958
10249 31878
10250 57791
10252 10777
94797 10254
10256 74181
10260 1946
10260 24422
40241 10261
40241 58112
40241 71408
10262 12958
10262 15684
10262 16554
10262 36395
10262 38453
10262 55724
10262 62287
16554 18766
16554 95215
36395 75010
55724 30016
55724 38165
55724 62287
55724 85402
62287 55724
62287 85402
10266 1406
10266 70281
10266 73406
73406 1406
73406 10266
73406 70281
10277 8748
10277 12765
10277 31867
10277 34012
10279 68843
10280 43792
10286 27418
10286 51735
27418 10286
27418 51735
51735 10286
51735 27418
10289 23243
23243 10289
10293 86204
10294 69060
10294 91915
69060 91915
91915 69060
10295 32967
10296 49995
10297 10475
10297 35570
10297 86413
10475 11100
10475 16025
10475 35570
10475 46248
10475 48049
10475 66419
10475 69745
10475 74397
10475 86413
35570 10475
35570 67424
86413 10475
86413 35570
10303 48164
10305 84391
84391 10305
10310 82563
82563 10310
10311 97372
10324 13469
10324 75853
13469 10324
13469 75853
10326 21976
10327 94657
10331 21238
10331 42010
10331 87412
21238 10331
21238 42010
21238 87412
42010 10331
42010 21238
42010 87412
87412 10331
87412 42010
10336 32163
10337 84415
10338 71009
10338 98932
71009 56903
71009 98932
98932 71009
10342 24667
10342 27244
24667 10342
24667 27244
27244 10342
27244 24667
10343 86283
10346 56397
56397 40733
10351 27355
10352 92172
92172 10352
10356 31180
10356 36613
10356 90079
90079 10356
90079 31180
10359 47485
10364 54361
10365 34177
34177 10365
34177 46097
10368 16094
10368 44694
16094 44694
16094 48216
10371 22310
10373 30434
10375 9810
10375 11243
10377 718
10377 36292
10377 69932
69932 10377
10381 33558
10381 72305
10381 74024
74024 10381
74024 24991
74024 33558
74024 46314
74024 72305
10382 17412
10384 21388
10384 74933
21388 10384
21388 74933
74933 10384
74933 21388
10387 22711
10387 82940
22711 82940
10388 22048
22048 10388
10389 67197
10394 82225
82225 54959
10404 67397
10405 91335
10407 61232
10410 2562
10410 16127
10411 50023
50023 10411
10418 6598
10423 57497
10425 85372
10431 2763
10432 89289
89289 12304
89289 71883
10433 57274
57274 73484
10436 36292
10439 942
10441 24563
10441 32163
10441 72110
24563 10902
24563 32163
72110 10441
72110 32163
10442 27837
10442 49845
10442 69866
27837 10442
27837 28595
27837 32400
27837 49845
27837 83871
27837 94120
69866 10442
69866 27837
69866 49845
10447 16545
10447 41909
10447 73696
10448 12202
10448 47157
10448 73590
12202 47157
47157 12202
47157 33888
47157 73590
10451 25914
10451 67178
25914 10451
25914 67178
67178 10451
67178 25914
10454 27600
10454 81864
81864 10454
81864 27600
81864 29557
81864 49091
81864 86808
10462 69628
10464 61208
10464 84213
10464 96519
61208 10464
61208 84213
61208 96519
84213 10464
84213 61208
84213 96519
96519 10464
96519 61208
96519 84213
10466 9691
10468 34142
10468 65977
10471 21613
10474 57479
57479 19562
57479 51330
57479 51389
57479 59681
57479 62289
11100 74397
16025 10475
16025 35570
16025 86413
69745 48049
10476 20612
20612 41934
20612 99929
10477 12958
10477 30847
10481 3497
10481 64558
10484 45507
10485 23129
23129 77982
10490 22466
10490 42825
22466 11478
22466 42825
22466 75907
42825 11478
42825 22466
42825 75907
10491 39364
10493 21682
10495 56841
10495 62520
56841 10495
56841 31068
56841 62520
62520 10495
62520 47317
62520 56841
10498 51683
10499 57773
57773 10499
10500 10276
10500 55282
10500 75708
10502 50118
10502 78199
50118 78199
78199 50118
78199 94944
10504 8994
10504 19480
10504 64010
10504 82849
82849 8994
82849 10504
82849 19480
82849 64010
10511 54147
10511 94282
94282 10511
94282 54147
10512 34002
10512 74421
34002 86204
10520 5005
10522 46531
10525 86056
10525 98800
10526 20655
10526 34906
10526 53808
10526 61433
10526 81654
10526 96728
81654 46941
10527 46590
10527 61582
10527 79823
46590 61582
46590 79823
61582 46590
61582 79823
79823 46590
79823 61582
10529 86621
10530 81947
10531 84522
10534 30836
10536 76946
10542 22011
10543 17381
10543 32163
10544 4664
10544 23526
10544 50401
50401 10777
10546 40433
10546 99333
40433 99333
99333 40433
10550 296
10550 74224
10552 5280
10552 22384
10552 88352
40653 10558
40653 42341
10559 7004
10560 46932
10562 34649
10562 98817
34649 10562
34649 98817
10567 12209
10567 92368
10568 28673
10568 94546
28673 14383
28673 94546
94546 7477
94546 14383
94546 28673
10569 25413
25413 10569
10570 11328
11328 10570
28676 10573
10574 10055
10574 51726
87569 10576
45073 10577
45073 18640
45073 34118
45073 75652
45073 84309
10578 19896
10578 45193
10578 53376
10578 61108
19896 34465
19896 48773
19896 81332
61108 18411
61108 19896
61108 28365
61108 29101
61108 31402
61108 53376
10584 19363
19363 10584
10591 77532
77532 10591
10595 89289
10597 70693
10601 21113
10601 40531
21113 10601
10603 60842
10606 94111
94111 10606
10612 55531
10612 99196
55531 10612
55531 99196
99196 10612
10613 65123
10613 84440
65123 84440
10615 82267
10618 28273
10618 40075
28273 10618
28273 40075
40075 10618
40075 28273
10620 66286
10622 50231
10623 57568
10629 91522
91522 10629
10630 41909
10632 47937
10632 81981
10635 13211
10637 37777
10637 59065
37777 59065
59065 37777
10641 11443
10641 86258
86258 10641
86258 11443
10646 6776
10646 58236
58236 6776
58236 10646
58236 73335
58236 86460
10649 97759
10650 62506
10651 57791
10654 22624
10654 95190
22624 10654
22624 89718
95190 94276
10656 13502
10656 77342
77342 10656
77342 13502
10664 29233
10672 31946
31946 51798
10673 5415
10675 27913
10675 84530
10675 99246
84530 27913
84530 99246
99246 27913
99246 84530
10676 14123
10676 20718
10676 24788
10676 26455
10676 30837
10676 42780
10676 53594
10676 57475
10676 62143
10676 71419
10676 77512
10676 88061
10676 91554
14123 30837
24788 74713
24788 88061
42780 30837
42780 81901
57475 30837
62143 30837
77512 30837
88061 24788
95862 55793
95862 69021
95862 99701
99701 55793
99701 95862
10678 3038
10678 20922
10678 57227
10682 21345
21345 80658
10684 28111
28111 10684
10685 39805
10685 48976
10689 60876
10690 4990
10690 31518
10690 35071
10690 77323
10693 21037
10699 43280
43280 10699
10700 28124
10700 39482
10700 84654
10700 86490
39482 10700
39482 28124
39482 84654
39482 86490
10703 79865
10704 8979
10708 64790
64790 10708
10709 85266
85266 76101
10717 48675
10717 75502
48675 10717
75502 10717
10723 77015
10726 85608
10727 64160
10727 65326
64160 65326
10728 17245
17245 10728
10730 84439
10730 88475
88475 10730
88475 84439
10734 23562
10734 54147
10734 94810
23562 10734
23562 54147
94810 54147
94810 79083
10741 7609
10741 64174
10741 99421
10748 56852
56852 92329
10750 41770
41770 10750
10753 7314
10760 60725
10766 75235
10767 82255
10775 29085
10776 19352
10776 59653
32721 10777
32721 50401
45702 11357
45702 15007
45702 20390
45702 97946
10781 14783
10781 33998
10781 81286
10781 97841
10781 97942
14783 10781
14783 33998
14783 97841
14783 97942
33998 10781
33998 14783
33998 97841
33998 97942
97841 10781
97841 14783
97841 33998
97841 97942
97942 10781
97942 33998
10786 11218
11218 10786
10791 42341
10791 59657
59657 10791
59657 42341
10792 56250
10792 96884
96884 41798
96884 45957
96884 51367
96884 56250
10793 79882
10794 68245
10795 56158
10795 93908
56158 11373
56158 90428
10796 38607
10797 4630
10797 27598
10797 54147
10797 85585
27598 39043
27598 54147
27598 96839
10798 39387
39387 4138
39387 33016
10799 96062
10805 97908
10807 40374
40374 10807
10808 60635
10808 91951
91951 10808
10809 13892
13892 83746
10811 44166
10811 80203
44166 80203
80203 44166
10812 37508
10812 54243
10818 16910
10826 17012
17012 10826
10830 61553
61553 10830
10833 23721
42689 25897
83692 10839
83692 13232
10843 54147
10844 1532
10844 91228
10844 96298
10844 97436
10848 86621
10851 86260
86260 77387
10868 81947
10869 80293
10872 93613
10873 68834
10876 71971
10879 70530
70530 10879
10882 16332
10882 21262
21262 16332
21262 48014
21262 50518
21262 61217
21262 62477
21262 73190
10886 71174
10894 23629
10894 25604
10894 41304
10894 82072
10897 42021
10897 75364
10901 32163
10901 68164
68164 32163
10902 24563
10902 32163
10906 38939
10906 82506
10907 21673
10907 27006
10907 58771
10907 87137
27006 87137
87137 27006
87137 36292
10910 8316
10919 88214
10923 27993
10923 50058
27993 50058
50058 27993
10924 30309
10924 38464
38464 10924
38464 74600
10925 13509
13509 10925
10927 81309
10928 40248
10928 75117
10933 43951
10936 98943
10938 21042
10942 44972
10945 55007
10945 59799
55007 40181
10946 6692
10946 36122
10947 51979
10947 57791
51979 34020
51979 57791
10950 25548
10955 53093
10959 71189
71189 52314
10964 49583
10967 40775
10970 81378
10971 45425
10971 74066
74066 10971
74066 45425
10974 71274
10974 93960
10974 98262
71274 93960
71274 95090
71274 98262
93960 71274
93960 98262
98262 71274
98262 93960
16969 4968
16969 10981
10987 65824
65824 10987
10988 12992
10991 16183
16183 10991
10995 64333
10995 83737
10996 18193
10996 32052
10998 64890
10999 60339
11003 1375
11003 15314
11003 91684
11004 67732
11005 16868
11005 24202
11005 88178
24202 16868
24202 88178
24202 99079
88178 16868
88178 24202
11007 80962
80962 11007
11008 39503
11008 72663
39503 72663
72663 39503
11010 18531
18531 7010
18531 35664
11013 54359
11014 50847
11014 94554
11018 39726
11018 47329
11018 49181
11018 68075
11021 99409
99409 11021
99409 28602
11022 31723
11024 18223
11024 56147
11026 27736
27736 11026
11027 13182
11027 55602
13182 47509
55602 11027
55602 15883
11028 80515
11030 65967
65967 59216
11034 3516
11036 80133
11037 3054
11037 63303
11037 66058
63303 3054
63303 11037
11038 42603
42603 11038
11042 84548
11044 37136
11044 44323
44323 37136
11046 54147
11048 3339
11048 14396
11050 53777
53777 11050
11053 14428
11054 12721
11054 74397
11058 41909
11058 71325
11058 81191
81191 41909
81191 71325
11063 13202
13202 11063
13202 68392
11064 15002
11070 15758
15758 11070
11072 66347
11074 53267
11074 98210
53267 41209
53267 88298
53267 97735
98210 19727
98210 53267
11076 6781
11076 13702
11076 94333
11077 38817
11077 55816
11081 57497
11082 36292
11085 51683
11090 51615
11090 75568
11090 85203
51615 11090
51615 75568
51615 85203
75568 11090
75568 51615
75568 85203
85203 11090
85203 51615
85203 75568
19267 57263
57263 19267
11093 8226
11093 32597
11093 35952
11093 36621
11093 36919
36621 8226
36621 32597
36621 35952
36621 36919
11094 78833
11094 97834
11095 11753
11095 12634
11095 44668
11753 44668
12634 11095
12634 11753
12634 44668
44668 11095
44668 11753
11097 73789
11098 92827
11099 35557
11099 90499
35557 90499
11107 57791
11107 75467
75467 11107
75467 57791
11111 64331
64331 11111
11113 62059
11113 77616
62059 11113
62059 54147
62059 57131
62059 77616
77616 62059
11114 24215
11114 25099
11114 30439
11114 87893
87893 8100
87893 17292
11115 51875
11115 85693
51875 85693
85693 51875
11117 43231
11117 57228
11117 84880
11117 94870
43231 11117
43231 57228
43231 84880
43231 94870
57228 35969
57228 94870
84880 11117
84880 43231
84880 57228
84880 94870
94870 57228
11120 77417
11127 88525
88525 11127
88525 86723
88525 98177
11129 64019
64019 11129
11133 67110
67110 99848
11134 49429
11135 16332
11137 54704
11141 55034
11146 40282
11147 65319
11147 88776
88776 65319
11149 57791
11151 47391
11153 12744
12744 11153
12744 32409
12744 37928
11154 27959
11154 38519
11154 60242
27959 11154
27959 60242
38519 11154
38519 60242
11156 62530
62530 76478
62530 77873
62530 96251
11158 45699
11159 11275
11159 63052
11159 88450
11275 11159
11275 63052
11275 88450
63052 11159
63052 11275
63052 88450
88450 11159
88450 11275
88450 63052
11171 34696
34696 18093
11172 38400
11172 72795
11175 60876
11177 73480
11185 7314
11185 77216
11187 33194
11198 4898
11198 7575
11201 67397
11204 58652
30001 8764
30001 11207
30001 62252
73714 11207
73714 62252
11208 7314
11213 90399
11216 55611
11216 60232
55611 60232
60232 55611
11217 43003
43003 11217
11220 59016
59016 11220
11224 17754
11224 90708
90708 11224
90708 17754
11225 66625
11225 96414
11227 41924
11227 46741
41924 11227
41924 46741
46741 11227
46741 41924
11229 9533
11230 61108
11231 74733
11232 17709
11232 33551
11232 61958
33551 56039
33551 89394
61958 56041
11233 39279
11234 81070
11236 77731
77731 11236
11240 46854
11244 24702
11244 41207
24702 35132
41207 11244
11245 16868
11245 24583
11245 44076
24583 11245
24583 16868
24583 44076
11246 27692
11246 36115
27692 11246
27692 36115
36115 11246
36115 27692
11247 51476
11248 54485
11249 23088
11249 45619
11249 49216
45619 81305
11255 79962
11256 10160
11256 86078
11256 93820
11257 80042
11257 94657
80042 11257
80042 94657
11258 13733
11259 54147
11260 70061
11261 32163
11262 14598
11264 8316
11266 11157
11266 32163
11266 48888
11273 68245
11274 26350
26350 24463
26350 28255
26350 50927
11276 78399
11277 15187
15187 6179
11282 86998
11288 51342
11290 43181
43181 11290
11300 27822
11300 85069
11301 18331
11303 31727
11303 85348
31727 11303
31727 85348
85348 11303
85348 31727
11304 451
11310 41514
41514 11310
11311 54147
11315 35416
56068 11319
85218 11319
11322 31305
11322 39473
11325 38928
38928 11325
11326 24191
11326 38932
11332 96327
11332 98063
11335 13792
13792 11335
11337 36292
11341 48237
48237 11341
38716 0
38716 3501
38716 11342
11344 13708
11344 34117
13708 34117
34117 13708
11345 4998
11351 48106
11353 80632
11354 12118
12118 11354
11358 41014
11358 45939
11358 77217
41014 45939
41014 77217
45939 41014
45939 77217
45939 78849
77217 41014
77217 45939
11366 91787
11370 81651
11374 30837
11374 31180
11375 60885
11376 60876
11376 61529
61529 11376
61529 60876
11380 87008
11382 59788
11382 70056
70056 11382
70056 59788
70056 99075
11398 13528
11398 61821
11398 63763
13528 11398
13528 61821
13528 63763
61821 11398
61821 13528
61821 30701
61821 63763
11401 50093
11403 30707
11403 91881
30707 91881
91881 73483
11405 7314
11416 99545
99545 61923
11422 64332
11422 89304
89304 11422
89304 64332
11426 63293
63293 11426
11433 6466
11433 18500
11434 8316
11434 25331
25331 85398
11438 79232
11439 68245
11444 4760
11446 27486
11446 84194
11449 42493
11452 54935
11455 72540
72540 11455
11457 2967
11457 82520
11458 79050
11458 90422
11458 93156
90422 11458
90422 79050
93156 11458
93156 79050
11459 67393
11464 4039
11464 74397
11464 97720
11465 2845
11468 65775
11469 77119
11470 7352
11470 13596
11470 57994
13596 68378
11475 97719
97719 24966
97719 42811
97719 49975
97719 65611
97719 74123
11476 47297
11478 22466
11478 42825
11478 75907
75907 11478
75907 22466
75907 42825
11481 47262
11481 84883
11481 93277
47262 84883
47262 93277
84883 11481
84883 25447
84883 47667
84883 93277
84883 96096
93277 84883
11482 24204
24204 36521
11489 86299
11490 78434
78434 11490
11497 50732
11498 60761
60761 11498
11502 70022
11503 67397
11516 61460
11516 62537
11521 83726
11525 26979
26979 11525
34824 9533
34824 11535
34824 36294
34824 59322
36294 9533
36294 11535
36294 20720
36294 34824
36294 59322
59322 9533
59322 11535
59322 34824
59322 36294
11536 23406
11536 88838
88838 11536
11537 7916
11537 66617
11537 70141
11537 72305
66617 7916
66617 11537
66617 70141
66617 72305
70141 7916
70141 11537
70141 66617
70141 72305
11541 46092
11543 19914
11543 90945
11544 87703
11546 80006
11546 95889
11546 98542
80006 98542
95889 66067
98542 23881
11547 2705
11547 91569
91569 2705
91569 11547
11548 28593
11548 37811
28593 12064
37811 28593
11549 50283
50283 30096
11555 15693
11556 54260
11556 60755
11556 73074
11556 76427
73074 11556
73074 54260
73074 60755
73074 76427
11559 91596
91596 11559
11561 97283
11569 66067
11573 54384
54384 11573
11578 17355
17355 54147
11583 9678
11585 61350
11585 95253
61350 11585
61350 95253
95253 11585
95253 61350
11590 92863
92863 71292
11592 82685
11595 77525
77525 11595
11599 78430
11600 384
11600 14914
11600 62834
14914 384
14914 11600
14914 62834
62834 384
62834 11600
62834 14914
11607 28588
11608 35624
11608 53110
11608 54018
35624 11608
35624 53110
35624 54018
53110 11608
53110 35624
53110 54018
54018 11608
54018 27331
54018 35624
54018 53110
11609 58720
11611 69947
11618 68604
11623 31746
11630 13505
11630 87899
11630 99379
11633 49559
11633 52679
49559 52679
52679 36642
11638 76203
76203 11638
76203 13475
76203 18831
76203 45802
76203 77186
76203 94756
11640 28662
28662 17751
28662 71738
11644 73694
73694 11644
60084 64910
73708 7314
73708 60084
11653 27580
27580 27357
27580 75756
27580 87653
11655 18296
11655 60544
11658 11798
11658 12321
11658 60750
12321 11658
12321 60750
60750 11658
60750 12321
11659 14360
11659 39475
11659 51188
11659 64328
11659 89633
14360 11659
14360 39475
14360 51188
14360 89633
39475 11659
39475 14360
39475 51188
39475 89633
51188 11659
51188 14360
51188 39475
51188 89633
64328 11659
64328 14360
64328 39475
64328 51188
64328 89633
89633 11659
89633 14360
89633 39475
89633 51188
11662 280
11663 13189
13189 60764
11664 23322
11664 43942
23322 11664
23322 43942
43942 11664
43942 23322
11673 47354
47354 87895
11677 42819
11677 54599
11677 65617
11677 96510
42819 11677
42819 54599
42819 65617
42819 96510
54599 11677
54599 42819
54599 65617
54599 96510
65617 96510
96510 65617
11678 1826
11680 3497
11680 64558
11680 85292
11683 1532
11683 58365
11683 91228
11683 96298
11683 97436
58365 1532
58365 11683
58365 91228
58365 96298
58365 97436
11684 94657
11685 64896
11687 24484
24484 11687
24484 59143
11693 41909
11696 5763
11696 13804
11696 40047
11696 56677
11706 62632
62632 11706
11707 95805
11709 20935
11709 29791
11710 85608
11714 88458
88458 11714
11716 8316
11720 7314
11723 7314
11723 21082
21082 7314
21082 11723
11725 26142
11725 55000
26142 55000
55000 26142
11727 69380
11727 74397
11728 19374
11728 38194
38194 19374
11730 55769
55769 11730
11731 29938
11731 46701
11735 62882
11737 17412
11738 41433
11739 65827
11741 78244
11751 85997
11752 16306
11754 93154
11758 13795
11758 82594
13795 82594
82594 11758
82594 13795
80089 11759
80089 78528
11763 20612
11764 45287
45287 11764
45287 20297
45287 56373
11766 70173
11766 75348
70173 75348
75348 77198
11771 38059
11772 62270
62270 11772
11775 97283
11777 18417
11777 39364
18417 113
18417 11777
18417 28363
18417 39364
11778 32600
32600 48864
32600 50284
42370 11780
42370 21876
42370 22663
42370 31758
42370 53964
42370 56823
42370 78956
42370 95125
42370 98812
11781 15803
15803 11781
11782 96235
11782 99006
96235 99006
99006 96235
11787 33904
11787 95970
11789 31968
11796 47989
47989 35651
11801 71355
11802 30564
11802 30846
11802 76151
11802 91608
30846 30564
30846 91608
76151 11802
76151 30564
76151 30846
76151 91608
91608 30564
91608 30846
11810 3054
11811 75177
75177 11811
11812 7235
11814 25014
11814 36020
11814 56411
25014 11814
25014 36020
25014 56411
36020 11814
36020 25014
36020 56411
56411 11814
56411 25014
56411 36020
11817 22053
22053 11817
11820 74397
11826 19709
11826 90662
90662 83387
11827 25550
25550 11827
11843 85134
11845 10111
11845 51466
11845 81614
11850 70154
11850 83850
11852 7314
11852 18323
11857 81521
81521 49433
81521 93307
11858 41909
11858 73696
11859 10577
11862 92244
92244 79556
11869 17547
11869 47927
11870 69844
11871 91009
91009 58117
11874 87322
11875 39047
11875 73177
39047 11875
39047 73177
73177 11875
73177 39047
11876 8316
11884 90095
11892 50854
50854 11892
11894 52098
52098 11894
52098 38468
11895 3167
11895 22993
11895 57791
22993 3167
22993 11895
22993 57791
11897 15910
15910 36429
11898 32642
11901 13613
13613 11901
11907 54078
11908 56085
56085 11908
11909 64896
11910 41076
11910 86239
11910 89528
86239 89528
11912 46442
11912 47173
46442 47173
46442 52764
46442 82000
47173 46442
11913 31393
11913 46041
46041 11913
46041 31393
11914 16362
11920 64167
11925 66402
66402 97082
11926 22884
11926 69354
69354 11926
69354 22884
11927 0
11927 11342
11928 68851
68851 39706
11936 67757
67757 16021
67757 28700
67757 82838
11939 19514
11939 32562
19514 32562
32562 19514
11940 62005
62005 11940
11942 91950
91950 66534
11943 30948
30948 22427
11946 86847
11953 45425
11954 8873
11955 67958
67958 11955
11961 39780
39780 11961
11963 40658
40658 11963
11974 67951
11978 29545
11978 62035
11979 5089
11979 17526
17526 5089
17526 11979
11980 57596
11982 94536
11983 47355
11984 76120
11989 76555
11990 54147
11991 43123
43123 11991
11993 10777
11993 39164
11993 70387
70387 11993
70387 39164
11994 4763
11997 24908
12002 14373
14373 12002
12004 9533
12004 80626
12006 63359
63359 83060
63359 90191
12008 24887
12008 86909
12008 98716
24887 86909
24887 98716
86909 24887
86909 98716
12010 37514
12013 32163
12013 48888
12013 49769
49769 17592
49769 50801
12021 78244
12024 8197
12027 32163
12027 48888
12030 97102
97102 12030
97102 79415
12039 7706
12039 91433
91433 7706
91433 12039
12041 943
12048 50020
12049 89300
12050 53196
53196 12050
12051 12492
12051 25145
12492 12051
12492 25145
25145 12051
25145 12492
12054 17858
12054 25316
25316 17858
12055 39588
12058 91035
12064 28593
12073 53709
53709 12073
12074 15376
12075 99235
12078 5208
12078 48096
12079 13809
12079 22128
12079 25410
12079 32921
12079 35459
12079 56251
12079 68699
12079 82075
32921 13809
32921 22128
32921 25410
32921 35459
32921 56251
32921 58228
32921 68699
35459 49108
56251 13809
56251 22128
56251 25410
56251 32921
56251 35459
56251 68699
56251 86280
68699 13809
68699 22128
68699 25410
68699 32921
68699 35459
68699 56251
12080 8197
12080 33881
12080 97283
12082 83841
12083 68245
12084 39802
39802 98937
12087 54895
12088 675
12090 1729
12090 22416
12090 24189
32520 3615
32520 12091
32520 85307
12092 19875
12092 97414
97414 12092
97414 19875
12093 28759
12094 16868
12094 48667
12094 75247
75247 12094
75247 16868
75247 48667
12095 34623
12095 62370
34623 12095
34623 62370
62370 34623
12097 37799
37799 12097
37799 14910
37799 26364
37799 41565
37799 71894
37799 89303
37799 91508
12098 58224
12107 28131
28131 12107
12108 38359
38359 12108
12113 15680
12113 89829
12113 95085
15680 12113
15680 89829
15680 95085
89829 12113
89829 15680
89829 95085
95085 12113
95085 15680
95085 89829
12116 91798
91798 12116
12120 6123
12122 21140
21140 52547
21140 56913
21140 72827
12131 32163
12131 99612
99612 12131
12137 13588
12137 27921
13588 27921
27921 13588
12138 97184
12142 1406
12142 70281
12145 75697
75697 12145
12146 13786
13786 12146
13786 34184
12147 57791
12147 88901
12147 91795
88901 12147
88901 57791
88901 91795
91795 12147
91795 57791
91795 88901
12148 59404
12151 46883
46883 12151
12152 17415
12152 34113
12152 65426
12152 81417
17415 84753
17415 86427
34113 17415
34113 81417
34113 84753
65426 34303
65426 58321
81417 17415
81417 84753
12161 3388
12161 43018
12162 91035
12169 62717
12169 70061
62717 12169
62717 70061
62717 73667
12173 6628
12173 18059
12173 98991
18059 12173
98991 6628
98991 18059
12175 32862
32862 37039
12180 57791
12184 44758
12187 48707
12192 86204
12200 51289
12205 27830
12205 42117
12205 95323
27830 12205
27830 42117
27830 95323
42117 95323
12206 58801
12207 65940
12208 47443
47443 12208
12213 31915
12213 84654
12213 95968
31915 84654
95968 18192
95968 84654
95968 86600
12214 35858
35858 12214
35858 68262
12215 60879
12218 31746
15470 16575
15470 81089
16575 15470
12225 72106
12228 42551
12229 83216
12230 53139
12234 67393
12235 80327
80327 12235
12245 38547
12245 90830
38547 90830
12248 2648
12248 86078
12251 1532
12251 91228
12251 96298
12251 97436
12254 49561
12254 94595
49561 12254
49561 94595
94595 12254
94595 49561
12255 70198
70198 12255
12257 54390
12265 42388
12270 54147
12275 62701
12276 81161
12278 5280
12278 22384
12278 88352
12288 16414
12288 16868
16414 16868
12290 64077
12291 81279
12294 6926
12294 42048
12295 61115
61115 15919
61115 25424
12299 32314
12299 74054
32314 74570
74054 32314
74054 74570
74054 75342
74054 98902
12302 27234
27234 12302
27234 42116
23959 12304
96179 12304
96179 28464
96179 89289
12305 62996
12308 29431
29431 12308
29431 32605
29431 65711
12312 31192
12312 38867
12312 41554
31192 12312
31192 38867
31192 41554
38867 12312
38867 18406
38867 31192
38867 41554
41554 12312
41554 31192
41554 85732
12314 22806
12314 69778
12314 85434
12314 91738
22806 12314
22806 14751
22806 31807
22806 69778
22806 85434
69778 12314
69778 22806
69778 31807
69778 85434
85434 12314
85434 22806
85434 31807
85434 69778
12318 10445
12323 22011
12323 24558
12323 48104
24558 22011
12324 64890
12326 19605
19605 53656
12327 39364
12328 49736
49736 12328
12329 32163
12329 92012
12329 99164
12330 48106
12335 28256
12343 10925
12343 13509
12345 11639
12345 61622
12355 98329
98329 40795
98329 87171
12357 46491
46491 12357
12369 45490
12369 58763
12371 57309
57309 12371
12381 12108
12381 38359
12384 79157
12390 87160
87160 20024
87160 35003
87160 88107
12391 12838
12391 39352
12391 68912
12838 39352
12838 68912
39352 12838
39352 68912
68912 12838
68912 39352
12393 58300
12393 96703
12393 99198
58300 12393
58300 96703
58300 99198
96703 12393
96703 58300
96703 99198
99198 12393
99198 58300
99198 96703
12395 51769
12395 65772
12395 72783
51769 12395
51769 65772
51769 72783
65772 12395
65772 51769
65772 72783
72783 12395
72783 51769
72783 65772
12401 7314
12401 51773
12401 66289
12403 12481
12403 67090
12481 36555
12481 69118
67090 69118
12406 81043
12410 13172
12410 15726
12410 51477
13172 12410
13172 15726
51477 12410
51477 15726
12414 54895
12416 30742
12416 37688
12416 75661
30742 12416
30742 75661
30742 99711
12419 20827
12419 31069
12419 89271
20827 12419
20827 31069
20827 89271
31069 12419
31069 20827
31069 89271
89271 12419
89271 20827
89271 31069
12421 10895
12421 66266
12421 85266
66266 10895
66266 12421
66266 85266
12422 52204
52204 63156
12427 71
12429 54356
12429 84871
54356 12429
54356 84871
84871 12429
84871 54356
12430 32856
12430 60472
32856 12430
32856 60472
60472 12430
60472 32856
12433 58441
12436 70053
12439 60011
12439 72553
12439 73221
60011 12439
60011 72553
60011 73221
72553 12439
72553 60011
72553 73221
72553 86173
73221 12439
73221 60011
73221 72553
12441 1536
12446 29109
12446 72334
29109 95448
72334 12446
72334 29109
12450 61772
12450 95215
61772 12450
61772 15684
61772 16554
61772 33475
12451 14137
14137 12451
12452 33673
12455 41909
12455 91403
91403 12455
91403 41387
91403 41909
12457 10037
12457 49881
49881 10037
12458 15883
12459 58910
12459 71323
12459 71633
58910 50198
58910 78439
12464 59004
12468 62367
30372 94252
82221 40691
82221 94252
94385 40691
94385 94252
12471 27742
12471 43107
12471 79050
27742 12471
27742 43107
27742 79050
43107 11458
43107 27742
43107 79050
12472 38192
12472 54147
12472 84003
12472 93316
38192 12472
38192 54147
38192 84003
38192 93316
84003 54147
93316 12472
93316 38192
93316 54147
93316 84003
12477 22672
12477 78517
12477 84564
22672 78517
22672 84564
78517 22672
78517 84564
84564 22672
84564 78517
36555 67090
36555 69118
12482 20638
12485 47937
12485 81981
12486 6055
12486 36063
12486 50587
12486 82781
12491 43792
12494 68825
12496 18064
12501 57983
12511 34558
12511 68639
34558 19470
34558 75669
34558 84436
68639 42797
12524 65414
65414 12524
12525 65732
12525 66742
12525 74209
66742 65732
66742 74209
74209 46723
74209 65732
74209 66742
12526 24985
12526 40206
12526 42935
42935 12526
12530 11350
12530 22128
12530 86280
86280 22128
86280 43318
12533 27246
27246 12533
12534 44612
12535 29207
12535 82365
12535 95329
82365 29207
82365 95329
95329 29207
95329 82365
12537 30881
12537 76148
12537 76877
12537 77426
30881 12537
30881 48293
30881 76877
30881 77426
76148 12537
76148 48293
76148 76877
76148 77426
76877 12537
76877 48293
76877 77426
77426 12537
77426 48293
77426 76877
12541 85751
85751 12541
12542 40265
12542 65412
40265 65412
65412 40265
12543 66992
66992 12543
12546 52179
52179 48976
12548 32163
12549 73903
73903 40471
73903 57497
12550 54250
54250 12550
54250 77940
54250 86945
12552 6111
12554 4901
12555 60725
12558 31992
12558 48233
12558 75678
12559 36292
12562 28510
12562 58051
12562 81068
58051 12562
58051 20052
58051 31419
12563 9209
12564 34253
12570 87901
12570 89107
87901 89107
89107 87901
12573 13102
12582 96021
96021 30501
96021 90110
12583 38541
12583 55523
12583 82923
82923 63842
82923 65213
82923 71880
12592 24266
12592 46801
24266 12592
24266 46801
46801 12592
46801 24266
12606 46005
12607 35459
12609 7314
12617 46067
12617 80728
80728 46067
12619 73295
12620 38978
38978 27778
38978 87401
38978 90479
12622 54171
12625 90476
90476 12625
12631 14393
12639 62574
12641 5314
12641 53948
53948 5314
53948 12641
53948 56049
12645 39799
12647 76879
76879 33881
76879 78051
12648 14696
12648 51590
14696 12648
51590 12648
12650 3958
12650 15263
12650 32163
12650 48888
12650 79367
12650 86526
12653 73401
12658 48964
48964 12658
12659 47330
47330 12659
12663 14672
12664 96981
96981 53852
96981 57249
12673 13502
12683 2543
12685 32163
12685 48888
12686 74397
12687 36197
12687 49013
12687 81908
49013 12687
49013 36197
49013 81908
81908 12687
81908 36197
81908 49013
12688 50402
12690 2027
12693 9104
12693 75761
12693 92268
92268 74926
92268 80101
12696 72842
72842 9442
72842 12696
12697 85608
12698 17717
12698 70189
17717 12698
17717 70189
70189 12698
70189 17717
12701 40806
40806 50021
12702 75601
12702 98331
75601 12702
75601 98331
98331 12702
98331 28389
98331 75601
12706 8273
12706 14756
12706 52698
12706 66682
12706 73136
12708 53552
12710 943
12714 85445
12718 21722
12718 31032
12718 67354
31032 12718
31032 21722
31032 67354
67354 12718
67354 21722
67354 31032
12719 31714
31714 12719
12725 16332
12727 18929
12727 71386
12727 84591
12727 85868
18929 12727
18929 24782
18929 30223
18929 31507
18929 55913
18929 57231
18929 60080
18929 70710
18929 71386
18929 71755
18929 84591
18929 85868
18929 87429
71386 12727
71386 18929
71386 84591
71386 85868
84591 12727
84591 18929
84591 71386
84591 85868
85868 12727
85868 18929
85868 71386
85868 84591
12728 85461
12729 59470
12731 42174
12737 1532
12737 91228
12737 96298
12737 97436
12739 42443
32409 12744
37928 12744
12746 56564
12748 33734
12749 42341
12751 23086
12754 18194
18194 12754
12755 6314
12755 48976
12755 65514
12755 77396
77396 6314
77396 48976
77396 65514
12757 93072
12758 47989
12759 87459
12759 97834
87459 43981
12760 30103
12760 50751
12760 64876
30103 12760
30103 50751
30103 64876
50751 12760
50751 30103
50751 64876
64876 12760
64876 30103
64876 32923
64876 50751
12761 62381
72337 8748
72337 12765
72337 31867
72337 34012
12766 69324
12766 87342
69324 12766
69324 87342
87342 12766
87342 69324
12774 85399
85399 47716
12777 3698
12778 48972
48972 64978
12779 82845
82845 12779
12783 58814
12783 81108
12785 52416
12787 18324
18324 12787
12792 36292
12792 53735
12792 97551
53735 36292
53735 97551
97551 36292
97551 53735
12794 24015
24015 12794
12797 25875
12797 52416
12797 59222
12797 66587
12797 89745
25875 12797
25875 52416
25875 66587
66587 12797
66587 25875
66587 52416
12811 72465
12815 56854
12821 18310
12821 41909
18310 12821
18310 41909
18310 71060
12824 43456
12826 54728
12828 29638
12829 34815
12829 63423
12829 71857
34815 12829
34815 63423
34815 71857
71857 12829
71857 20488
71857 63423
71857 74991
12832 25271
25271 12832
12834 86204
12837 40348
40348 12837
12844 31658
12844 63287
31658 94476
63287 31658
12847 37897
37897 12847
12855 20189
12855 54147
20189 54147
12857 79348
12859 280
12859 93817
93817 280
93817 12859
12871 47602
47602 57917
12879 69841
12882 98959
12884 1189
12884 41909
12884 73513
12884 96530
12885 29325
12885 46556
12885 87648
29325 87648
46556 12885
46556 29325
46556 87648
87648 29325
12887 15048
12887 27748
15048 12887
15048 85910
27748 12887
27748 15048
12888 48517
12888 62722
12888 86501
48517 86501
62722 12888
62722 48517
62722 86501
86501 48517
86501 62722
12890 67876
12891 65743
12891 72106
65743 72106
12897 40856
12897 43156
40856 12897
40856 43156
40856 86232
43156 40856
12901 73305
12906 5713
12906 43077
43077 12906
12908 10734
12908 54147
12908 70118
70118 10734
70118 12908
70118 54147
12909 68452
12912 37084
12912 72261
37084 16347
72261 16347
12920 25460
25460 12920
25460 59728
12922 407
12923 57406
57406 12923
12925 43637
12925 65888
12927 43792
12929 955
12930 41909
12931 23139
12931 96601
23139 42218
96601 12931
96601 23139
12932 8101
12936 44270
12941 73480
12941 86300
12944 60825
12945 6771
12949 4003
12949 58129
12951 33440
33440 12951
33440 20079
12959 52292
12959 72623
72623 52292
12961 65841
12964 90893
12965 44902
44902 12965
12968 27010
12968 60226
60226 27010
12969 23526
12969 50401
12972 70825
12973 63420
63420 12973
12975 4898
12975 7575
12978 27006
12978 65722
12978 87137
12981 44150
12981 76028
44150 14456
44150 76028
76028 44150
12983 4898
12983 7575
12987 61662
61662 12987
12988 48006
12988 57791
12990 67197
12994 96347
12997 8685
12999 34849
12999 84994
13004 5314
13006 54147
13012 5314
13013 94713
13014 6885
13014 61960
61960 6885
13016 21359
13016 77453
21359 10621
21359 69124
77453 21359
13018 9533
13018 28741
13018 34503
13018 91999
28741 9533
28741 13018
28741 34503
28741 91999
34503 9533
34503 13018
34503 28741
34503 91999
91999 9533
91999 13018
91999 28741
91999 34503
13019 68513
13023 59425
13023 81208
59425 54256
13025 68384
13025 95050
13026 21431
13026 63274
13026 92764
63274 13026
63274 21431
63274 92764
92764 13026
92764 21431
92764 63274
13028 27552
13028 39346
27552 39346
39346 27552
13034 57791
13043 13564
13564 94302
13054 10331
13054 21238
13054 42010
13054 87412
13055 54895
13055 57801
57801 54895
13058 7314
13060 16197
16197 13060
16197 27585
16197 34301
13065 21586
13065 58509
13065 80574
21586 13065
58509 13065
58509 21586
80574 13065
80574 21586
13070 81424
13072 31605
13072 57379
13072 60541
31605 20505
13074 29868
29868 13074
13077 4547
13080 55371
13081 99475
13085 296
13085 74224
13087 19485
13088 51478
51478 40057
13090 4028
13090 55595
13094 24574
24574 13094
13097 74397
13099 95090
13105 71164
13106 32163
13106 69671
13106 86141
69671 86141
86141 69671
13109 37700
13115 56677
13115 76695
76695 56677
76695 76354
76695 78063
82881 1889
82881 13116
82881 13663
82881 68528
83811 1889
83811 13116
83811 68528
13118 80447
13119 67773
13123 59599
59599 13123
13127 28778
13127 67197
13130 86289
86289 66066
13146 17260
17260 13146
13149 20217
20217 13149
13152 16442
13152 65829
16442 65829
65829 16442
13155 39364
13160 50918
50918 13160
13169 24939
13169 73590
13170 17982
91029 13173
13176 54343
13176 96747
54343 41540
96747 13176
96747 60563
96747 96976
49951 13177
49951 56251
13178 21248
13178 68051
13184 44780
13184 66633
66633 44780
66633 58651
13186 49295
13186 75454
13186 85372
49295 85372
75454 85372
13187 34405
13187 58440
13187 63198
13187 65825
13187 76969
13187 96719
96719 34405
96719 58440
96719 63198
96719 65825
96719 76969
13197 74434
74434 13197
13200 58577
58577 13200
13201 25906
25906 71209
68392 13202
13203 35346
13210 41126
13210 53400
13210 72305
13210 90919
41126 72305
41126 90919
53400 13210
53400 41126
53400 72305
53400 90919
13215 21072
13215 56579
13215 98323
21072 56579
21072 98323
56579 21072
56579 98323
98323 21072
98323 56579
13216 21266
13216 44688
21266 42467
21266 44908
21266 67637
21266 89523
21266 94657
13217 21806
21806 47355
13219 5107
13220 77333
13222 60242
13223 32163
13226 54147
13226 69443
13234 37818
13234 44936
37818 13234
44936 13234
13236 46742
13236 84689
46742 13236
46742 84689
84689 13236
84689 46742
13237 68089
13238 59559
13244 6236
13247 61094
61094 13247
61094 18050
61094 77472
61094 86411
13248 74940
74940 13248
13266 29636
13266 85670
29636 13266
29636 85670
85670 13266
85670 29636
13272 39519
39519 12723
39519 86570
13275 32163
13275 48888
13275 56978
56978 32163
56978 48888
13284 17547
13284 47927
13297 8129
13297 46420
13297 98088
46420 13297
46420 91790
46420 96322
13299 84571
13301 35251
35251 13301
13302 94996
13303 31094
13303 31305
13303 39473
31094 31305
31094 39473
13304 20494
13304 51703
13304 75572
13304 81504
20494 81504
51703 13304
51703 20494
51703 75572
51703 81504
75572 20494
75572 35482
75572 81504
81504 75572
13308 63866
63866 82388
13310 16868
13315 83216
13316 84560
84560 13316
13317 22961
13322 41909
13322 73696
13328 32163
13330 93645
93645 13330
13332 47470
13334 541
13336 46330
13336 65728
13337 32403
13340 14672
13343 41033
13350 81873
13351 54147
13351 60486
13351 69454
60486 45441
60486 54147
60486 95446
69454 13351
69454 54147
69454 60486
13353 27631
13357 1826
13359 41909
13359 73696
13365 38667
13365 77806
38667 13365
38667 77806
77806 13365
77806 38667
13376 25907
25907 7541
25907 21021
25907 69846
25907 73590
13383 49508
13383 72317
49508 13383
49508 20607
49508 30205
49508 72317
72317 13383
72317 20607
72317 49508
13386 1826
13390 68818
13392 60667
13401 73415
13401 98089
98089 13401
13406 29260
13406 68513
29260 13406
29260 68513
13407 24114
24114 13407
13412 16714
13412 45958
45958 13412
45958 16714
13415 89496
89496 82500
89496 94884
13420 22045
13420 27289
13420 38507
13420 41092
13420 47158
13420 56201
13420 79504
22045 13420
22045 27289
22045 38507
22045 56201
22045 79504
27289 13420
27289 22045
27289 38507
27289 56201
27289 79504
38507 13420
38507 22045
38507 27289
38507 56201
38507 79504
47158 3693
47158 35056
47158 62583
56201 13420
56201 22045
56201 27289
56201 38507
56201 79504
79504 13420
79504 22045
79504 27289
79504 38507
79504 43734
79504 56201
13426 17699
13426 53189
17699 13426
17699 53189
53189 13426
53189 17699
13429 95155
95155 13429
13430 98448
98448 13430
13437 18895
18895 84522
13440 40709
13440 63498
63498 13440
63498 40709
13444 49583
13448 27927
13464 74484
74484 13464
13467 22848
22848 13467
13470 14318
13475 76203
13479 32163
13485 74397
13487 75995
13495 25468
13495 60132
25468 13495
60132 13495
13499 33206
13504 4027
13504 14267
13504 15468
13504 97873
14267 4027
14267 97873
97873 4027
97873 14267
13506 45699
13508 2942
13512 52450
13512 86220
52450 86220
86220 52450
13517 67751
13523 60364
13525 32163
13525 48888
30359 13527
13529 43268
13529 65445
43268 34129
65445 43268
13530 69548
13532 25335
13532 55767
13532 68756
13532 98658
25335 13532
25335 68756
25335 98658
68756 13532
68756 25335
68756 98658
98658 13532
98658 25335
98658 68756
13533 53890
13533 69957
13535 859
13535 22790
13535 54488
13537 26941
13537 46440
26941 13537
26941 46440
46440 13537
46440 26941
13539 77874
13539 86621
77874 13539
77874 86621
13540 55963
13547 8527
13554 13622
13554 31180
13554 40200
13622 13554
13622 31180
13622 40200
40200 13554
40200 13622
40200 31180
13557 79285
79285 13557
94302 13564
13575 94657
13581 54147
13582 75918
75918 13582
13583 10777
13583 43944
13586 31304
13586 62160
13586 69212
31304 62160
31304 69212
62160 13586
62160 31304
62160 69212
13590 56685
56685 13590
56685 91611
13592 11759
13592 43841
13592 80089
13593 17517
13593 39916
13593 43911
13593 46123
13593 61510
13593 64308
17517 13593
17517 24659
17517 30309
17517 33112
17517 36291
17517 39916
17517 43911
17517 46123
17517 61510
17517 64308
17517 74600
17517 94349
39916 13478
39916 13593
39916 17517
39916 30309
39916 43911
39916 46123
39916 61510
39916 64308
39916 94349
43911 13593
43911 17517
43911 17973
43911 39916
43911 46123
43911 61510
43911 64308
43911 94860
46123 732
46123 13593
46123 17517
46123 19036
46123 25490
46123 39916
46123 43911
46123 61510
46123 63199
46123 64308
46123 67496
61510 13593
61510 15345
61510 17517
61510 39916
61510 43911
61510 46123
61510 64308
61510 78924
61510 94349
64308 13593
64308 17517
64308 39916
64308 43911
64308 46123
64308 50732
64308 61510
64308 67496
64308 90385
13594 17533
13594 76872
68378 13596
13598 14136
14136 31746
13601 73186
13602 15388
13603 78244
13604 90893
13606 8748
13606 12765
13606 31867
13606 34012
13611 48646
13614 39858
13614 97326
39858 97326
13615 29994
13616 50652
50652 13616
13619 29798
29798 13619
13620 31893
31893 13620
13621 88481
88481 13621
13624 93301
93301 20290
93301 60449
93301 88079
93301 89343
93301 94078
13628 47274
13628 60247
13628 70943
47274 61559
60247 70943
60247 95135
70943 47274
70943 60247
13636 7994
13636 98459
13637 23089
23089 38612
23089 61340
13638 56310
56310 13638
13639 62701
13641 31180
13646 96059
13647 69305
13655 2091
13657 80920
13657 84293
80920 9047
84293 32476
13660 83975
83975 82474
83975 93241
13663 1889
13663 13116
13663 68528
13663 82881
13666 2040
13666 19990
13666 46722
13666 59654
13666 89859
19990 5920
19990 30021
13677 99235
13685 27581
13690 35960
13691 2028
13691 21682
13692 53139
13696 54735
54735 13696
13699 47355
13700 68713
13706 38480
13706 72005
13709 77421
13713 57791
13713 58829
58829 57791
37404 13714
37404 39176
37404 52669
37404 61224
39176 13714
39176 37404
39176 52669
39176 61224
52669 13714
52669 37404
52669 39176
52669 61224
61224 13714
61224 37404
61224 39176
61224 52669
13715 56923
56923 13715
13717 82047
13719 57625
57625 13719
57625 21244
57625 60898
57625 80441
13723 59706
13723 80338
59706 13723
13724 50827
13724 78520
50827 17294
50827 78520
78520 13724
78520 50827
13726 32163
13726 47823
13726 48888
13727 7916
13727 27054
27054 7916
27054 13727
27054 74451
13730 99668
13732 57622
13734 9196
13734 36927
13734 41363
13734 41909
13734 57208
13734 63989
13734 66443
13734 90438
13734 95452
36927 13734
36927 41909
36927 44209
41363 41909
57208 41909
63989 24685
63989 41909
66443 41909
90438 13734
90438 36927
90438 41909
90438 73000
95452 41909
13735 20976
13735 70645
20976 13735
20976 70645
70645 13735
70645 20976
13737 35071
13737 62854
62854 13737
62854 35071
62854 59150
13738 74123
13743 33270
13744 21305
21305 13744
13754 51547
13754 60033
13754 84952
51547 13754
51547 60033
60033 13754
60033 51547
84952 13754
84952 51547
84952 60033
13756 53240
13757 19043
13757 76980
13759 57425
57425 13759
13761 49945
13764 66297
13770 41817
13774 25379
13775 955
13776 62701
13777 30707
13777 91881
13780 62680
13781 37774
37774 13781
13787 834
13787 53139
13788 20497
20497 13788
13790 55354
55354 13790
13793 91131
13797 93908
80013 81089
13803 71968
13803 75141
75141 13803
75141 71968
13805 15179
61417 5770
61417 22128
61417 46840
61417 71633
82796 33098
13810 85199
85199 13810
13811 18521
13811 28017
18521 28017
18521 98193
28017 18521
28017 31524
13818 93112
93112 13818
13819 39561
13819 64000
64000 13819
64000 39561
13820 43239
43239 25009
43239 46391
43239 59838
13821 98066
98066 85690
98066 93254
13822 27021
13822 33919
13822 94673
27021 13822
27021 33919
27021 94673
33919 13822
33919 27021
33919 94673
13824 57791
13824 59239
59239 13824
59239 57791
13830 54147
13832 56067
56067 13832
13836 45557
45557 10705
13837 51407
51407 13837
13839 8216
13841 32203
32203 13841
13845 3435
13846 48733
13851 85608
13853 30602
30602 13853
13856 23422
23422 13856
23422 34055
23422 81683
13861 25573
13863 3229
13863 38417
13864 5657
13865 31968
13867 93529
13869 97754
97754 13869
97754 97087
13870 35107
35107 13870
13871 17806
13871 64809
13872 99392
13874 86408
86408 13874
86408 92207
13878 65827
13878 68804
68804 13878
68804 65827
68804 92692
13884 17518
17518 66861
13885 81043
13890 13285
13890 89941
83746 13892
13894 56255
13898 87767
13904 36720
13904 62483
13904 94541
36720 13904
36720 62483
62483 13904
62483 36720
13905 39616
39616 13905
13906 43600
13909 47508
13912 30646
30646 13912
13918 40996
13931 18688
18688 13931
13939 4190
13939 72421
72421 16333
72421 27718
13941 8044
13941 41909
13944 7314
13945 41909
13949 34160
13949 63702
34160 13949
34160 63702
63702 13949
63702 34160
13954 32163
13954 95498
13957 6444
13959 68825
13964 77677
77677 13964
13969 46138
13969 54811
46138 21682
54811 21682
13974 27190
13974 31765
13974 47376
13974 92042
27190 31765
27190 47376
27190 92042
13977 65326
13977 67152
67152 13977
67152 65326
13979 23279
13979 65159
13981 80380
13982 74397
13988 44959
44959 13988
13989 70261
13990 4547
13991 47297
13992 36292
13994 33194
13997 78809
14000 24066
14000 36197
14000 55818
14000 68385
14002 66035
14003 33663
33663 43609
14005 28236
28236 14005
14006 48865
14007 35456
14007 48985
35456 14007
35456 48985
14014 38798
14016 44889
14017 25617
14017 42798
14017 51183
25617 42798
25617 51183
51183 25617
51183 42798
14018 84440
14019 14809
14021 70693
14022 32163
14022 47823
14022 48888
14029 37238
14029 77518
77518 37238
14031 3677
14031 76969
14036 17084
14039 42734
14049 63359
14053 32163
14057 35538
14061 47470
14061 52353
14061 64911
52353 47470
52353 64911
64911 47470
64911 52353
64911 98721
14064 59387
14066 46746
14066 88051
46746 51833
46746 88051
88051 36153
88051 46746
88051 63690
14068 142
14068 44114
14068 98255
14069 19607
14069 68219
19607 14069
19607 68219
68219 14069
68219 19607
14075 46973
14084 97072
14088 51322
14094 44087
14096 7314
14105 10328
14106 42174
14107 7314
14108 68928
68928 14108
14111 11873
14111 71416
14112 11536
14112 88838
14117 38922
14117 45179
14119 23086
14119 61522
14126 2486
14129 79333
14130 8316
14132 18408
14135 40482
40482 14135
14140 3679
14143 26485
26485 14143
14144 84531
84531 26030
84531 96843
14149 76757
14152 41488
14152 58683
41488 14152
41488 58683
58683 14152
58683 41488
14153 3856
14156 13261
14156 50001
14156 52379
14160 88559
88559 14160
14163 32163
14164 19605
14164 27291
14164 55276
27291 14164
27291 19605
27291 55276
55276 14164
55276 19605
55276 27291
14165 22262
14165 81492
22262 14165
81492 14165
14166 44519
14166 61242
44519 14166
44519 58652
44519 61242
61242 14166
61242 44519
14167 21187
14167 54393
14167 67237
21187 54393
21187 67237
54393 21187
54393 67237
67237 21187
67237 54393
14169 51683
14170 7131
14170 33048
14170 38742
14170 77436
14170 89018
33048 7131
33048 14170
33048 38742
33048 77436
33048 89018
38742 7131
38742 77436
89018 7131
89018 14170
89018 33048
89018 38742
89018 77436
14175 16868
14182 59460
59460 75612
14186 87322
14187 49250
14187 72365
49250 14187
49250 72365
72365 71412
14192 77429
14198 11294
14198 37248
14199 74062
14200 32349
14200 94172
32349 14200
32349 94172
94172 14200
94172 32349
14201 13793
14204 12108
14204 38359
14206 7314
14211 7314
14212 30059
14212 36292
30059 14212
30059 36292
14217 81275
81275 14217
14226 16542
48013 14241
48013 40474
14244 40256
14244 46209
14248 43330
14248 92586
43330 92586
92586 14248
92586 34622
92586 43330
14249 32163
14249 48888
14251 26150
26150 14251
14252 44868
14252 81977
14254 80311
14254 81764
14254 84079
80311 84079
81764 14254
81764 80311
81764 84079
84079 60548
84079 80311
14255 89299
14255 97078
89299 97078
97078 89299
14257 30438
14257 98959
30438 98959
14259 13939
14259 60661
14259 68754
14259 72421
14259 91167
60661 13939
60661 14259
60661 53874
60661 68754
60661 72421
60661 91167
68754 72421
91167 72421
14261 10025
14264 69323
14264 97864
14277 32163
14282 95574
14286 95285
95285 14286
14296 32163
14296 48888
14296 88310
88310 32163
88310 48888
14299 71593
71593 14299
14300 60764
14302 76493
14302 76825
14302 91180
14303 17590
14314 7314
14316 69443
14324 38822
14325 7314
14329 74474
74474 14329
14334 12435
14336 57791
14336 68488
14346 57791
14349 20085
14349 25200
20085 14349
25200 14349
14350 60843
14351 81513
14353 17402
14353 51381
17402 14353
17402 58138
51381 14353
51381 17402
14355 9305
14356 21606
14356 27505
21606 14356
21606 27505
27505 14356
27505 21606
14357 34429
34429 14357
14359 43601
14359 50732
43601 14359
43601 50732
43601 60864
14365 50682
14365 74397
50682 14365
50682 74397
14368 25719
14369 25523
14369 38655
14369 54552
14369 77693
14372 33021
14372 76239
14374 66375
14376 37185
14379 95002
14382 97834
14383 28673
14389 87097
14390 94657
14391 75007
75007 23510
75007 35962
75007 36292
75007 47997
75007 73800
14392 72013
83797 3339
83797 14396
14400 33272
33272 14400
14401 88560
88560 14401
14403 94657
14408 57791
14410 62849
14413 74929
14415 93538
93538 14415
14416 29807
29807 14416
14417 91493
14424 44166
14424 80203
14425 79942
79942 14425
14429 1784
14429 63601
14432 31987
14432 54276
14432 81816
31987 54276
31987 81816
54276 82752
81816 31987
81816 54276
14436 22926
14437 18994
14437 35829
14437 47550
14437 84608
18994 14437
18994 35829
18994 47550
18994 84608
35829 14437
35829 18994
35829 47550
35829 84608
47550 14437
47550 18994
47550 35829
47550 65917
47550 84608
84608 14437
84608 18994
84608 35829
84608 47550
14438 58428
14440 23198
14440 71221
23198 71221
71221 23198
14453 41646
14455 52492
14459 18433
14459 29099
14459 63346
14459 88835
29099 14459
29099 18433
29099 63346
29099 88835
14460 42346
14460 67507
42346 67507
67507 42346
14461 14113
14465 15964
15964 14465
14468 3510
14468 13307
14471 53200
53200 23455
53200 24976
53200 77484
53200 95325
14473 25085
14473 74720
14473 90711
25085 74720
74720 25085
90711 14473
90711 25085
90711 74720
14474 36292
14475 35346
14476 75566
75566 14476
14477 72105
72105 14477
14479 8650
54465 14484
54465 19672
14486 35671
14486 40888
14486 55811
14486 65848
35671 40888
35671 65848
40888 35671
40888 55811
40888 65848
55811 35671
55811 40888
55811 65848
65848 35671
65848 40888
14488 1515
14488 26253
14489 93069
14490 41299
14490 77106
14490 88970
77106 14490
77106 20744
77106 41299
77106 88970
14492 52416
14500 4552
14500 32040
14500 62675
32040 4552
14505 90318
90318 14505
14507 9593
14507 69645
14508 62601
14508 84440
62601 14508
62601 84440
14510 20863
14510 46766
14510 48325
14510 98975
20863 14510
20863 46766
20863 48325
20863 98975
46766 14510
46766 20863
46766 48325
46766 98975
48325 14510
48325 20863
48325 46766
48325 98975
98975 14510
98975 20863
98975 46766
98975 48325
14516 6084
14518 45725
14518 52416
14518 58600
14518 86134
14518 90694
14518 91933
14518 94371
45725 15023
45725 54159
45725 58540
45725 83660
58600 14518
58600 52416
58600 84965
58600 86134
58600 94371
86134 14518
86134 52416
86134 58600
86134 59222
86134 94371
94371 14518
94371 52416
94371 58600
94371 68365
94371 86134
14519 33950
14519 69101
14520 76924
14520 86299
14527 4149
14535 3704
14535 31917
14535 80367
14535 85543
31917 3704
31917 80367
31917 85543
80367 3704
80367 31917
80367 85543
85543 3704
85543 31917
85543 80367
14536 47958
14538 74397
14540 82385
14541 84700
14545 83342
14550 85697
85697 31307
85697 88868
14556 17412
14564 35225
14573 92013
92013 17860
92013 77410
14576 46747
14580 30314
14580 60527
14580 77819
30314 14580
30314 60527
30314 77819
60527 14580
60527 30314
60527 77819
77819 14580
77819 30314
77819 60527
14582 97461
14583 87680
14584 22963
14585 70365
14586 1614
14588 67028
14590 196
14590 36832
14590 66727
14592 3276
14592 72328
72328 1298
72328 15999
14593 18296
14593 60544
14594 44987
14594 81193
44987 39667
14595 7448
14596 39474
14597 52416
47170 14598
14599 67397
14600 27016
14600 38943
14600 57372
27016 14600
27016 38943
27016 57372
38943 14600
38943 27016
38943 57372
57372 14600
57372 27016
57372 38943
14601 72718
14605 7314
14608 40292
14610 19485
14611 38767
14612 82799
14616 70388
14617 79076
79076 14617
14618 69504
14620 33206
14620 88413
88413 14620
88413 33206
14623 25337
14623 35900
25337 35900
14625 10276
14625 55282
14625 75708
14626 36197
14633 8685
14634 9297
14634 98123
98123 9297
98123 14634
14638 71264
14639 24508
14639 78092
14639 85383
78092 14639
78092 85383
14655 15925
14655 95455
15925 14655
15925 95455
14657 21682
14658 58775
14658 64866
58775 92834
64866 94657
14660 51263
14660 70890
51263 14660
51263 70890
70890 14660
70890 51263
14662 25252
25252 14662
14665 8997
14667 77547
14676 28668
28668 14676
28668 77719
28668 80196
14677 21682
14678 45188
14683 40975
14686 71178
14688 8316
14690 27715
27715 14690
14691 83216
14700 57351
14704 29852
14705 41118
41118 14705
14707 15981
14707 59462
14707 78279
14707 88747
14708 61969
14708 65829
61969 65829
61969 79366
14709 38702
14709 85833
14709 94079
38702 91062
85833 38702
94079 38702
14712 48686
48686 14712
14719 7586
14719 65109
14722 60543
14727 11815
14729 40587
14729 47093
40587 41481
40587 47093
47093 40587
47093 56973
14730 8653
14730 22222
14730 68730
22222 94362
14732 49734
14732 95271
49734 24976
95271 14732
14737 8545
14740 43792
14741 23137
14743 30676
30676 14743
14747 49349
14748 17478
17478 16852
17478 74911
14749 8316
14749 82458
82458 8316
82458 14749
62972 14750
62972 73642
62972 76969
64057 14750
64057 73642
14751 22806
14751 31807
14751 69778
14751 85434
31807 12314
31807 22806
31807 69778
31807 85434
14763 72296
14766 19784
14766 63101
19784 41213
63101 62469
14769 23526
14776 4763
14777 78126
14777 91558
78126 14777
78126 91558
91558 14777
91558 78126
14782 58214
14785 23429
14785 45285
23429 14785
45285 13185
45285 35926
14789 39367
14789 60736
14789 89411
39367 2607
39367 60736
39367 71765
39367 84538
39367 89411
60736 39367
60736 89411
89411 39367
89411 60736
89411 91602
89411 92860
14790 194
14790 19238
14790 24423
19238 22413
19238 24423
19238 27911
19238 45703
14791 64866
14791 70622
14798 32163
14799 19993
14802 21682
14802 35316
35316 14802
35316 21682
14803 17858
14805 35877
14805 79883
35877 52096
35877 79883
79883 35877
79883 52096
14807 3173
14808 65745
14808 72335
65745 14808
65745 72335
72335 14808
72335 65745
14811 3497
14811 85292
14811 94360
94360 3497
94360 64558
94360 85292
14812 47182
14812 77766
47182 14812
47182 77766
77766 14812
77766 47182
77766 53183
14813 4027
14813 6236
14814 3035
14818 1536
14821 7131
14821 73720
14821 77436
14823 280
14823 7718
14823 60558
60558 36749
60558 95683
60558 99497
14829 2766
14831 32163
14831 47823
14831 48888
14833 13925
14835 16868
14836 26455
14836 30837
14845 7314
14845 26290
14845 59475
14845 62657
26290 18256
26290 59475
59475 26290
62657 7314
62657 14845
62657 18256
62657 26290
62657 59475
14848 78965
14850 41909
14850 89072
89072 41909
89072 69628
14854 12304
14856 8316
14863 59788
14863 84779
84779 28398
84779 59788
14869 42187
14873 40912
14873 74942
14878 45201
14886 11443
14888 43792
14897 18392
14897 52200
14897 62694
52200 14897
52200 30753
52200 32611
14898 98930
14899 9533
14899 80626
14899 87550
87550 48893
14901 69848
69848 14901
14904 56556
14904 69298
14904 76163
56556 14904
56556 54459
56556 69298
69298 14904
69298 56556
14905 53494
53494 14905
14910 12097
14910 37799
14911 48296
48296 30837
48296 31180
14912 3682
14912 35546
14912 94862
14917 29679
14923 59788
14925 57791
14926 57791
14927 47162
14927 68512
14927 85482
47162 85482
47162 89282
47162 90275
85482 24542
14928 12235
14928 80327
14930 48517
14930 86501
14935 29278
29278 14935
14938 23704
14938 28855
14938 33527
14940 76475
76475 87318
14943 31066
14943 59064
14943 63204
14943 68831
14943 83143
31066 63204
31066 68831
59064 31066
59064 63204
59064 68831
63204 31066
63204 68831
68831 31066
68831 63204
83143 31066
83143 63204
83143 68831
14946 44606
14946 68245
44606 14946
44606 68245
14948 48340
14950 14529
14950 21102
14950 68886
14950 99316
14952 74397
14952 99314
99314 14952
99314 74397
14955 64483
64483 14955
14956 79506
79506 14956
14957 26048
14957 52009
14957 61667
14957 65331
14959 77469
14959 79352
77469 14959
77469 79352
14960 34039
14960 75087
34039 14960
34039 75087
75087 14960
75087 34039
75087 95831
14962 65685
65685 14962
14969 46438
14969 70495
46438 70495
70495 46438
14970 72533
72533 14970
14976 85179
85179 9297
14990 173
14992 72636
72636 16332
72636 20753
72636 94377
14994 52510
52510 14994
15000 22305
22305 10889
22305 15000
22305 41086
15003 49938
50736 15005
50736 98714
50736 98820
98714 15005
98714 50736
98714 98820
98820 15005
98820 50736
98820 98714
15006 13382
15006 35231
15006 64650
15006 78019
64650 5324
78019 60317
78019 92124
15011 54895
73498 21259
73498 35956
15018 59912
15018 63214
15018 80527
59912 15018
59912 80527
63214 15018
63214 91920
15021 17100
15021 52654
15021 70923
15021 94880
17100 15021
17100 52654
17100 94880
52654 15021
52654 17100
52654 94880
94880 15021
94880 17100
94880 52654
15022 5864
15022 78606
78606 13286
78606 99478
15024 38367
15027 27019
15027 55942
27019 55942
55942 27019
15028 25889
15030 34543
15030 50084
15030 64884
34543 15030
34543 50084
34543 64884
50084 15030
50084 34543
50084 64884
64884 15030
64884 34543
64884 50084
15031 215
90507 1504
90507 15034
90507 25721
90507 92960
92960 1504
92960 15034
92960 25721
92960 90507
15035 23086
15036 87169
15036 89103
89103 15036
15038 965
15038 16026
15038 60778
15039 78722
15039 79243
15039 99732
78722 64109
78722 79243
79243 78722
99732 15039
99732 78722
99732 79243
15042 45609
15046 58945
15046 72018
15046 82528
58945 15046
72018 15046
82528 15046
15047 88431
15047 97175
88431 97175
15050 27130
15051 41909
15052 15919
15052 61115
15919 61115
15057 1536
15058 32163
15059 14672
15060 42496
15060 60523
42496 60523
60523 19455
60523 98598
15062 82928
15063 67552
15066 5202
15068 7314
15069 1657
15069 18974
15069 44898
18974 99760
15072 95920
15077 67397
15077 76174
76174 67397
15078 81260
15079 5889
15079 88305
15080 84232
84232 15080
15081 54147
15081 69356
69356 54147
15082 25812
15089 87462
15092 28280
15092 53974
15092 72103
28280 15092
28280 53974
28280 72103
53974 15092
53974 28280
53974 72103
15093 75660
15095 27064
15096 45191
45191 60046
15097 50032
15102 48068
15107 24292
15108 65452
65452 15108
15125 21607
15130 61641
15130 91026
91026 87659
15134 86078
15135 93718
93718 15135
15136 19367
15136 27355
19367 15136
19367 27355
15137 45283
15137 56653
45283 56653
56653 45283
15142 23526
15142 50401
15142 55933
55933 23526
15145 84417
84417 15145
84417 85110
15146 8646
15146 61647
15147 93934
15152 6349
15154 58813
58813 15154
15155 41929
15159 51906
15159 54361
51906 54361
15161 46139
46139 15161
15163 25900
15163 73590
25900 73590
15164 66650
66650 15164
15169 32163
15169 48888
15181 55007
15195 19090
15204 9600
15204 43333
15205 42443
15206 2650
15206 23260
15206 56507
15206 85987
15206 91902
15207 20693
20693 15207
15210 21682
15213 44688
15213 94657
15214 78965
15215 43792
15217 52730
15217 60234
52730 43225
15220 70870
15231 62367
15234 63976
15234 73796
15241 7703
15241 64534
15242 26164
15244 24460
15247 24307
15252 27912
15252 85650
85650 15252
85650 27912
15255 5314
15255 73191
15257 17667
15258 95775
95775 15258
78952 36292
95614 15259
95614 76023
95614 79933
15265 32163
15265 48888
15265 88310
15267 25718
15267 29245
15267 51608
25718 15267
25718 29245
25718 51608
29245 15267
29245 25718
29245 51608
51608 15267
51608 25718
51608 29245
15268 2607
15269 35402
15273 55249
55249 15273
15275 51044
51044 44283
15280 17583
17583 15280
15281 6527
15281 27564
15281 58410
15284 23796
15284 57532
23796 57532
57532 23796
15288 50993
15291 62754
62754 15291
15295 86508
15297 52220
52220 37949
52220 61801
52220 66215
15299 85945
15303 6236
15304 30837
15304 53594
15310 43383
43383 15310
43383 74397
15311 591
15321 93353
93353 15321
15323 86449
15323 93784
86449 15323
86449 93784
93784 15323
93784 86449
15325 21682
15325 83977
83977 21682
15330 28428
15330 41400
15330 88812
28428 88812
88812 28428
15337 2231
15345 46123
15345 50732
15345 61510
15345 79672
79672 34294
79672 46123
79672 50732
79672 61510
79672 78924
15350 9079
15350 39383
39383 26503
39383 83910
15352 7106
15352 13169
15352 24939
15352 58774
15352 75558
15352 77198
15354 62367
15355 9767
15355 56880
15356 39805
15357 24089
15357 97069
24089 97069
97069 24089
15358 12102
15359 53024
15360 18192
15360 84654
15360 86600
18192 84654
18192 86600
86600 12213
86600 15360
86600 18192
86600 84654
15361 7131
15361 54147
15361 77436
18216 2484
18216 36218
18216 37593
36218 18216
36218 37593
37593 18216
37593 36218
15365 90399
15368 41443
41443 15368
15369 9678
15374 30837
15374 53594
15378 22751
22751 281
22751 29851
22751 41654
15380 49845
15387 86299
15389 74397
15391 71531
15394 70061
15399 26396
15399 69241
26396 15399
26396 69241
69241 15399
69241 26396
15410 62680
15412 80260
80260 15412
15418 21682
15418 48630
15418 65788
65788 15418
65788 21682
15423 62680
15425 27970
15425 72475
27970 15425
27970 72475
72475 15425
72475 27970
15430 8549
15435 65827
15435 72186
72186 15435
72186 65827
15441 59788
15450 85372
75040 14225
15455 42450
42450 15455
15458 22438
15458 30644
30644 46829
30644 90901
15460 64210
64210 15460
15465 25819
15467 78019
15467 92124
92124 16454
92124 25805
92124 72203
92124 78019
15469 29992
15471 66169
15471 81853
15471 93722
66169 35761
66169 54362
66169 81853
81853 35761
81853 54362
81853 66169
93722 15471
93722 81853
15479 44027
15479 66288
44027 15479
44027 66288
66288 15479
66288 22302
66288 40238
66288 73887
15480 11092
15480 88170
15482 54377
54377 55365
15484 3842
15486 84577
84577 15486
15488 15995
15488 90061
15995 90061
15489 31968
15489 42036
15489 78159
15489 98211
42036 15489
42036 31968
42036 78159
42036 98211
98211 15489
98211 31968
98211 42036
98211 78159
15492 17567
15492 99754
17567 15492
17567 99754
99754 15492
99754 17567
15493 48975
15496 18038
18038 15496
15500 66997
66997 15500
66997 36656
15505 91035
15508 54147
15511 33274
15511 36821
33274 15511
15513 97796
15515 67457
15515 89128
67457 15515
67457 89128
89128 15515
89128 67457
15517 8138
15518 49995
15523 1826
15524 7314
15526 4635
15526 29459
15527 12923
15527 57406
15528 57791
15530 83706
15531 59739
59739 15531
15533 45425
15538 63924
15539 54970
15540 11443
15544 23198
15544 71221
15545 24413
15551 36292
23770 15554
23770 79848
79848 15554
79848 23770
15557 88280
88280 15557
88280 88056
88280 94639
15559 34730
15559 49193
34730 15559
34730 49193
49193 15559
49193 34730
15563 10224
15566 67286
15566 70045
15566 77305
70045 15566
70045 67286
70045 77305
77305 15566
77305 67286
77305 70045
15569 10609
15569 21924
15572 12795
15572 41141
15573 83537
15573 90911
83537 15573
83537 90911
90911 60907
15576 86288
86288 15576
86288 97180
15583 33645
33645 15583
33645 80343
15584 31527
15596 12202
15596 47157
15596 73590
15602 28225
28225 48729
15606 5270
15606 74397
15606 91228
15607 78244
15610 52572
52572 15610
15613 5314
15619 21304
15619 60384
21304 15619
21304 60384
60384 15619
60384 21304
15622 43542
43542 15622
15624 2737
15624 26583
15625 55402
55402 15625
55402 35685
55402 57730
55402 57745
55402 63357
55402 65869
15626 39871
15626 74251
39871 15626
39871 74251
74251 15626
74251 39871
15628 65547
15628 90567
90567 65547
15631 50567
15632 20718
15632 53594
15632 59616
15632 91554
59616 20718
59616 27530
59616 30837
59616 53594
59616 91554
15633 68318
68318 15633
15636 37719
15636 45547
15636 60010
15640 9810
15643 57791
15643 68488
15644 8275
15646 65326
15649 72655
72655 15649
15652 41503
15652 54147
15652 70449
41503 15652
41503 54147
41503 70449
70449 15652
70449 41503
70449 54147
15653 46198
15655 54147
15655 60506
15655 61490
60506 15655
60506 54147
60506 61490
61490 7131
61490 15655
61490 54147
61490 60506
15657 34206
15657 62567
15658 28851
15659 36366
36366 15659
15664 75131
15664 89270
75131 89270
89270 75131
15669 17851
17851 15669
15683 35232
78481 15684
78481 77720
15686 7668
15686 20722
15686 77316
20722 77316
20722 93595
93370 17858
93370 78385
15691 827
15691 17123
15691 32163
15697 98708
15698 55932
55932 15698
15706 1682
15706 93643
15709 31677
15709 36419
15709 60081
15709 84909
31677 15709
31677 36419
31677 84909
36419 15709
36419 84909
60081 84438
84909 15709
84909 36419
15710 19550
15710 42440
15710 74397
15712 16093
16093 1515
16093 26253
15715 15235
15716 86233
15716 98547
15723 50427
15724 60608
15724 74397
60608 74397
15729 89245
15730 78244
15734 96123
15735 76727
15736 80002
80002 15736
15749 54147
15749 73379
15755 19804
19804 15755
15765 74397
15766 90302
15778 70061
15778 90977
90977 70061
15781 46095
15786 21241
15786 64311
15787 53457
53457 58910
15794 88078
88078 15794
15796 37793
15801 35990
35990 83878
15804 8748
15804 12765
15804 31867
15804 34012
15804 56940
15804 92995
56940 8748
56940 12765
56940 15804
56940 31867
56940 34012
15810 71971
15814 66885
15814 67566
67566 15814
67566 66885
15815 1536
15816 30772
30772 15816
15817 83159
83159 15817
15821 30837
15821 53594
15823 13996
15823 32163
15823 33185
15823 39682
15825 99759
99759 15825
15826 62701
15827 30775
15827 93251
15829 57791
15830 9433
15830 98216
98216 62705
15833 35189
35189 15833
15834 17063
15834 55877
15834 86621
55877 15834
55877 86621
55877 96246
15836 39879
15836 40408
15836 51009
15838 32163
15838 48888
15840 32163
15840 48888
15841 2982
15841 57286
15841 85513
85513 2982
85513 57286
15842 66329
15844 60055
15844 60503
60055 15844
60055 60503
60503 15844
60503 60055
15850 19103
19103 15850
15852 62701
15854 36366
15856 52361
15864 25262
15864 30612
15864 52407
25262 15864
25262 30612
25262 52407
30612 15864
30612 25262
30612 52407
52407 15864
52407 25262
52407 30612
15872 15587
15872 45687
45687 3260
15877 66841
15882 39672
15884 87454
87454 15884
87454 66029
15885 16785
16785 71309
16785 84224
15887 32379
32379 15887
32379 68592
15888 24071
15888 74397
15888 74706
15888 96298
63318 34431
63318 69506
72097 23526
15891 36292
15892 6117
15892 66647
15901 0
15901 11342
15905 19358
15905 39808
39808 15905
15906 85090
85090 15906
15908 34430
15908 41927
34430 41927
41927 34430
36429 15910
15912 21900
15912 39507
21900 15912
39507 15912
15914 88087
88087 15914
88087 88750
15918 36292
15918 77534
77534 15918
77534 36292
77534 76911
15921 44189
15921 73817
44189 3601
44189 45699
44189 64857
44189 73817
73817 44189
73817 64857
15930 44627
15930 94675
15930 95033
15930 95507
94675 96093
15931 29545
15931 62035
15932 41536
41536 15932
15934 61223
15935 53802
15935 90875
53802 15935
53802 90875
90875 15935
90875 53802
15938 42064
15938 58053
42064 58053
58053 42064
15943 16101
15944 23051
15948 50213
50213 66218
15950 30837
15950 53594
15951 15091
15958 26568
15958 83641
26568 20655
26568 53808
15960 13710
15963 24849
15963 96213
24849 15963
24849 96213
15967 82889
82889 15967
33273 15968
33273 51541
33273 55188
15969 45607
15970 48114
48114 15970
15973 42676
42676 15973
15974 5668
15974 71088
71088 5668
71088 15974
71088 86591
15980 69070
15980 76768
15982 37238
15982 99496
99496 15982
99496 37238
99496 93735
15987 86080
15989 2377
15989 9095
15989 31627
15989 44381
15989 63005
31627 15245
31627 20930
31627 23190
31627 44381
44381 31627
15990 23505
23505 15990
15992 57598
15992 57791
57598 15992
57598 51979
57598 57791
15993 63311
15996 58801
15997 74397
15998 5270
15998 35457
15998 74397
15998 91228
35457 5270
35457 15998
35457 74397
35457 91228
16000 91389
16003 76785
76785 47843
16004 89834
16007 80091
16010 66886
16014 30436
16014 52099
30436 52099
52099 30436
52099 39479
52099 42114
16016 83216
16021 37586
16021 89066
16022 43446
43446 16022
43446 42583
16029 13527
16029 20509
16029 26448
16029 32163
16029 35953
16029 44388
16029 48888
16029 53349
16029 58650
16029 63332
16029 86526
35953 32163
35953 91005
35953 92012
44388 32163
53349 32163
58650 9335
58650 32163
16031 20689
16031 43576
16031 88863
20689 88863
43576 88863
16033 43468
43468 16033
16034 15883
16037 1633
16037 23331
16038 20961
16040 59545
16040 75559
59545 75559
75559 59545
75559 59665
75559 65084
75559 98510
16041 28623
16041 69674
28623 69674
69674 28623
16050 54147
16051 4027
16051 47954
47954 4027
16054 22277
16054 96650
22277 96650
96650 16054
96650 22277
96650 58857
16059 10657
16061 30837
16061 53594
16062 87147
16062 88426
88426 16062
88426 31486
88426 87147
16066 45425
16079 35543
16079 74397
35543 74397
16082 89273
16083 15993
16083 60528
16083 63311
16083 70699
16083 83316
60528 63311
70699 16083
70699 63311
16084 51040
16084 68465
16084 87541
87541 51040
87541 68465
16086 99270
16090 66616
66616 4338
66616 39935
48216 16094
16095 61511
61511 24421
61511 99805
16097 53055
53055 16097
53055 68270
53055 84767
16100 9810
16100 11243
41619 16101
16108 36128
16112 37389
16113 61347
61347 16113
16116 90545
16117 10471
16117 67236
16120 16868
16122 99247
99247 79265
16128 62640
16130 32163
16130 48888
16131 78077
16134 18061
18061 16134
18061 91827
16135 41909
16141 23688
23688 18657
16144 21247
21247 55233
16150 52492
16152 7314
16154 55306
16158 15520
16168 21225
16169 33823
16170 49987
16175 30837
16176 28759
16178 39788
16179 51040
16179 68465
16184 74397
16185 36292
16187 76126
16193 732
16193 39289
16193 50200
16193 77632
39289 85888
16196 21345
16196 80658
34301 16197
16198 73029
16200 65421
65421 16200
16202 60321
16207 6885
16207 55712
55712 51649
16208 64537
16213 4131
99622 16215
16216 85495
85495 22216
16217 56481
56481 16217
16221 18172
16221 89168
16222 22338
22338 16222
16225 81777
16226 71665
71665 16226
17911 16237
17911 35171
17911 58274
35171 16237
35171 17911
35171 58274
58274 16237
58274 17911
58274 35171
16240 72253
16243 8994
16243 19480
16243 64010
16248 26067
16248 82122
16248 84830
26067 82122
26067 84830
82122 26067
82122 33142
82122 36699
82122 84830
84830 26067
84830 82122
84830 99260
16252 25103
16253 2573
16253 91630
16267 76724
16272 76066
16280 19306
16280 52478
16280 94916
19306 16280
19306 52478
19306 94916
52478 16280
52478 19306
52478 29042
52478 29613
52478 61144
52478 94916
94916 16280
94916 19306
16281 34849
16281 46599
16281 84994
46599 16281
46599 34849
46599 84994
16298 57274
16307 58807
16309 23620
16309 68706
16310 89289
16311 1394
16312 69292
16323 37820
16323 43259
16323 82826
37820 82826
16324 19664
16324 38793
16324 53715
16324 69943
69943 16324
16325 24883
16326 28759
16328 11265
16331 42587
16331 94232
42587 16331
94232 16331
16333 72421
16335 78729
78729 16335
78729 25092
78729 31770
78729 36615
16341 70674
16342 92504
16349 25104
16351 49752
16351 94536
49752 16351
49752 94536
16352 89775
16352 90893
89775 16352
89775 90893
16354 1536
16354 50650
50650 1536
16355 77625
16356 17123
16356 19379
16356 32163
19379 16356
19379 17123
19379 32163
39626 16362
39626 57646
57646 16362
57646 39626
16371 75196
75196 62480
75196 71064
75196 86661
16382 44918
44918 2543
16383 47297
16385 515
16388 67045
16389 82692
16389 98944
16394 42458
16402 82834
16404 45425
16407 84522
16409 3054
16412 89041
89041 16412
16415 29006
29006 16415
16416 44688
16416 94657
16419 32163
16419 48888
16428 54147
16436 88281
88281 59009
16439 41432
16446 91467
91467 16446
91467 40311
16448 90446
16450 24454
16451 25819
16453 85189
16453 95225
95225 16453
95225 85189
16454 78019
16454 92124
16457 7314
16462 18411
18411 61108
16463 73542
16463 93999
93999 79390
16466 67420
16466 68852
67420 16466
67420 68852
68852 16466
68852 67420
16475 19251
16482 56328
56328 91271
16484 71412
16495 47369
16506 41213
41213 10997
41213 66509
41213 77917
41213 98192
16522 84522
16524 7314
16525 309
16526 3435
16539 4370
16540 59105
16540 69049
59105 69049
69049 59105
16543 61104
61104 27486
61104 75033
61104 84194
16544 15556
81174 16545
81174 41909
81174 73696
16549 3181
16551 43366
18766 17621
18766 95215
16561 49058
49058 73240
16565 22128
16567 60981
60981 70809
16568 17412
16570 16680
16570 66257
16573 51591
16573 89496
51591 89496
90742 16576
90742 73415
16581 94657
16582 36292
16582 69932
16583 46117
16587 19899
16592 1406
16592 70281
16594 5637
16594 76425
16594 76696
16595 95090
16600 35346
16602 32163
16602 37040
16602 48888
16602 62617
37040 32163
37040 48888
37040 63902
37040 76042
62617 16602
62617 32163
62617 37040
62617 48888
16608 17547
16608 28104
16608 47927
16608 65357
16608 75399
28104 17547
28104 47927
65357 17547
65357 47927
75399 17547
75399 47927
16609 97759
16611 1515
16611 16093
16611 26253
16613 75342
75342 22976
16619 22267
16619 56263
16619 93655
22267 16619
22267 56263
22267 93655
56263 58711
93655 16619
93655 22267
93655 56263
16620 36154
36154 16620
16623 24380
16623 88342
24380 16623
24380 88342
16625 54106
54106 16625
16629 20568
16629 35929
16629 59502
20568 20147
20568 23606
35929 16629
35929 20568
35929 59502
59502 16629
59502 20568
59502 35929
16634 70192
70192 16634
70192 90650
70192 93344
16637 55007
16638 70017
70017 16638
16643 37452
37452 16643
16647 94657
16659 66715
16665 13559
16666 79050
16670 86299
16671 11332
16673 60204
16676 65316
16676 90293
16676 99472
65316 49109
65316 90293
90293 65316
99472 65316
99472 90293
16679 21594
16679 43935
21594 16679
21594 43935
43935 16679
43935 21594
16684 67847
16686 40795
16686 87171
16686 98329
40795 87171
40795 98329
87171 40795
87171 47529
87171 98329
87171 98979
16688 28138
28138 16688
16692 620
16692 91595
16694 14672
16695 73307
16695 85399
73307 16695
73307 85399
16697 34848
16697 85399
34848 16697
34848 85399
16699 16776
16701 26279
26279 33667
16702 44601
16705 77415
16705 87422
16709 15259
16709 76023
16711 92300
92300 16711
16712 55960
55960 16712
16722 50803
16723 27405
16727 52910
16730 32163
16730 48888
16732 95706
95706 16732
16733 23249
16738 36292
16741 60288
60288 16741
16744 84269
84269 16744
16748 27927
16748 35843
35843 16748
35843 27927
16750 85743
85743 16750
16758 1181
16782 60871
16783 2982
16783 57286
16783 97108
84224 71816
16786 73784
73784 16786
16787 18838
16787 66712
66712 16787
16790 5319
16790 32382
16790 37134
16797 4547
16799 71412
16802 37560
16805 97827
97827 16805
16806 28634
16806 37651
16806 95057
95057 76629
16808 35467
35467 16808
16815 15235
16815 68142
16819 47355
16824 1532
16824 96298
16824 97436
16826 46359
16828 20774
16828 60321
16828 68759
20774 16828
20774 56814
20774 68759
68759 16828
68759 20774
16831 4934
16831 79286
16834 84522
16835 17928
16835 59381
16835 59710
17928 16835
17928 59381
17928 59710
59381 16835
59381 17928
59381 59710
59710 16835
59710 17928
59710 59381
16839 19001
16842 2088
16842 65021
65021 77880
16845 79865
16848 54147
16848 58409
58409 16848
58409 54147
16849 33295
16850 18073
16854 58885
58885 16854
16855 45425
16857 13179
16859 70875
16861 77547
16862 47297
17297 16868
98648 16868
16870 25691
16870 48389
16870 97625
16873 52193
16873 85373
16874 37369
16874 84758
37369 16874
37369 84758
84758 16874
84758 37369
16876 66368
66368 16876
16877 45503
45503 16877
16878 3266
16880 40654
40654 16880
40654 28223
40654 35976
40654 84067
16881 27916
16881 74295
16881 77093
27916 88911
74295 16881
74295 77093
77093 16881
77093 47470
77093 74295
16882 48867
16882 56668
16882 60424
16882 76657
48867 60424
56668 16882
56668 48867
56668 60424
56668 76657
76657 16882
76657 48867
76657 56668
76657 60424
16883 36602
16883 57791
36602 57791
16884 7771
16884 17647
16884 39918
16884 61307
17647 7771
39918 7771
39918 17647
39918 61307
61307 7771
61307 90063
16885 3284
16885 62571
62571 3284
62571 16885
16887 21805
16889 12313
16891 1737
16891 8853
16891 50076
16896 34188
16896 45556
16896 60346
16896 84522
45556 16896
45556 78687
60346 29222
60346 39157
16897 33206
16900 48986
16900 97187
16905 13603
16905 17010
16905 78244
17010 78244
16907 29135
16907 68857
16907 98969
98969 16907
16912 89066
16914 1536
16920 98716
16922 47083
16922 70508
47083 44210
47083 70508
70508 47083
16923 30847
16929 93305
16931 12984
16931 38571
16932 7235
16932 73184
16932 82426
73184 80351
73184 85135
16934 18117
18117 16934
16939 27652
27652 16939
16946 80764
16951 64950
16952 41955
41955 16952
16956 17865
16956 21682
16956 73711
16956 76444
16956 80655
17865 21682
17865 73711
17865 76444
17865 80655
73711 17865
73711 21682
73711 76444
73711 80655
76444 16956
76444 17865
76444 21682
76444 73711
76444 80655
80655 17865
80655 21682
80655 73711
80655 76444
16957 35937
16957 61376
35937 16957
35937 61376
61376 16957
61376 35937
16958 76475
16960 72017
16963 49742
16963 51390
49742 51390
16968 64507
64507 16968
64507 65702
16975 16076
16978 12081
16979 46104
16979 97957
46104 97957
97957 46104
16980 13681
16981 87763
87763 10672
87763 16981
16983 58017
16983 76531
16983 80190
16983 84654
76531 58017
76531 80190
76531 84654
80190 58017
80190 76531
80190 84654
16990 77339
16991 3170
16991 20514
57058 16993
16997 12958
16997 38253
16998 24782
16998 28777
16998 31507
16998 57231
16998 60080
16998 70710
16998 71755
16998 87429
24782 35230
60080 57231
87429 58145
87429 58248
16999 8316
17001 41204
41204 17001
17002 63862
17004 32004
17005 42494
42494 17005
17006 94995
17007 92708
17016 79087
17016 90425
79087 17016
79087 90425
90425 17016
90425 79087
17018 14962
17020 17024
17020 86237
17024 17020
17024 86237
86237 17020
86237 17024
17022 69380
17022 74397
17025 55477
17026 75062
75062 17026
17027 4149
17029 78813
17030 57791
17033 41909
17040 943
17044 76768
17045 39588
17050 95988
95988 19352
17051 56213
17053 17126
17126 17053
17060 45425
17064 99520
17067 37390
17067 69092
17069 48749
17075 60876
17077 46198
17082 59009
17082 88281
59009 88281
17088 11220
17088 47473
17088 59016
47473 11220
47473 17088
47473 59016
17090 79050
17090 80961
80961 19500
80961 20552
80961 36441
80961 79050
80961 98439
24891 17093
24891 38599
24891 83461
38599 17093
38599 24891
38599 83461
83461 17093
83461 24891
83461 38599
83461 63214
83461 91920
17094 25290
17094 53705
53705 15904
53705 81419
17097 92961
92961 41722
92961 53267
92961 62623
17098 12749
17098 13173
17102 20612
17105 33757
17106 23807
23807 89350
17108 33849
17108 39783
17108 77064
17108 88884
33849 17108
33849 77064
33849 88884
39783 17108
39783 88884
77064 17108
77064 33849
77064 88884
88884 17108
88884 33849
88884 77064
17112 76993
76993 17112
76993 30757
17115 6557
17115 84319
17115 92840
17117 11095
17117 11753
17117 44668
17118 16048
17122 36648
17122 81782
36648 17122
36648 81782
81782 17122
81782 36648
50707 97001
97001 64570
17132 67862
17132 70061
17134 43780
43780 17134
17135 85828
17135 89664
85828 47209
85828 89664
89664 47209
89664 85828
17138 25900
17138 73590
17146 45425
17147 31021
17147 49833
17149 36377
17149 50905
36377 50905
50905 36377
17152 92440
92440 59000
17154 21682
17154 78735
17156 32612
17156 82689
82689 35052
82689 63549
82689 90169
17158 65827
17158 93025
17160 17026
17160 75062
17161 94100
17162 42218
17171 61505
17178 7916
17178 48651
17178 72305
17181 30726
17181 35797
30726 35797
17187 28567
17187 66857
28567 66857
66857 28567
17188 12958
17188 74419
74419 12958
17189 70725
70725 17189
17190 26023
17190 51475
17190 81771
26023 17190
51475 95650
17194 53959
17195 28587
17199 67197
17201 70261
17202 28839
17202 82933
17202 97427
82933 97427
97427 92106
17205 797
17209 107
17212 61122
61122 17212
17214 96945
17218 52750
17219 23766
17219 46554
23766 17219
23766 46554
46554 17219
46554 23766
17221 32163
17221 47823
17224 70376
17224 74397
17224 74706
17224 91228
17228 41333
17228 88638
17228 97782
88638 17228
88638 74625
88638 97782
97782 17228
97782 20873
97782 41333
97782 88638
25618 45422
25618 69429
17243 21812
21812 65754
17244 92815
17248 61256
17248 67128
17248 70212
61256 67128
61256 70212
67128 61256
67128 70212
70212 61256
70212 67128
17252 30651
17252 78205
78205 17252
17254 26964
17255 9533
17255 80626
17256 1532
17256 91228
17256 96298
17256 97436
17262 23211
17266 22686
17266 95215
22686 12958
22686 13095
22686 95215
17273 62701
17274 54708
17275 79740
17280 5005
17283 13875
17283 84837
17285 31765
17285 47376
17285 92042
17286 36292
17294 50827
17294 78520
17295 28244
17303 72681
17306 3679
17312 72106
17315 18408
17320 41909
17320 60231
17320 64680
60231 17320
60231 41909
60231 64680
64680 17320
64680 41909
64680 60231
17321 27017
27017 86305
17323 34544
17323 37707
17323 60863
17324 10777
17326 4547
17327 82201
82201 17327
17328 32163
17329 1081
17334 55490
17334 89200
89200 17334
89200 55490
17335 58801
17341 74397
17344 98508
98508 17344
98508 32706
17345 21682
17351 6002
17352 32000
17353 36375
17353 91397
36375 17353
17357 46704
17359 23526
17363 41909
17364 31808
17367 19669
19669 96257
17369 63564
17371 1826
17372 55385
17379 42797
17395 8432
17396 30571
17399 66364
17399 67845
17403 2593
17403 33438
17403 48213
17403 91907
48213 2593
48213 17403
48213 30444
48213 33438
48213 91907
91907 2593
91907 18849
91907 33438
17404 59325
59325 17404
17405 33644
17405 80198
17405 89386
33644 60734
33644 80198
33644 89386
80198 33644
80198 89386
89386 18397
89386 33644
89386 80198
17413 89289
84753 17415
17416 26048
17416 52009
17416 61667
17416 65331
17420 86624
17421 57351
17423 9533
17423 80626
17424 6582
17424 54718
17424 67971
17426 73186
17429 80626
17430 74397
17431 81887
81887 17431
17432 78982
78982 17432
17433 23198
17433 71221
17434 62419
62419 17434
17436 16249
17436 41909
17436 99405
99405 9196
99405 16249
99405 41909
99405 63989
99405 71581
99405 72651
99405 78653
99405 87710
17437 40773
17437 74523
17438 31968
17440 1356
17445 8316
17461 8316
17470 38802
17470 49103
17473 86394
17475 88194
74911 17478
74911 80493
74911 82891
17479 45750
17481 45425
17491 86299
17492 78233
78233 17492
17497 16504
17497 76828
17498 68245
17499 21682
17501 87233
17504 40150
17505 90778
90778 17505
17508 85372
24659 13593
24659 17517
24659 30309
24659 36291
24659 39916
24659 43911
24659 46123
24659 61510
24659 64308
33112 74600
36291 17397
74600 33112
94349 13593
94349 17517
94349 19036
94349 24659
94349 30309
94349 33112
94349 36612
94349 39916
94349 43911
94349 46123
94349 53347
94349 61510
94349 64308
94349 74600
66861 98613
17519 23620
17519 29547
17520 28989
28989 17520
17522 38581
38581 17522
17528 8316
17531 38371
17531 49755
17531 84105
17532 19039
17532 23306
19039 17532
19039 23306
67529 17536
86353 17536
17537 86078
17543 41909
17543 85426
85426 41909
17545 1653
17545 39659
17545 64616
17546 39600
17546 94657
39600 17546
39600 71891
39600 76035
69083 26933
81555 17547
81555 47927
17549 33487
33487 8252
17551 8345
17551 43017
17551 87890
17556 58092
17566 86078
17569 57618
57618 17569
17570 93187
17572 41909
17575 40912
17575 74942
17576 48643
17576 68275
17576 72421
17576 81883
48643 65124
48643 72421
68275 72421
81883 66076
81883 72421
17577 59514
59514 17577
17584 32163
17584 84805
84805 17584
84805 32163
17585 63927
63927 17585
17588 40515
17588 42837
40515 17588
40515 35322
40515 42837
42837 17588
42837 40515
17589 7314
17593 16868
17600 22553
17600 70538
17601 92404
17603 73415
17604 36292
17609 49987
17609 65801
17609 68666
68666 49987
17611 47516
47516 17611
17612 36774
17612 95407
36774 17612
36774 41909
36774 95407
95407 17612
95407 36774
17624 41909
17624 73696
17624 88297
88297 41909
17627 16149
17633 57791
17633 68488
17634 19374
17638 49560
49560 3483
49560 21682
49560 36557
49560 65424
49560 93025
17651 36201
17651 76000
36201 17651
76000 17651
17653 827
17653 32163
17654 55457
17655 31186
17655 55372
31186 17655
31186 55372
55372 17974
17656 49084
49084 75427
17658 37906
17659 99082
17660 76578
76578 17660
17668 9100
17669 37808
17669 63124
37808 17669
37808 63124
63124 17669
63124 37808
63124 75370
17672 69620
17675 41566
17676 32924
17676 80659
17679 97233
17681 13825
17681 55030
17684 55824
55824 17684
17685 95323
17686 94879
94879 42244
94879 52311
94879 84522
38614 7250
38614 35973
60212 23305
60212 81869
17688 87889
17689 73402
17691 79763
79763 58045
17692 75811
17692 87913
75811 17692
75811 87913
87913 17692
87913 75811
17693 76768
17696 96347
17698 17415
17698 34113
17698 81417
17702 20293
17702 55152
20293 55152
55152 20293
17703 41909
17707 48529
17711 18250
17711 64389
17713 65362
65362 17713
17714 93729
93729 31126
17715 23882
17715 76768
17719 71189
17726 76539
17728 63564
17729 29938
17729 46701
17732 92230
17734 15755
17734 19804
17738 2602
17738 7884
17738 74639
17740 85472
17741 1645
17741 43792
17743 35034
17743 40410
17743 84548
17743 91659
17743 99891
35034 17743
35034 40410
35034 84548
35034 91659
35034 99891
40410 84548
40410 91659
91659 40410
91659 84548
99891 17743
99891 35034
99891 40410
99891 84548
99891 91659
17745 36286
36286 17745
17750 8316
17751 71738
28543 17766
85797 17766
17769 26268
17769 66634
26268 17769
26268 66634
66634 17769
66634 26268
17772 56777
17772 65410
17772 67290
65410 56777
67290 8844
67290 56777
67290 65410
67290 83874
17774 48580
17774 60876
48580 17774
48580 60876
17775 49516
17775 68825
49516 68825
17778 33472
33472 17778
17781 19251
17783 97283
17783 99447
99447 51798
99447 75009
17784 18635
17784 52557
17784 60539
18635 17784
18635 52557
18635 60539
52557 17784
52557 18635
52557 60539
17785 90893
17786 46635
17786 64774
46635 64774
64774 46635
17791 54361
17799 39198
17807 46326
17809 65314
65314 96197
17811 54147
17812 17547
17812 47927
17814 7175
17817 32317
32317 27650
17828 48985
17832 42238
42238 21682
17833 24066
17833 36197
17833 55818
17833 68385
17836 49418
17837 21259
21259 19470
21259 84436
17840 63185
63185 17840
17842 22128
17843 97376
97376 17843
97376 63738
17848 74397
17853 52607
17854 51995
17856 7978
17859 75478
17866 59983
17871 99051
99051 17871
17875 16868
17875 48667
17878 11442
17878 74728
74728 11442
74728 17878
17879 83433
17880 62381
17881 36292
17881 44161
17882 13073
17886 30550
17886 36111
30550 17886
30550 36111
36111 17886
36111 30550
17890 50732
17898 56677
17899 74932
74932 17899
17900 15919
17900 61115
17901 85608
17903 69629
17906 4635
17906 29459
17907 81651
17908 32163
17908 81970
17912 48146
48146 94395
17915 32163
17915 48888
17919 99392
17922 16868
17923 19630
17923 91700
19630 38449
19630 91700
17925 54147
17932 50129
17933 11834
17936 20650
17936 81109
20650 81109
81109 20650
17937 50732
17944 54147
17946 71464
17951 18408
17952 66609
66609 2912
66609 19352
66609 34336
66609 54446
66609 57899
66609 58839
66609 62724
66609 85702
66609 88705
66609 94000
17953 35024
17956 5005
17959 81311
81311 17959
81311 69811
17963 50648
17964 90596
90596 24541
17975 28872
17976 53348
53348 17976
17977 57791
17977 68973
17977 91151
17977 92494
68973 57791
68973 91151
91151 57791
91151 68973
92494 57791
17978 70470
17980 86291
86291 17980
17983 280
17983 71966
17986 66615
17986 96836
17990 18659
17990 71032
17997 66163
17997 82384
66163 17997
66163 82384
82384 17997
82384 66163
18002 47047
18003 21810
18003 34839
21810 34839
34839 21810
18004 13073
18004 27580
18007 58917
18008 73903
18015 7268
18016 46646
46646 18016
18017 96437
96437 18017
18020 52838
18020 59343
52838 59343
59343 52838
18024 1328
18025 5905
18026 40787
18028 61969
18028 65829
18028 86148
86148 61969
86148 65829
18032 87322
18033 48531
18033 75372
48531 18033
48531 75372
75372 18033
75372 48531
75372 90534
18037 14672
18037 53140
18037 70471
18037 85266
53140 14672
53140 30947
53140 70471
53140 85266
70471 14672
70471 53140
70471 85266
98910 18039
18043 31804
18047 51558
51558 18047
18052 20033
18052 74049
20033 74049
74049 18052
74049 20033
18053 67255
18055 48930
18069 88840
18071 31658
18071 94476
18072 21682
18072 91207
91207 21682
18084 33558
18084 34938
34938 18084
18085 94545
18086 54373
18087 62252
18087 75664
18087 85586
18090 39364
18091 28238
18092 84873
18092 90405
82278 92374
18100 68818
18102 83027
83027 18102
18105 14674
18106 9533
18106 23875
18106 80626
23875 9533
23875 18106
23875 80626
18110 59445
18111 78402
18113 25215
18113 56584
18113 82030
25215 56584
56584 25215
82030 18113
82030 25215
82030 41567
82030 56584
82030 91035
18118 17231
18118 86432
18121 753
18121 8886
18121 10922
18121 11410
18121 72289
18121 72484
18121 74243
18121 84669
18121 91385
18122 85403
18124 73402
18127 70817
18127 86629
18132 90295
90295 18132
18133 32163
18135 32163
18137 57952
18140 79333
18142 45066
45066 65523
18148 31746
18152 62701
18159 7715
18159 71161
71161 18159
18162 54147
18165 21359
18165 65659
65659 21359
18168 12977
18168 73281
18171 43460
43460 17491
18174 25165
25165 18174
18177 62701
18180 62701
18187 36292
18191 36292
18195 19565
18195 46929
18195 63097
18195 71859
19565 47755
46929 31187
46929 55704
46929 60971
46929 63097
46929 71859
63097 46929
63097 71859
71859 18195
71859 46929
71859 48856
71859 50376
71859 63097
18196 56907
18197 6090
18198 57696
18198 87238
18205 72179
72179 18205
18210 9305
18210 10019
18214 58321
18214 91015
91015 18214
91015 58321
18219 23425
18219 33568
18219 45831
18219 66724
23425 33568
23425 45831
23425 66724
18222 5314
18224 13490
18224 50397
50397 13490
50397 62590
18225 89305
89305 18225
18228 1945
18228 9581
18228 18013
18228 34856
18228 72305
18228 90939
90939 1945
90939 9581
90939 13372
90939 18013
90939 18228
90939 29552
18235 89994
89994 18235
18237 41341
18247 7309
18247 95436
95436 18247
18248 10738
18248 14642
18254 40092
40092 18254
18256 7314
18259 49021
18261 35434
18273 65611
18274 32168
32168 18274
18275 4636
18276 22207
18276 57791
22207 18276
22207 57791
18277 49199
18277 81763
49199 18277
49199 71119
49199 81763
81763 18277
81763 49199
18280 84866
84866 18280
18284 24431
18284 44775
18284 48733
18284 53462
18284 90530
24431 44775
24431 48733
24431 53462
44775 24431
44775 48193
44775 48733
44775 53462
53462 24431
53462 44775
53462 48733
53462 59425
90530 24431
90530 44775
90530 48733
90530 53462
18286 9898
18286 74397
18291 99585
18294 47925
47925 96510
18302 1739
18302 6236
18302 9110
18302 36611
36611 6236
36611 50191
36611 69876
18306 4893
18306 16868
18307 76616
71060 18310
71060 41909
18313 58801
18314 32731
18314 78827
32731 18314
32731 78827
18316 35783
18320 11092
18320 95685
95685 11092
95685 18320
18322 3611
57874 7314
57874 18323
18326 83376
18326 93290
83376 18326
83376 93290
93290 18326
93290 83376
18328 8316
18329 8844
18329 26187
26187 18329
18330 60363
60363 18330
18332 21665
18332 69922
69922 21665
18333 64023
18334 26385
18334 59971
26385 59971
18341 3093
18342 11265
18343 75299
75299 18343
18351 41909
18351 73696
18353 53966
18355 16868
18357 30974
18363 46578
46578 36292
46578 49362
18375 93821
93821 18375
93821 80860
93821 98035
18378 16910
18380 85372
18387 61933
18387 66961
18387 76528
61933 18387
61933 66961
61933 76528
66961 18387
66961 61933
66961 76528
76528 18387
76528 61933
76528 66961
18391 75121
18391 95322
45908 18392
45908 96938
18396 94861
94861 18396
18397 33644
18397 80198
18397 89386
18399 51042
18399 51786
51042 18399
51042 51786
51786 18399
51786 51042
18402 66615
18402 96836
18405 97283
18406 38397
18406 92139
38397 18406
38397 92139
18407 8316
18413 29328
18415 23520
18415 57791
23520 18415
23520 57791
18416 89546
89546 18416
55275 18418
55275 58951
58951 18418
58951 55275
18422 70273
18424 64540
18424 82507
18427 32163
18427 48888
18430 11892
18430 50854
18431 49528
18431 60876
49528 60876
18439 96066
18439 98516
96066 99365
18442 46128
46128 18442
18443 65517
18443 68396
68396 18443
18445 39693
39693 18445
18452 10808
18452 91951
18455 69111
69111 18455
18456 5432
18462 36642
18465 35859
18471 16043
18473 1633
18473 23331
18487 31968
18488 36292
18488 62158
18490 44857
44857 18490
18492 92808
18493 43792
18494 62680
18497 25945
18497 69868
25945 18497
25945 69868
69868 51509
18499 2366
81773 18500
81773 73089
81773 92945
18501 60331
60331 20347
18505 73169
18505 83961
18509 44289
18509 59026
44289 18509
59026 18509
18510 42113
42113 30201
42113 50379
18513 10333
18513 52819
18515 41909
18515 73696
18524 78040
78040 74314
78040 88316
18525 28587
18526 12001
18526 60883
18528 26048
18528 27944
18528 52009
18528 61667
18528 65331
27944 26048
27944 52009
27944 61667
27944 65331
18530 52250
18534 23526
18534 76888
18534 88589
76888 18534
76888 23526
88589 18534
88589 23526
18537 72439
72439 12839
72439 87056
18538 36197
18538 62930
18538 92051
62930 18538
62930 36197
62930 92051
92051 18538
92051 36197
92051 62930
18539 718
18539 36292
18543 20327
20327 18543
20327 98063
18546 5005
18547 59805
18547 92483
18547 94430
59805 18547
59805 92483
59805 94430
92483 18547
92483 59805
92483 94430
18548 74397
18553 79068
18555 27159
27159 18555
49611 80422
18560 11524
18563 31267
18569 20465
18569 80244
18569 81120
20465 18569
20465 81120
80244 18569
81120 16380
81120 18569
81120 20465
18579 59460
18579 75612
75612 59460
18589 65827
18594 85372
18595 84195
18598 64736
18600 36290
18606 59314
18606 83523
59314 18606
59314 83523
83523 18606
83523 59314
18607 25179
18611 23189
18615 28762
18615 88989
28762 18615
18616 74608
18620 32163
18621 6885
18621 80091
18623 99836
18624 79050
18626 73373
18627 79583
18628 39270
18629 22649
18629 41909
18631 32163
18631 47823
18631 48888
18631 89955
89955 32163
89955 47823
89955 48888
18634 6325
18634 39709
18634 48633
18634 94775
18636 60989
60989 18636
18640 10577
18640 45073
18640 75652
18640 84309
18643 52637
18644 26162
18648 16973
18648 76131
18649 13714
18649 61885
18649 86963
61885 18649
61885 86963
86963 18649
86963 61885
18650 37250
18651 31746
18651 76239
18652 9577
18652 20754
18652 96101
18658 67641
67641 18658
21510 18659
21510 71032
85212 18659
85212 71032
18660 54361
18667 81521
18672 15259
18672 76023
18673 27261
18675 79355
79355 76659
18681 36027
18681 92538
92538 18681
92538 36027
18684 82940
18686 36292
38200 18697
18698 74397
18698 86055
18704 74397
18705 57084
18706 66289
18707 85665
18709 62680
18710 35119
18710 80067
35119 18710
35119 80067
18712 34431
18717 47297
18723 95435
95435 18723
18725 15684
18726 23526
18726 80197
80197 18726
80197 23526
18729 29214
18729 51583
29214 18729
29214 51583
51583 12744
51583 18729
51583 29214
51583 62694
18737 8316
18738 1752
18738 7352
18738 35730
18738 40444
18738 90927
18739 26384
18740 54147
18742 32403
18746 13092
18746 43026
18747 47705
18753 88087
18754 49845
43886 7770
18759 21682
18759 51481
51481 21682
18762 73196
18764 70589
18765 74705
18767 60048
60048 18767
18768 92136
18771 82940
18772 32313
32313 18772
18776 50233
18778 71309
18783 93529
18784 63096
18785 64166
18785 67898
64166 27540
64166 67898
67898 18785
67898 64166
18788 44823
18789 78244
18793 78244
18799 21682
18799 83977
18800 22173
18800 35302
18800 60158
22173 35302
22173 60158
35302 22173
35302 60158
60158 22173
60158 35302
18803 6233
18803 36393
18803 92968
36393 30958
36393 74225
18811 48733
18819 28876
18824 12992
18831 76203
18833 4625
18833 6247
18833 20940
18833 36311
18833 44491
18833 52841
18833 53167
18833 61422
18833 77008
18833 94035
18833 96093
18833 97396
36311 50211
52841 29116
52841 64027
77008 67027
77008 93640
18834 76030
18836 52730
18836 60234
18840 4637
18840 15576
18840 19459
18840 20735
18840 21803
18840 33451
18840 48861
18840 53590
18840 86288
18840 91571
18840 97180
20735 48861
48861 20735
53590 4637
97180 86288
18842 82913
18842 97944
82913 79759
82913 97944
97944 82913
18844 28567
18844 66857
18845 34527
18846 33997
33997 15884
33997 57346
18848 26915
18848 39271
26915 18848
26915 39271
39271 18848
39271 26915
18849 48749
18849 52306
18855 60443
18855 93830
60443 18855
60443 72421
60443 93830
93830 49745
18856 1168
18856 25822
18856 34116
18856 45182
18856 53833
18856 72219
18856 78717
34116 53833
53833 34116
18857 64547
18857 98535
18861 10778
18861 79469
79469 10778
79469 18861
18864 14897
18864 32611
18864 52200
32611 14897
32611 52200
18865 4552
18873 76793
18873 88743
76793 18873
76793 88743
88743 18873
88743 76793
18874 1945
18874 9581
18874 18013
18878 53668
18880 45699
18881 30130
30130 74942
18882 19984
19984 81448
18885 9566
18886 33904
18886 38036
38036 33904
18892 28123
18893 1536
18894 19985
18894 65336
19985 1083
19985 18894
19985 65336
18899 94657
18901 55122
18902 22930
18902 41909
18902 90119
22930 18902
22930 41909
90119 41909
90119 76818
18903 68771
18907 16101
18907 44831
18907 79410
44831 16101
44831 18907
79410 16101
18912 7932
18914 18636
18914 60989
18916 37969
18917 91228
18922 36060
18927 45425
18930 5374
18930 33279
18930 75305
18930 98354
18932 55359
18932 85994
55359 85994
85994 55359
18940 23308
18940 29674
18940 35555
18940 72517
29674 43324
35555 23308
35555 72517
72517 23308
72517 35555
72517 55350
18941 31395
18941 98709
18943 19976
18943 61704
18944 17412
18947 16868
18947 48667
18952 10626
18955 19993
18960 34434
18960 36925
18960 43940
34434 43940
43940 34434
18961 51683
18961 83329
18963 23526
18963 50401
18965 3167
18965 36949
18965 57791
36949 3167
36949 18965
36949 57791
18966 1406
18966 70281
18970 58212
99760 1657
99760 44898
99760 85075
18975 50933
18979 10333
18979 52819
18982 86204
18983 96726
18988 32163
18988 48888
18996 15130
18998 70668
70668 18998
18999 1068
19000 8316
19003 47468
19003 74397
19004 2590
19010 36292
19017 88940
19018 48733
19018 65656
65656 19018
65656 48733
19019 7314
19022 3559
19024 16332
19024 73190
19027 62701
19028 37248
19029 58527
58527 19029
58527 92350
19030 7314
19032 36983
19036 7
19036 19576
19036 43343
19036 57818
19036 75039
19037 6780
19037 68362
68362 19037
19038 65617
19038 96510
19040 52652
19040 86078
52652 86078
19044 82592
82592 19044
82592 59871
19046 6416
19046 14554
19046 96483
19048 12217
19049 36197
19049 88710
88710 36197
88710 64863
19055 74510
19055 83235
74510 83235
83235 74510
19057 50360
19057 51856
19058 13521
19059 12182
19060 61506
19065 36292
19069 93573
19070 4898
19070 7575
19071 970
19071 36293
19073 95123
95123 19073
95123 93251
19074 67844
19076 43753
19080 18520
19080 34215
19098 58944
19108 36602
19108 57791
19114 28141
19114 53972
19115 24517
19121 14672
19128 74669
74669 69556
19129 16101
19133 3054
19149 41554
19149 78244
19150 41958
19155 38150
19155 90086
19158 4131
19159 32163
19159 86526
75877 19160
75877 58011
75877 67844
19164 26272
19165 52941
52941 19165
52941 56687
19168 49845
19168 55701
19170 3077
19170 89416
89416 19170
89416 62616
19171 56157
19171 67751
56157 67751
19173 43438
19187 89409
89409 19187
89409 66695
19194 34945
19202 68777
68777 19202
19203 96138
19212 94778
94778 18504
94778 19212
19214 24952
19217 49605
49605 19217
19223 63585
19223 98817
63585 24594
63585 98817
19225 46087
19228 2912
19232 18170
19235 22626
22626 19235
19239 50500
19240 10781
19240 33998
19240 97942
19243 15587
19246 79963
19246 95433
95433 57808
95433 79963
19249 69743
69743 64643
69743 97172
19252 54266
19254 78019
19254 92124
19256 19548
19259 8979
19261 52203
19261 55023
55023 85333
19264 26415
19264 96474
26415 19264
26415 96474
96474 19264
96474 26415
19268 20603
19268 66029
20603 19268
20603 40780
20603 66029
19270 91493
19271 31554
19271 37751
19271 61264
31554 70745
37751 61264
37751 66114
61264 37751
61264 66114
19273 83216
19277 75263
19289 55366
55366 2742
19291 54147
19292 12880
19292 41448
41448 79277
19295 3466
19296 90893
19297 30847
19301 42828
42828 19301
42828 49472
19303 4635
19303 29459
19304 91547
91547 19304
19305 45665
19305 84905
45665 84905
84905 19305
19310 18791
19313 84700
19314 22494
22494 35485
19320 54147
19321 87193
87193 19321
19327 48561
19329 49987
19331 58078
19343 42725
42725 42586
42725 63357
42725 65869
42725 93415
19346 65750
65750 17271
65750 19346
19347 16868
91348 6945
19353 39500
19353 94480
39500 19353
39500 94480
94480 19353
94480 39500
19354 40033
19354 96828
19355 11540
19355 18400
19359 23619
19359 35241
19359 82692
59406 19374
59406 27899
19378 49852
19384 43963
19387 99092
99092 65879
99092 69359
19393 75649
75649 19393
19397 90911
19398 90863
19400 32163
19400 63332
19401 68843
19405 14672
19406 46102
19406 57585
57585 49604
57585 66300
19411 3784
19411 27106
19411 59961
19420 44409
19435 20888
19438 75003
19446 68919
68919 19446
68919 52282
19450 25069
25069 19450
19451 30624
19451 48486
19451 72666
19451 76969
30624 53829
48486 13925
72666 48486
72666 76969
19455 98598
98598 19455
19456 29853
19458 88390
19460 19548
19460 20499
19460 62919
62919 4747
62919 70661
62919 76569
19462 51683
19463 40365
40365 73255
19465 23526
19466 23526
19466 68048
68048 19466
68048 23526
19471 71328
19473 67634
19474 16974
19475 69868
19477 8316
82625 8994
82625 19480
82625 64010
19486 16706
19488 15807
19491 32915
32915 19491
32915 45534
32915 72414
19494 56705
19494 81990
56705 19494
56705 81990
56705 91516
81990 56705
19496 16901
19496 22574
22574 16901
22574 19496
19500 20552
19500 79050
19500 80961
19500 98439
20552 79050
20552 80961
20552 98439
98439 19500
98439 79050
98439 80961
19503 75567
19503 88728
75567 58020
75567 76727
19505 14241
19505 40474
19506 53184
19506 64357
53184 19506
53184 64357
64357 19506
64357 53184
19513 1406
19513 70281
19522 53267
93406 74397
19551 4809
19553 99585
19560 47468
19560 74397
19561 7216
19561 42454
19561 95090
19562 51389
19562 57479
51389 19562
51389 57479
51389 59681
51389 62289
19563 39279
19563 88407
88407 19563
88407 39279
19567 63113
19570 78019
19570 92124
19573 51384
51384 19573
19574 32163
19577 38280
38280 19577
19586 55234
19589 12865
19591 18500
19592 20337
19592 39295
20337 19592
39295 19592
19594 42312
19594 54483
19594 61794
19594 69676
19595 31676
19595 46559
31676 19595
31676 46559
46559 19595
46559 31676
19597 74408
74408 93911
74408 96298
19598 14041
19598 67965
19598 98208
98208 14041
98208 67965
19606 77018
19610 47933
47933 19610
19611 48671
19611 92519
19611 95251
48671 19611
48671 92519
48671 95251
92519 19611
92519 48671
92519 95251
95251 19611
95251 48671
95251 92519
19612 24802
19612 41909
19612 73696
24802 41909
24802 73696
19615 37635
37635 19615
19616 43533
19621 13710
19625 2602
19625 51120
19627 83712
19627 85152
85152 19627
19629 7314
38449 19630
38449 91700
19638 45425
19641 87615
87615 19641
87615 45587
19655 70693
19656 56027
19657 2819
19661 71101
71101 19661
71101 37479
19663 1826
19663 51176
51176 1826
19666 75887
96257 19669
96257 20247
96257 36994
19670 1167
19670 67197
19670 70615
19670 74925
19672 54465
19673 1737
19673 8853
19673 50076
19676 14571
19678 19681
19678 54147
19678 55154
19681 19678
19681 54147
19681 55154
55154 19678
55154 19681
55154 54147
19679 70061
19679 83064
19679 85930
19679 86130
83064 70061
85930 70061
86130 38468
86130 64250
86130 70061
19684 58151
58151 19684
19685 29555
29555 7541
19686 58801
19687 64657
19689 22194
19689 70016
19691 29594
19691 35230
19691 55107
19692 62404
62404 19692
19694 28457
19701 38336
19705 72240
19706 1536
19718 25632
19718 89977
19720 14672
19723 87829
19727 53267
19727 98210
19728 26629
19728 86508
26629 19728
26629 86508
19731 40033
19731 96828
19736 62701
19741 20719
19741 47697
19745 74085
74085 55258
19750 68639
19759 14235
19759 22128
19761 69543
19763 80521
80521 19763
19765 22310
19765 77411
19765 95648
19768 92145
92145 19768
19769 29762
19769 52757
19769 60523
19769 64329
19769 83744
19769 88845
19769 93389
88845 83744
93389 51683
19771 24445
19777 92038
19777 92155
92155 19777
92155 92038
19780 22589
22589 19780
19786 15981
19786 59462
19786 78279
19786 88747
19788 57791
19791 41456
19791 90893
19791 94976
41456 19791
41456 90893
41456 94976
94976 19791
94976 41456
94976 90893
19794 23777
23777 19794
19802 99608
19807 38393
19807 57525
38393 19807
38393 57525
57525 19807
57525 38393
19808 29207
19808 82365
19808 95329
19810 86621
19811 19485
19812 84827
19813 47419
19820 69443
19821 56677
19821 76695
19828 28365
19835 10333
19835 52819
19838 37555
19839 70154
19839 83850
19841 53495
19842 58394
58394 19842
19844 41909
19845 16332
19845 67719
19846 2028
19847 24496
19856 3679
19861 62049
19864 16868
19864 86279
19866 42583
19866 45288
19866 50397
19866 87322
19866 88162
19866 92714
19866 93374
42583 43446
42583 54609
45288 19866
45288 42459
45288 43627
45288 46745
45288 78044
45288 87322
45288 92714
92714 19866
92714 29241
92714 42459
92714 45288
92714 87322
92714 88162
19867 707
19867 58318
58318 707
19869 50926
19869 99816
50926 31439
99816 50926
19877 82367
19881 14353
19881 17402
19885 67407
67407 19885
19886 40879
19888 4547
19888 72422
72422 4547
72422 19888
72422 47065
19892 64133
19892 85623
64133 19892
64133 85623
85623 19892
85623 64133
19893 61872
19893 80875
61872 19893
61872 80875
80875 19893
80875 61872
19898 31429
31429 19898
19901 31563
19901 31995
19901 87156
31563 19901
31563 31995
31563 87156
31995 19901
31995 23761
31995 31563
31995 87156
87156 96239
19909 66375
19910 24976
19910 74942
19912 14475
19913 65437
65437 15655
65437 54147
65437 60506
65437 61490
65437 94300
19916 52324
19919 9720
19923 84913
84913 19923
19926 58652
19928 41909
19928 61865
61865 41909
19929 36873
19935 76379
19936 71490
71490 19936
19937 88435
19938 943
19942 15736
19942 80002
19945 1889
19945 13116
19945 68528
19950 5280
19950 22384
19950 88352
19953 62701
19962 67397
19972 83841
19974 97719
19975 81074
77821 19976
77821 61704
19977 57481
57481 91366
81448 19984
19986 64226
19987 46112
19995 90090
90090 19995
19997 21747
19998 70055
20002 38336
20009 33385
33385 20009
20012 80314
20013 27006
20013 87137
20014 56166
20020 78749
78749 20020
78749 72022
20023 46330
20023 65728
20024 87160
20031 30837
20037 32163
20037 48888
20040 70538
20046 55650
20046 89471
55650 20046
55650 89471
89471 20046
89471 55650
20048 7028
20049 21682
20051 49375
20051 92240
49375 81051
49375 92240
49375 98804
92240 20051
92240 20209
92240 49375
92240 81051
92240 98804
20052 35900
20054 98292
98292 1421
98292 2949
98292 10909
20068 66316
20069 92351
92351 20069
20071 16660
20071 21341
20073 13792
20079 32612
20079 82689
20083 36197
20088 52532
52532 40763
20089 32075
20089 72106
32075 20089
32075 72106
20091 33551
20092 68724
68724 20092
20094 12526
20094 74002
20104 41440
20104 64788
20104 97720
20106 90732
20106 99338
20109 20532
20109 65000
20532 65000
65000 20532
20111 71970
20111 90066
20113 55812
20115 5766
20115 21039
20124 32163
20132 31180
20132 45007
20132 90115
20132 97901
45007 20132
45007 31180
45007 59559
45007 90115
45007 97901
90115 20132
90115 31180
90115 45007
90115 97901
97901 20132
97901 31180
97901 45007
97901 90115
20135 41909
20136 53687
53687 20136
20142 41909
20145 54511
20145 76366
20147 20568
20147 23606
23606 20147
23606 20568
23606 26523
20149 74397
20151 58428
20151 68871
68871 58428
20152 57145
57145 60880
57145 76334
57145 88307
20159 31134
20162 46047
20162 76731
46047 20162
46047 76731
76731 20162
76731 46047
20165 14923
20165 59788
20165 84779
20169 76642
20171 40971
20171 55793
40971 20171
40971 55793
20176 29886
20176 32170
32170 63006
20177 54147
20179 31075
20179 33340
33340 64970
20193 11643
20195 54163
20197 7679
20198 82935
20199 99603
99603 48287
20201 4131
20203 31771
20203 54490
31771 54490
54490 31771
20205 85500
20205 89167
85500 20205
85500 89167
89167 20205
89167 85500
20209 20419
20212 3088
20212 74397
20219 19452
20220 94359
20224 1532
20224 63491
20224 96298
20224 97436
63491 1532
63491 20224
63491 96298
63491 97436
20227 5314
20227 15255
20227 41799
20232 45491
20243 25672
20247 19669
20247 36994
20247 96257
36994 19669
36994 20247
36994 96257
20255 78791
78791 20255
20256 8316
20265 2093
20265 98276
20274 61404
61404 95885
20281 76973
76973 58770
20284 25075
20284 33004
20284 33328
20284 48194
25075 33004
25075 33328
25075 48194
33004 25075
33004 33328
33004 48194
33328 25075
33328 33004
33328 48194
48194 25075
48194 33004
48194 33328
20285 53591
53591 20285
20290 41672
20290 64966
20290 67005
41672 20290
41672 64966
64966 20290
64966 41672
20291 23305
20291 97922
23305 20291
23305 26467
23305 81869
97922 23305
97922 26467
97922 60212
97922 61305
97922 81869
20295 89751
89751 20295
20297 47268
47268 20297
47268 30836
47268 96193
20299 53705
20300 52184
52184 15883
52184 20300
20304 6236
20304 26574
26574 6236
20305 19779
20305 66915
66915 3679
66915 28172
20307 13678
20309 41299
20309 63121
20309 88970
63121 41299
63121 88970
20311 41799
20313 4991
20315 5223
20315 36109
20315 36654
20315 41694
20315 43543
20315 50732
20315 78369
36109 36654
36109 50732
36109 78369
36654 50732
41694 50732
43543 43601
43543 50732
20320 28333
28333 54923
20321 93616
20321 94736
93616 20321
93616 94736
94736 20321
94736 93616
20323 95861
20326 74526
74526 53042
74526 56820
20328 91937
20329 18096
20329 32845
32845 20329
20338 10820
20341 6784
20346 85202
20347 18501
20358 29515
20358 96025
20359 75951
20361 57705
20361 78152
20363 49987
20366 47307
20367 97147
20371 58807
20379 36060
20382 70211
20382 96752
96752 13725
96752 77318
20385 53507
20385 71784
53507 20385
71784 20385
20386 17754
20387 65193
65193 20387
20389 68245
20394 8316
20395 27242
20395 51040
20395 68465
20398 33118
33118 20398
20399 89382
89382 20399
20401 83853
20401 90905
83853 90905
90905 20401
90905 83853
20402 44059
44059 20402
20404 39946
39946 46549
20407 64322
20407 90408
20407 96629
90408 20407
90408 64322
90408 96629
20408 46434
46434 20408
46434 43235
20416 68675
68675 20416
20420 10441
20420 32163
20420 72110
20421 61887
20422 70469
70469 22749
20423 3069
20423 11564
20423 18967
20424 8011
20424 57791
20426 96614
20433 24004
20435 40652
20435 41909
40652 41909
40652 63989
40652 92724
20436 62701
20437 41909
20442 36464
20442 91322
20444 93870
20449 36601
36601 29623
20455 17412
20456 89834
20460 46913
46913 20460
93556 20462
20467 15709
20467 36419
20467 84909
20468 35206
20468 70873
35206 20468
35206 70873
70873 20468
70873 35206
20469 71174
20470 78610
20474 74397
20474 99543
20481 80793
80793 20481
20486 35225
20487 7314
20488 63423
20488 71857
20491 36292
20493 25906
20501 55277
20502 80707
20503 50732
20507 46837
20507 66501
20507 79862
46837 20507
46837 66501
46837 79862
66501 20507
66501 46837
66501 79862
79862 20507
79862 46837
79862 66501
20508 29207
20508 82365
20508 95329
20510 32163
20510 47367
47367 20510
47367 32163
20513 40272
20513 63555
20513 78042
40272 50519
40272 63555
63555 40272
78042 40272
78042 63555
20515 82929
20521 77731
20524 91255
91255 30852
20525 73648
20527 63578
63578 20527
20529 93401
20531 48033
48033 20531
20536 96726
20537 88202
20537 95756
20539 89800
20539 93853
20540 23899
20544 77015
20547 32163
20547 48888
20547 86236
86236 20547
86236 32163
86236 48888
20555 70061
20556 17594
20557 54147
20558 18569
20558 20465
20558 81120
20573 77990
77990 20573
20576 63585
20576 98817
20582 29659
29659 20582
20588 32163
20588 48888
20589 38817
20589 55779
20589 55816
55779 20589
55779 38817
55779 55816
20591 13771
20592 61843
20595 55122
20598 23490
23490 20598
20600 64639
40780 19268
40780 20603
40780 66029
20610 42241
20610 73500
42241 73500
73500 42241
41934 20612
99929 20612
99929 29228
99929 96937
20614 29545
20614 62035
20615 10158
20615 49119
20619 36197
31637 9791
31637 73590
31637 80750
31637 82797
20624 40750
20625 30113
20625 94430
30113 20625
30113 94430
20626 20403
20627 38705
38705 20627
20630 29627
29627 20630
20634 54361
20635 86624
20636 48986
20636 97187
20637 22550
20639 6444
20639 52416
20639 59222
20639 63013
20641 65897
20641 78418
65897 78418
78418 65897
20643 84646
84646 69059
84646 91133
20645 3611
20649 19800
20649 32299
32299 20649
20656 59788
20663 23352
20663 51326
20663 66464
23352 15780
23352 51326
23352 66464
51326 23352
51326 66464
66464 23352
66464 51326
20667 99719
20670 49057
20674 82206
20674 83150
20674 91399
82206 31576
83150 82206
83150 85412
91399 20674
91399 51622
91399 82206
91399 83150
20676 43637
20676 65888
20677 86989
20678 92202
92202 20678
20679 69995
69995 20679
20685 75313
75313 20685
20687 37745
37745 20687
20692 3349
20692 88576
20692 92567
88576 58989
88576 92567
92567 58989
92567 88576
20694 69628
20695 21682
20695 90728
20696 12304
20698 23005
20713 21383
20713 27497
20716 5864
20720 11535
20721 45608
45608 20721
93595 20722
20724 60964
20724 90705
90705 30859
20730 57606
20733 21256
20733 26469
20733 59116
20733 74101
20733 90074
21256 20733
21256 26469
21256 59116
21256 74101
21256 90074
26469 20733
26469 21256
26469 59116
26469 74101
26469 90074
59116 20733
59116 21256
59116 26469
59116 74101
59116 90074
74101 20733
74101 21256
74101 26469
74101 59116
74101 90074
90074 20733
90074 21256
90074 26469
90074 59116
90074 74101
20737 17412
20743 56485
56485 20743
20744 14490
20744 41299
20744 77106
20744 88970
20746 30982
20753 16332
20753 72636
20753 94377
94377 16332
94377 20753
94377 72636
20756 66375
20758 12793
20758 54147
20759 24125
20759 67312
24125 20759
24125 67312
67312 20759
67312 24125
20761 92604
20761 99620
99620 92604
20762 71239
20766 71906
20766 90741
71906 20766
71906 90741
90741 20766
90741 71906
20769 32163
20771 41909
56814 42705
20776 25444
25444 20776
20799 34167
34167 20799
20800 54099
20806 85372
20809 42458
20815 55429
55429 20815
55429 29425
55429 64628
55429 97483
20821 92019
20826 70923
20832 45517
20832 71441
45517 20832
45517 71441
71441 20832
71441 45517
20835 73454
73454 20835
20836 61315
20838 67634
20839 32192
20839 98817
32192 98817
20840 92311
20843 93460
20846 47387
47387 20846
20847 29821
20847 64838
20847 96481
20848 94247
94247 32616
20857 1536
20859 41125
20859 53079
20862 57136
20862 70061
20862 73821
57136 20862
57136 70061
73821 70061
20865 12115
20865 69326
20867 65856
65856 80561
20869 76768
20871 32163
20871 48888
20874 18792
20874 50018
20877 85372
20878 61232
20887 17784
20887 18635
20887 52557
20902 13766
20904 68465
20906 49987
20909 61527
20911 7314
20913 15143
20919 26701
20919 63200
63200 98429
20920 65550
20921 8316
20921 26022
20925 88515
20927 33098
20929 28759
20929 66064
66064 31393
20934 75841
20938 96197
20939 30109
30109 20939
20944 31074
31074 20944
20945 2057
20956 34431
20958 40319
20962 73545
20962 96668
73545 20962
73545 96668
96668 20962
96668 73545
20966 60764
20971 676
20971 47369
20974 54147
20974 94583
94583 54147
20975 32163
20975 48888
20978 55007
20978 59799
20981 95155
20982 17415
20982 34113
20982 81417
20983 81328
20984 96240
20992 54258
20996 86394
21000 7996
21001 46251
21003 93607
21008 55359
21008 85994
21010 31277
21011 29233
21018 47912
21019 93809
21020 48976
21020 69933
21021 8632
21021 9539
21024 86084
86084 31961
86084 75025
21029 59654
21031 81083
81083 21031
21034 51040
21034 68465
21038 54361
21040 73590
21046 50413
50413 21046
21047 69212
21049 58112
21049 71408
21050 34410
21050 65313
34410 65313
21053 38808
21054 82102
21055 12982
21057 33477
21057 39312
39312 33477
21061 97719
21064 7916
21064 65826
21064 72305
65826 42488
21065 63359
21068 87146
21069 2072
21075 8881
21075 23666
21078 95610
21081 97781
97781 18061
97781 91827
21085 47326
21092 71465
21099 44440
44440 81320
21101 86299
21108 74397
21110 32011
32011 21110
21111 12867
21111 91197
91197 12867
91197 21111
21117 3054
21122 89289
21123 54147
21132 51970
51970 21132
21137 36292
21144 13899
21145 38472
21145 95440
38472 26852
38472 34258
95440 21145
95440 26852
95440 34258
95440 38472
95440 55124
21148 8316
21162 36292
21162 78392
78392 21162
78392 36292
21164 28378
21166 28483
21170 7314
21170 97529
21181 15910
21183 41909
21184 1167
21184 67197
21184 70615
21184 74925
21197 52864
21197 82387
21202 51230
21205 17888
21209 36292
21209 51244
51244 36292
21210 65268
65268 21210
21215 80597
80597 21215
21218 72457
21219 45425
21223 5314
21224 62680
21228 93529
21234 58763
21239 51169
51169 21239
55233 27712
55233 39713
55233 45726
55233 81426
21249 33654
21249 75155
21249 85092
21249 94666
33654 21249
75155 21249
85092 21249
94666 5092
94666 21249
21252 14349
21254 88858
21260 23749
21260 32719
21260 40569
21260 52834
21260 75564
21260 76012
32719 21260
32719 23749
32719 40569
32719 52834
32719 75564
32719 76012
40569 21260
40569 23749
40569 32719
40569 52834
40569 75564
40569 76012
52834 21260
52834 23749
52834 32719
52834 40569
52834 75564
52834 76012
75564 21260
75564 23749
75564 32719
75564 40569
75564 52834
75564 76012
76012 21260
76012 23749
76012 32719
76012 40569
76012 52834
76012 75564
48014 21262
48014 50518
61217 16332
61217 62162
61217 94162
62477 21262
62477 50518
42467 21266
42467 94657
44908 1301
44908 21266
44908 94657
67637 21266
67637 94657
89523 21266
89523 94657
41012 21267
21269 2511
21269 35230
21269 55107
21274 79809
21276 6111
21277 87322
21279 35553
21279 61315
35553 61315
21285 1167
21285 67197
21285 70615
21285 74925
21289 57520
21291 15883
21292 3477
21292 34011
21292 42314
21292 71644
42314 21292
42314 34011
42314 71644
21296 8773
21296 23894
21296 40779
21298 86078
21299 97455
97455 21299
21310 47937
21310 81981
21312 13808
21322 53018
21323 49987
21325 69119
21327 7314
21329 49286
21329 69989
49286 21329
49286 69989
69989 21329
69989 49286
21331 35512
21333 30837
21333 53594
21335 943
21339 54672
21339 83952
54672 21339
54672 83952
83952 21339
83952 54672
21342 96196
21346 45062
45062 21346
21349 91696
21351 49757
21351 51376
49757 21351
49757 51376
51376 21351
51376 49757
21355 6658
21356 87440
21356 96090
21358 28774
21361 7092
21361 82246
21366 41909
21368 62381
21370 29433
21370 51061
21370 69310
21371 18509
21373 80830
21375 12218
21375 31746
21379 68825
21391 46011
21392 76139
21392 77849
21398 67751
21399 44708
21401 64265
21404 32163
21404 48888
21405 42244
21405 52311
21405 84522
21407 38702
21411 94879
21414 5544
21414 59140
59140 5544
21415 43533
21418 40465
21419 78575
78575 21419
21423 4170
21423 30279
21423 34795
21423 36413
21423 72258
30279 21423
30279 34795
30279 36413
30279 72258
34795 21423
34795 30279
34795 36413
34795 72258
72258 21423
72258 30279
72258 34795
72258 36413
21425 18680
21427 1826
21429 32037
21429 76549
32037 21429
32037 76549
21433 74678
74678 21433
21438 97810
97810 21438
21440 30610
21440 95941
21444 16341
21446 7596
21446 69083
21452 74397
21454 74583
21462 7314
21463 79551
79551 21463
21466 74593
74593 21466
21473 96059
21474 74808
74808 47796
21475 70357
21477 99361
21478 75664
21481 25186
25186 12428
25186 27243
21484 5427
21484 81419
21487 99818
99818 21487
21488 25088
21488 57126
21488 68055
25088 21488
57126 21488
68055 21488
21492 72103
21493 42798
21495 85225
85225 21495
21498 8316
21499 72421
21500 10254
21503 8316
21507 89774
89774 21507
21508 88639
21514 83490
83490 21514
21517 80726
80726 21517
21524 4655
21524 52227
21524 78601
52227 1067
52227 12562
52227 21524
52227 76694
21527 92218
21528 52999
21528 63167
21528 99137
52999 21528
52999 23891
52999 63167
52999 99137
63167 21528
63167 23891
63167 52999
63167 99137
99137 21528
99137 23891
99137 52999
99137 63167
21530 93809
21531 6601
21531 44376
21531 91035
21531 95754
21535 16266
21549 23526
21549 50401
21550 57791
21563 87809
21568 6692
21568 36122
21571 56143
21571 76524
56143 21571
56143 76524
76524 21571
76524 56143
21573 58000
58000 21573
21579 7314
21579 65987
21579 79760
79760 7314
79760 21579
21580 45710
21580 75458
45710 21580
45710 75458
75458 10891
75458 32704
75458 54993
21583 58801
21585 4338
21585 60540
21585 98117
60540 50394
98117 54664
21588 2917
21588 60425
21588 71963
71963 2917
71963 50373
71963 60425
21597 19251
21599 41109
41109 21599
41109 47064
21608 32599
32599 21608
21609 71765
21609 86057
71765 54600
71765 93409
86057 21609
21616 66533
66533 21616
21622 49629
21632 19572
21632 41299
21632 88970
21633 23741
21633 28869
21633 57563
23741 29620
23741 55528
28869 8626
28869 84522
21634 5575
21634 42184
21640 95269
21643 41909
21643 59836
59836 41909
21645 18392
21646 55190
21650 70117
70117 21650
21659 42725
21659 63357
21662 67757
21678 43907
21689 33001
21689 37785
21689 62254
21689 74716
21689 86696
33001 21689
33001 37785
33001 62254
33001 74716
33001 86696
37785 33001
37785 62254
37785 65566
37785 74716
37785 86696
62254 88392
74716 33001
74716 37785
74716 62254
74716 86696
86696 33001
86696 37785
86696 62254
86696 74716
21693 23077
21701 77
21701 74813
74813 77
21704 48539
21706 38784
21706 48085
38784 48085
21710 42469
21712 27843
21712 73638
21712 85315
73638 21712
85315 13547
21713 49845
21715 62935
62935 21715
21717 78519
21717 98770
78519 21717
78519 98770
98770 21717
98770 78519
21718 80895
21718 92604
80895 92604
21723 34312
21723 53357
21723 64562
53357 19907
53357 30638
53357 34312
53357 64562
64562 30638
64562 34312
64562 53357
21724 87057
87057 21724
21725 39083
39083 21725
21726 35346
21729 87550
21737 67751
21738 32163
21738 48888
21744 7314
21745 9810
21746 82114
21751 16631
21751 66028
21753 96842
96842 21753
21756 9142
21756 16868
21756 37309
37309 9142
37309 16868
21757 61584
21766 45750
21771 36464
21771 91322
21772 22231
21772 50950
22231 66917
21776 5222
21776 94795
21777 89206
21777 96197
21778 62670
21785 34046
21788 66848
66848 21788
21789 6771
21791 36206
21792 54156
21792 83216
54156 83216
21793 56783
21793 62466
56783 21793
56783 62466
21802 78244
21802 95323
21804 32163
21804 48888
21808 40272
21808 63555
65754 21812
21813 90718
21815 53382
21817 77741
77741 21817
21818 36848
21818 83036
36848 21818
36848 83036
83036 21818
83036 24021
83036 36848
83036 60985
21821 95681
21822 51040
21822 61329
21822 68465
21826 10724
21826 82820
21838 71693
71693 21838
71693 50257
21846 630
21846 14032
21846 83251
21849 74397
21851 48733
21854 74885
21855 60399
21856 65252
65252 21856
21858 93037
93037 21858
21865 23454
21865 89854
23454 32361
23454 89854
89854 49349
21867 21247
21871 1500
21871 94344
21872 82718
82718 21872
21873 72307
72307 89004
21875 37796
37796 21875
21880 4216
21880 46316
21881 37155
37155 36744
37155 70502
37155 83045
37155 92854
21886 78486
21887 87775
21893 39924
39924 21893
39924 27007
21896 64644
21896 75574
21896 94430
64644 21896
64644 66168
64644 94430
75574 64644
75574 94430
21898 5766
21902 50732
21905 22751
21909 6111
21910 56708
21910 67537
56708 48411
21915 66392
21920 31556
21920 74397
31556 74397
21929 3817
21930 74397
21931 63463
21934 41354
21937 40099
40099 21937
21945 43844
43844 57310
21955 20256
21974 41909
21974 73696
21986 8316
21986 25331
21986 80120
21986 85398
21986 87561
80120 8316
87561 85398
21990 85685
85685 21990
21993 52717
21993 74601
21993 93383
93383 47621
93383 74601
21994 48845
21996 20613
21998 4552
22000 79050
22001 83216
22002 2741
22003 933
22003 34018
22009 24097
22010 49519
49519 73830
22016 83542
83542 4230
83542 22016
83542 24101
83542 76242
83542 92387
22018 35230
22018 55107
22024 51040
22024 68465
22025 6111
22026 1536
22029 72765
72765 22029
22030 53294
22030 61983
22030 73521
22030 82338
53294 22030
53294 73521
61983 73521
82338 58260
82338 73521
22031 32716
22031 50402
22031 78363
32716 22031
32716 50402
32716 78363
78363 50402
22032 38275
22034 65808
22044 57479
22044 59681
59681 57479
22049 26600
22051 69975
22051 83687
69975 22051
69975 83687
83687 69975
22054 7884
22054 74639
22055 36292
22055 57021
57021 36292
22057 94291
22058 8881
22058 23666
22058 70081
70081 8881
70081 22058
70081 23666
22060 72856
22064 32624
22070 21474
22070 60336
22070 68703
22070 75498
22070 85683
22070 87352
60336 46531
68703 74808
85683 27716
85683 60336
22072 10618
22072 28273
22073 56196
22073 91035
56196 22073
56196 89720
56196 91035
22078 88940
22086 49267
22086 52170
49267 75418
52170 22086
52170 49267
22088 61315
22092 74583
22093 17162
22093 42218
22099 80052
80052 22099
22106 36292
22114 98056
22122 58772
22122 80741
58772 80741
22123 14413
22123 74929
22124 43222
22124 79318
43222 38517
31076 13809
31076 22128
31076 25410
31076 32921
31076 35459
31076 56251
31076 68699
31076 71633
34013 13809
34013 22128
34013 25410
34013 32921
34013 35459
34013 56251
34013 68699
34013 71633
63743 22128
63743 34013
85901 13809
85901 22128
85901 25410
85901 32921
85901 35459
85901 56251
85901 68699
85901 71633
22129 10584
22129 19363
22131 57246
57246 22131
22138 8996
22140 81306
22141 24966
22141 97719
24966 22141
24966 97719
22143 9533
22143 72236
22143 80626
22143 87129
22143 90316
72236 9533
72236 22143
72236 80626
72236 87129
72236 90316
87129 90137
90316 9533
90316 22143
90316 72236
90316 80626
90316 87129
22145 32163
22145 48888
22149 99263
22150 23086
22151 25532
22151 35388
25532 57519
22153 98397
22156 29783
22158 65866
22158 90523
65866 59486
65866 90523
90523 65866
22161 10475
22161 35570
22161 72357
72357 10475
72357 22161
72357 35570
22162 8166
22162 37433
22164 40898
22165 47326
22166 58689
22166 82406
58689 22166
58689 82406
82406 58689
22167 55007
22176 74397
22178 59734
22178 92682
59734 22178
22184 7314
22184 28214
28214 7314
28214 56456
28214 96974
22186 21039
22186 25412
22186 38219
25412 5766
25412 21039
38219 22186
38219 25412
22189 5339
22189 55254
22189 64554
22192 21682
22193 67366
67366 22193
67366 59714
22203 4625
22203 14226
22203 41212
22203 63661
22203 78040
22203 78602
63661 68500
22204 78814
78814 22204
32281 22205
22206 43915
43915 22206
22209 36295
22211 40156
22211 64432
40156 22211
40156 64432
23862 57791
23862 68488
22214 39813
39813 22214
22216 85495
22220 94657
22221 63911
22223 41814
41814 22223
22228 35763
22228 67498
35763 67498
67498 33776
67498 90615
22229 23867
22229 24676
22229 75771
23867 22229
23867 24676
23867 25898
23867 75771
24676 22229
24676 23867
24676 75771
75771 22229
75771 23867
75771 24676
66917 39013
66917 72604
22236 9533
22236 71765
22236 80626
22237 31998
22237 71568
31998 22237
31998 71568
71568 22237
71568 31998
22238 28479
22238 91349
22245 3822
22247 67197
22252 98417
22255 42441
22255 49335
22255 49723
49335 22255
22257 25072
22259 89106
89106 22259
89106 24278
89106 92099
22261 90912
90912 22261
90912 97116
22264 46314
22270 17590
22279 61373
22282 55457
22282 68603
68603 22282
68603 55457
22283 24584
22283 92615
24584 92615
92615 24584
92615 94439
22290 22007
22291 45425
22295 84427
84427 16330
84427 48865
22300 49624
22301 53820
53820 22301
22306 84847
87415 22309
22312 79754
79754 1037
79754 32056
22314 90791
22316 54571
22316 83128
83128 38576
22320 60543
22320 94106
94106 22320
94106 60543
22322 54895
22334 61511
22335 11780
22335 53964
22336 70612
22337 47492
22337 63741
47492 63741
22340 8345
22340 17551
22340 43017
22340 87890
22346 45539
22346 46901
22346 87851
46901 44433
87851 51987
22348 29434
22349 69096
22352 8316
22359 83250
22360 47212
22360 69976
47212 22360
47212 69976
69976 22360
69976 47212
22364 7884
22364 74639
22364 92511
22365 36971
36971 22365
22367 87795
87795 22367
87795 47724
22370 32163
22370 48888
22370 88310
22375 41909
22378 8779
22409 33531
33531 1420
22415 3038
22415 20922
22415 57227
22419 18192
22419 84654
22419 86600
22422 86488
22423 75130
75130 50279
75130 73605
22425 59971
22433 22138
22433 29216
22433 57791
22433 84872
29216 22138
84872 22433
84872 48006
84872 57791
22436 3382
22436 26362
22439 25631
22439 53059
25631 22439
53059 22439
22440 35768
22440 67101
35768 22440
35768 67101
67101 22440
67101 35768
22441 83546
83546 22441
22452 41543
22452 96399
22453 58540
22454 71633
22457 3611
22459 28136
22459 47084
28136 10878
28136 22459
28136 47084
28136 67935
47084 22459
47084 28136
22461 1532
22461 24126
22461 96298
22461 97436
24126 1532
24126 22461
24126 96298
24126 97436
22464 23642
22464 31746
22468 27946
27946 84581
22469 91787
22471 27380
22472 53355
22474 3963
22474 15510
22476 54147
22481 51040
22481 68465
22484 56472
56472 22484
22486 32317
22487 36292
22487 69242
69242 36292
22498 27254
22498 81886
27254 81886
81886 27254
22505 52335
22507 8746
22507 90493
22512 85372
22515 75131
22515 89270
22516 1532
22516 11683
22516 91228
22516 96298
22516 97436
22521 36292
22523 9573
22527 37023
22531 68825
22532 74397
22534 54147
22534 58323
22536 93812
22537 12113
22537 15680
22537 89829
22537 95085
41693 22538
41693 45195
45195 22538
45195 41693
22539 26812
22542 36319
36319 1857
22546 52524
52524 22546
22547 76768
22549 35346
22551 6051
22551 20890
22552 46547
22552 67874
46547 78744
22558 26675
22558 54389
22558 76900
54389 76900
76900 54389
22560 54087
22560 79797
54087 79797
79797 54087
22561 98560
22562 78019
22570 93835
93835 22570
22572 62370
22572 79181
22572 83214
22572 96110
79181 22572
79181 83214
79181 96110
83214 22572
83214 79181
83214 96110
96110 22572
96110 79181
96110 83214
22576 98649
98649 22576
22577 55851
22577 57057
22577 99945
55851 22577
55851 99945
57057 22577
57057 99945
99945 22577
22579 52563
22580 75061
75061 22580
22588 93170
22590 41909
22591 57752
57752 22591
22597 65326
22598 41909
22598 45822
45822 41909
22601 36633
22602 25637
22602 84522
25637 84522
22607 47662
47662 22607
22608 8316
22609 58861
22610 1826
22613 43456
22625 52679
22630 7235
22630 60362
60362 16706
60362 33798
60362 35589
60362 60368
60362 84992
22632 26158
26158 22632
22635 37146
22646 28217
22646 28367
22646 42436
22646 62369
28217 22646
28217 28367
28217 42436
28217 62369
62369 22646
62369 28217
62369 28367
62369 42436
22651 5314
22652 30635
30635 22652
22653 44296
22653 62367
22653 92291
92291 62367
22659 94430
22661 23308
22661 35555
22661 72517
22666 63979
22666 68041
22666 78132
68041 41909
78132 41909
22667 36212
22667 71429
36212 71429
36212 76008
36212 91471
22669 58806
58806 22669
22670 6111
22676 32163
22679 69645
22680 51040
22680 68465
22684 89426
22685 13595
22691 41909
22691 71325
22691 79603
79603 22691
79603 41909
79603 71325
22695 32163
22695 96678
96678 22695
96678 32163
22696 58801
22705 15294
22705 49775
49775 15294
49775 22705
22707 86508
22714 36292
22714 77049
77049 36292
22717 16868
22717 17297
22717 40536
40536 16868
40536 17297
40536 22717
22724 49608
22724 51760
22724 93690
49608 22724
49608 51760
51760 22724
93690 22724
93690 51760
22728 9597
22728 41909
22728 60980
22732 41331
22732 90092
22733 29938
22733 46701
22733 56879
56879 22733
56879 29938
56879 46701
22736 57274
22748 11639
22748 61622
22749 70469
29851 17779
22760 96408
22762 77509
22766 61322
61322 96425
22769 8646
22769 63199
63199 8646
63199 61647
22772 8979
22777 38363
22777 47480
22779 57302
22780 33320
22780 40274
22780 81991
33320 4655
33320 27936
33320 78601
40274 43342
40274 58919
40274 97430
81991 33320
22781 46126
46126 22781
22785 24894
22787 80295
80295 39190
22792 16244
22792 60876
22793 57040
57040 22793
22798 94657
22801 41909
22801 53834
53834 22801
53834 41909
22802 65873
22803 1536
22807 59684
59684 22807
22808 69316
69316 2912
22812 32163
22814 41909
22814 71325
22816 16868
22816 48667
22818 82685
22819 10932
22822 58017
22822 84654
22823 72009
72009 82328
22834 93783
22838 54147
22846 165
22855 50304
22857 50831
22858 68145
22859 47904
22864 84529
22867 41909
22867 45822
22870 22128
22870 46840
22870 71633
60760 22879
85209 22879
22881 67624
22885 70173
22885 75348
22887 22007
22887 80868
80868 22007
80868 22887
22888 72431
72431 22888
22897 66747
22898 73311
73311 22898
22900 34169
22900 62457
22901 19596
22902 34768
34768 22902
22904 19662
22904 60424
22904 76788
22906 58765
22908 976
22908 62078
22909 73651
73651 22909
73651 52974
22910 25510
25510 21196
22914 44075
22916 36005
22916 77972
36005 22916
77972 22916
22921 50560
22921 72704
50560 22921
50560 72704
72704 22921
72704 50560
22922 20563
22933 41909
22940 65827
22940 92692
92692 22940
92692 65827
92692 68804
22954 91772
91772 22954
91772 63529
22958 41909
22958 73696
22959 9810
22962 24423
22962 45703
22964 89185
22976 75342
22979 21345
22980 9428
22980 58913
22980 63116
22980 98939
58913 9428
58913 22980
58913 63116
58913 98939
63116 9428
63116 22980
63116 58913
63116 98939
98939 9428
22982 92953
92953 52440
22983 65626
22986 54260
22988 52492
22996 50732
22999 4292
22999 7083
22999 98789
98789 91787
23000 26763
23000 43788
26763 23000
43788 23000
23004 75793
75793 23004
23008 84240
84240 23008
23009 97283
23022 85281
85281 23022
23023 57524
23027 34849
23027 84994
23028 56573
23031 93529
23032 91933
23044 82315
23045 83702
23046 37107
23050 45425
23053 19508
23055 77171
77171 23055
77171 66352
23056 54789
23059 74397
23060 7314
23060 66289
23060 68123
68123 7314
68123 23060
68123 66289
23063 42806
23070 2825
23070 50192
23070 66364
23070 67845
23072 74822
23074 57596
23079 40474
23079 60343
60343 23079
60343 40474
23080 24788
23080 30837
23082 74397
23082 91228
23083 28567
23083 66857
23085 74256
38612 23089
38612 61340
61340 23089
61340 38612
23092 50204
23096 11443
68656 23097
23102 57071
57071 46374
23103 76132
23103 99932
76132 23103
76132 99932
99932 23103
99932 61552
99932 76132
23105 64866
23105 94657
23107 7539
23117 18646
23119 284
23119 9088
23122 41909
23127 78399
23127 86280
77982 23129
23134 86965
23140 86394
23147 67051
23152 39805
23152 48976
23154 65773
23156 3958
23156 15263
23156 32163
23156 48888
23156 79367
23156 86526
23160 80484
23167 37653
37653 23167
23173 69924
23176 58255
58255 41558
23184 91038
23185 73788
23185 74403
74403 23185
74403 73788
23186 47792
23186 73788
23186 94642
47792 23186
47792 73788
47792 94642
94642 23186
94642 47792
94642 73788
23187 6439
23187 62272
23187 70166
62272 3058
62272 46531
23190 28783
23190 31627
23190 44381
28783 23190
28783 31627
28783 44381
23195 49717
23200 22128
23201 8743
23201 33008
23205 29992
23206 69053
69053 23206
69053 35864
23208 521
23212 54701
54701 23212
23213 22128
23216 42591
23217 96327
23217 98063
23218 8979
23218 56587
56587 8979
56587 23218
23219 3497
23219 64558
23219 85292
23220 80770
23220 97977
80770 23220
80770 97977
23224 26279
23225 63354
63354 23225
23237 85681
23238 41909
23253 12274
23254 2483
23259 8731
23259 10777
23262 17865
23262 21682
23262 73711
23262 76444
23262 80655
23276 90139
90139 23276
23277 56011
56011 23277
23281 67931
67931 23281
23282 54789
23284 70875
23285 13505
23285 87899
23285 99379
23288 64489
23288 86394
64489 23288
64489 86394
23294 20256
23300 47898
47898 23300
23303 74090
23303 96517
74090 23303
74090 90693
96517 23303
96517 74090
26467 23305
64247 48865
64247 89749
23316 91576
91576 51988
23324 36104
23324 43601
23324 50732
23324 59552
23324 73930
23324 78369
59552 50732
59552 60357
73930 25259
73930 50732
23330 93624
23334 52008
23335 70402
70402 23335
23336 30724
30724 23336
23337 41299
23337 88970
23341 42622
23341 60893
23341 90198
42622 23341
42622 60893
42622 90198
60893 23341
60893 42622
60893 90198
90198 23341
90198 42622
90198 60893
23342 32163
23342 55153
23342 63332
55153 32163
55153 63332
23345 41718
41718 23345
41718 28778
23347 32163
23350 55879
23360 84917
23367 17889
23367 30993
23367 74397
23376 45425
23386 45425
23400 81745
23402 31393
23402 99244
99244 45904
23405 44974
23408 44871
23408 57791
23408 66853
44871 57791
66853 23408
66853 57791
23417 35826
34055 23422
81683 23422
23428 10777
23434 78478
78478 23434
23435 12584
23435 25219
25219 23435
23438 12435
23438 14334
23439 57827
57827 23439
23440 23423
23442 8316
23446 1107
23446 84774
23448 38753
23448 91296
91296 38753
23451 62621
23451 86327
23451 88893
62621 23451
62621 86327
62621 88893
86327 23451
86327 62621
86327 88893
88893 23451
88893 62621
88893 86327
32361 23454
23455 81643
81643 22746
23459 54147
23462 32163
23471 70388
23475 24153
24153 23475
23478 54147
23486 59788
23493 3522
23493 83303
23506 41213
23506 66509
66509 41213
23507 42343
23507 62258
23510 44487
23510 75007
44487 35962
23511 40851
40851 24309
40851 53596
23518 49425
23518 56176
23518 84096
23524 72103
23527 32923
32923 23527
23533 54359
23535 32418
23535 66405
32418 23535
66405 23535
23537 7340
23546 44510
23549 16868
23550 47391
23551 81927
23551 94145
81927 23551
81927 94145
94145 23551
94145 81927
23566 88920
88920 23566
23571 943
23594 3054
23596 78398
23596 93831
78398 93831
93831 78398
23601 4321
23601 7975
23601 40442
23602 1398
23605 66289
26523 20568
26523 23606
26523 87522
23608 48986
23608 97187
23609 9649
23609 39541
23609 49371
23621 65616
65616 23621
23628 86719
23630 3199
23630 29021
23630 30139
23630 94700
23632 84654
23633 48976
23634 62679
23636 7314
23637 67982
67982 23637
23641 85409
23644 33770
23644 41317
23644 59673
41317 23644
41317 33770
41317 59673
59673 33341
23645 14235
23645 19759
23645 22128
23647 82732
23647 85312
82732 23647
82732 85312
85312 23647
85312 82732
23650 36332
23650 68499
36332 23650
36332 68499
68499 90313
23651 35573
23651 42487
23651 50206
23654 96072
23655 51399
23662 27412
23662 91736
23662 99192
23664 50486
23664 91734
81115 8881
81115 23666
23671 93305
23673 32701
23675 49021
23678 61511
23685 7378
23693 80023
23693 96380
96380 34411
23697 24284
23697 88664
88664 9533
23700 32163
23702 40508
23705 34384
23708 78075
23709 47018
47018 23709
23710 15759
23712 11013
23712 54359
23712 56821
56821 11013
56821 54359
23714 26166
26166 23714
23727 90591
90591 23727
90591 43203
23728 32688
32688 23728
23730 12076
23730 47785
23730 53854
23730 85583
47785 85583
23736 92139
23737 76457
76457 68825
23742 27583
23745 42469
23746 66542
66542 23746
66542 93906
23751 73590
23753 45391
45391 22530
45391 35143
45391 36646
45391 46642
45391 60574
23754 69868
23758 4861
23765 73589
23769 98063
23772 74035
23772 86299
23775 84440
23780 71799
23780 87469
71799 23780
87469 23780
23782 38436
23783 22310
23783 63885
23783 77411
23783 95648
63885 23783
23788 18953
23788 31652
31652 10024
31652 18953
31652 23788
31652 27598
31652 64679
23790 36657
36657 23790
23801 2519
23801 51208
51208 2519
29288 23804
70440 23804
23809 86260
23814 7596
23814 69083
23816 54147
23817 45425
23819 25632
23819 48364
23819 81455
23819 89977
48364 23819
48364 25632
48364 81455
48364 89977
81455 23819
81455 25632
81455 48364
81455 89977
23821 45425
23822 7314
23825 40773
23825 74523
23828 69070
23828 76768
23829 51151
23830 2723
23837 4635
23837 29459
23840 56872
23840 61385
56872 61385
61385 56872
23844 32165
23844 94315
32165 23844
32165 94315
94315 23844
94315 32165
23849 87755
87755 23849
23851 60325
60325 23851
23852 3170
23852 20514
23856 91812
91812 23856
91812 34525
23857 53139
55728 23858
23859 43000
23859 52353
43000 23859
23861 64476
23861 86297
23861 96263
64476 73881
86297 3541
86297 23861
23865 80946
80946 23865
23866 28125
25898 28679
25898 65179
23869 32163
23869 48888
23870 41909
23877 70061
23878 44982
44982 73515
44982 89516
23883 7314
23889 66392
23890 10475
23890 35570
23890 58354
58354 10475
58354 35570
23891 21528
23891 52999
23891 63167
23891 99137
23892 18520
23892 34215
23892 62831
62831 18520
62831 23892
62831 34215
23893 26700
23893 26705
23893 86078
26700 50080
26705 86078
26705 89111
23898 13479
23898 32163
23898 48888
23906 57604
23911 94799
94799 23911
23912 33123
23912 46451
23914 5650
23915 26964
23919 91493
23922 16930
23924 41909
23925 80741
23927 40775
23928 22118
23928 72681
23928 94140
23934 24877
23934 73233
24877 23934
24877 73233
73233 23934
73233 24877
23938 68465
23943 12613
23947 84215
23948 24415
23948 24758
24415 23948
24415 24758
24758 23948
24758 24415
23951 48585
23952 36493
36493 36953
36493 44403
23957 42564
42564 23957
23963 79050
23964 36292
23965 54787
23965 64956
54787 64956
64956 54787
23967 41909
23969 9533
23969 27264
23969 37698
23969 58030
23969 88062
88062 9533
88062 48307
88062 53029
23975 99036
23977 52430
23977 56161
52430 23977
52430 56161
56161 23977
56161 52430
23979 65842
23979 84439
65842 23979
65842 84439
23980 69868
23981 64333
23981 83737
23986 27496
23986 79137
23986 93172
79137 43225
93172 8713
93172 23986
93172 27496
23995 236
23995 6149
23995 7034
23995 22236
23995 31657
23995 42379
23995 45760
23995 51116
23995 52219
23995 86152
23995 88664
31657 9533
31657 80626
23996 24689
23999 54690
23999 73497
54690 23999
54690 73497
73497 54690
24002 49657
24002 65231
24002 77942
65231 24002
65231 69230
24005 67197
24006 97326
24007 89121
89121 24007
24008 54147
24009 49324
24009 59901
49324 59901
59901 49324
24017 15919
24017 61115
24023 3108
24023 68948
24023 76065
24024 1876
24024 19043
24024 45399
24029 37416
37416 24029
24032 44918
24033 20931
24038 94786
24041 54826
24042 54206
24042 79157
54206 24042
54206 79157
24044 92908
92908 24044
24049 41909
24050 45894
24050 74202
74202 37602
24053 17163
24055 9312
24059 77547
24063 43092
97653 24066
97653 36197
97653 55818
97653 68385
24067 35061
24075 65183
24076 27825
24077 32163
24079 2378
24082 83641
24085 4864
24092 11535
24092 38349
38349 11535
38349 24092
24093 88858
24096 4547
24101 83542
24102 59477
59477 24102
24104 63880
24104 96209
24104 98197
63880 24104
63880 96209
63880 98197
96209 24104
96209 63880
98197 24104
98197 63880
98197 96209
24108 8316
24109 46543
46543 24109
24110 30309
24113 57791
24119 5921
24119 35346
24123 75611
24128 1532
24128 96298
24128 97436
24129 54147
24131 9533
24131 16218
24131 80626
24137 74397
24138 25233
25233 24138
24140 16868
24140 86547
86547 16868
86547 24140
24141 7321
24151 8329
24151 13073
24151 59448
24151 61820
24151 78021
24151 78516
78021 85188
78021 86474
78516 83680
24154 49987
24154 65801
24160 38631
38631 24160
38631 66793
24161 39364
24172 12016
24174 64624
24176 78929
78929 65935
78929 98627
24178 20169
24194 58779
58779 24194
24195 83080
83080 33871
83080 71937
24198 20011
24198 71054
99079 16868
99079 88178
24203 71970
24203 90066
24205 68825
24205 71874
71874 46531
71874 78824
71874 96034
24206 33905
24206 91577
24206 95338
33905 24206
33905 91577
33905 95338
91577 24206
91577 33905
91577 95338
95338 24206
95338 33905
95338 91577
24207 47168
24211 70404
70404 50207
70404 72880
24213 94014
94014 69733
24217 21154
24220 11559
24220 31430
24220 34630
24220 44688
24220 59575
24220 63888
24220 66287
24220 68599
24220 90106
31430 24220
31430 44688
63888 92066
63888 94657
68599 11559
90106 84774
24224 85105
85105 24224
24225 58672
58672 24225
24227 18434
24227 92970
24236 48646
24237 63357
24237 65869
24238 22790
24238 54488
24239 87262
24241 94291
24243 32007
24245 31068
31068 55250
31068 98530
24247 56396
24250 28588
24253 24947
24947 24253
24262 8397
24262 96024
96024 75457
24272 95736
24277 13766
24278 89106
24283 59788
24285 33198
24294 37463
37463 24294
24297 13565
24298 6211
24300 46603
24306 22204
24306 78814
24308 28874
24308 47356
24308 60849
24308 80852
24308 91563
24308 93482
91563 24308
91563 28874
91563 47356
91563 60849
91563 80852
91563 93482
24315 33757
24318 59775
24322 3275
24322 69638
24324 83582
24329 33757
24331 73098
73098 24331
24332 54269
24332 83771
24332 92616
24340 41909
24340 56453
24340 69628
24340 87876
56453 41909
87876 41909
24341 1536
24344 56809
56809 24344
24349 65985
24350 57351
24351 59460
24351 72369
24351 75612
72369 59460
72369 75612
24352 75131
24352 89270
24355 66307
24357 85905
24361 8316
24370 13383
24370 49508
24370 72317
24374 50544
24378 4864
24383 343
24383 20779
24383 37545
24383 94335
24384 51692
24386 99650
99650 24386
24389 47688
24392 36228
24392 95428
24397 54132
24398 45425
24402 48376
24405 21682
24409 62680
24410 718
24410 36292
24410 78952
24420 46423
24421 61511
24421 74502
74502 24421
74502 47484
74502 92252
82695 14790
82695 22413
82695 24423
82695 45703
24424 92264
92264 24424
24425 7317
24425 71860
24425 77751
77751 7317
77751 24425
77751 71860
24433 20727
24436 56366
24436 57791
56366 24436
56366 57791
24437 18109
24437 95220
24437 96072
95220 24437
24438 90490
90490 78515
24440 29758
29758 24440
29758 56527
29758 71368
24444 35665
24444 46632
35665 24444
35665 46632
46632 24444
46632 35665
24446 30353
24446 42378
24449 15709
24449 25222
24449 36419
25222 15709
25222 36419
25222 84909
24450 53023
24452 89292
24461 28615
28615 24461
24463 50927
24464 25108
24464 52755
25108 52755
52755 11576
24468 28801
28801 24468
24469 35573
24469 42487
24469 50206
24470 2338
24470 96282
88019 24481
24485 64679
64679 58562
24490 33589
33589 24490
24491 32163
24491 48888
24492 48006
24492 57791
24501 67807
67807 24501
24518 69385
69385 42529
69385 79114
69385 96151
24519 55523
24522 11230
24523 41909
24526 74397
24527 66549
66549 55646
24532 6194
24539 84522
24541 90596
24544 72833
72833 24544
24545 18949
24546 2033
24547 9597
24547 41909
24547 60980
24548 49029
24550 55158
24550 76343
24552 52671
24555 98611
98611 24555
24557 48500
24557 90399
48500 24557
48500 90399
24561 4142
24562 32163
24562 48888
24562 89955
24564 14674
24564 27138
27138 14674
27138 24564
24566 68145
24568 11443
24568 49966
49966 11443
49966 24568
24570 97759
24572 41909
24572 80450
24580 89738
24586 6704
24589 8197
24591 81553
24594 98817
24597 56014
24605 34945
24607 21682
24607 74260
74260 36050
74260 65827
74260 67917
24608 48133
24611 49758
24612 12202
24612 47157
24612 73590
24617 67628
24617 85714
24628 24724
24630 21682
24630 83977
24642 61696
61696 24642
24644 53029
24644 80626
24644 84896
53029 80626
53029 84896
84896 53029
84896 80626
24658 97171
74721 1614
24662 23849
24673 66392
24673 96743
96743 66392
24678 44583
24678 54147
24678 64007
44583 24678
44583 54147
44583 64007
64007 24678
64007 44583
64007 54147
24679 50309
24679 87905
50309 21042
87905 21042
24680 77862
77862 24680
56173 24689
24694 77237
24694 97876
97876 24694
24696 53721
53721 24696
24699 71465
24700 65829
24701 73305
24707 11901
24708 97326
24714 34577
34577 24714
24721 57791
24726 86394
24729 62107
62107 24729
24733 16868
24736 38789
24736 43833
24737 32548
24742 54147
24745 84302
24751 6574
24751 89528
24760 479
24760 18855
24760 38453
24760 54903
24760 57791
24760 78160
24760 82192
24760 84215
24760 95342
24763 53586
24769 4131
24769 16213
24771 40183
24771 78638
24772 52714
24772 54128
24772 68911
24780 22011
24783 12958
24784 9533
24784 80626
24784 85792
85792 9533
85792 76142
85792 80626
24787 88323
24799 51614
24800 1201
24800 44702
24800 91496
24803 98652
24805 84190
24805 85928
85928 24805
85928 67764
85928 84190
24806 79270
24807 49125
24812 44570
24816 61212
24820 57528
24820 92760
57528 32650
57528 92760
92760 57528
24827 50129
24828 42948
24828 43171
42948 43171
43171 42948
24833 3170
24833 20514
24833 83192
83192 3170
83192 20514
24838 52365
24840 81242
24843 74397
24844 23306
24850 5396
24850 35220
24850 87855
24851 50093
24854 81155
81155 24854
28469 16868
28469 74816
28469 90395
74816 2039
74816 16868
74816 24873
74816 27591
74816 40865
74816 88293
74816 95100
90395 16868
90395 28469
90395 74816
24882 72835
24882 80292
24882 81624
72835 80292
72835 81624
80292 29657
80292 38454
80292 44267
80292 72835
80292 81624
81624 80292
24884 14674
24884 70940
24892 97283
24893 49497
49497 82532
24895 83452
83452 24895
83452 92267
83452 94449
24901 25519
24901 82477
24901 94134
25519 82477
82477 25519
82477 68971
24907 38177
24913 59482
24913 81454
24914 35573
24914 42487
24914 50206
24914 69432
69432 35573
69432 42487
69432 50206
24916 1536
24917 44717
44717 24917
24919 29910
29910 24919
24920 2920
24920 14578
24924 35528
24924 97677
24931 67757
24933 14672
24937 74397
24946 61527
24957 25275
24960 47252
24962 57815
24963 66814
66814 24963
66814 92433
24964 8623
24967 75987
75987 24967
24971 15005
24973 866
24977 35857
35857 24977
24982 4764
24982 36217
24982 79769
36217 4764
36217 79769
24983 60876
24994 52024
24994 98552
24995 43174
24995 66788
43174 66788
66788 43174
24997 64782
64782 59462
64782 78279
64782 88747
24999 28850
28850 24999
28850 65419
25000 94567
94567 25000
25009 43239
25013 76239
25022 37409
25023 37071
37071 25023
25033 61159
61159 48353
25036 86771
86771 25036
86771 40938
86771 55999
25043 7699
25045 69775
69775 25045
25054 4533
25054 26114
25055 62680
25058 47140
25058 97383
97383 47140
25074 61935
25074 84416
61935 25074
61935 84416
84416 61935
25077 3478
25077 83641
25079 77307
77307 25079
25080 45811
25087 9428
25089 31531
25089 35651
25089 40145
25089 45303
25089 47989
25089 49082
25089 89609
25089 96059
45303 23433
45303 25089
49082 96059
25090 17547
25090 47927
25091 66171
66171 25091
25092 78729
25093 4000
25093 44966
25093 50605
25094 280
25096 46221
46221 21262
25098 78622
25098 95231
78622 25098
78622 95231
95231 25098
95231 78622
25100 69648
25100 93829
69648 25100
69648 93829
93829 25100
93829 69648
25105 32597
25105 35952
25105 36919
25107 34971
25107 59128
25107 94991
34971 59128
34971 94991
59128 34971
59128 94991
94991 24446
25119 29654
25120 75483
25120 80232
75483 25120
75483 80232
80232 25120
25122 88763
25127 62701
25129 97321
25134 65547
25138 57528
25138 92760
25141 87829
25142 17412
25152 21682
25156 36222
36222 25156
36222 62876
25159 9810
25162 31216
31216 25162
25164 38808
25164 70881
70881 25164
70881 38808
25170 45425
25171 20279
25173 26886
25173 74801
26886 25173
26886 74801
25176 36642
25181 39298
25181 75135
39298 82490
25183 13459
25184 97326
27243 25186
25187 7664
25187 16205
25187 16550
25189 40851
25189 57902
25189 62256
57902 17753
62256 93921
25190 14005
25190 28236
25190 81412
81412 14005
81412 28236
25191 63438
25194 83435
25205 7794
25205 79776
25209 44593
44593 25209
25211 53476
25211 74397
25211 81303
53476 74397
53476 81303
81303 65996
25212 50558
25212 89786
50558 25212
50558 89786
89786 25212
89786 50558
25213 39945
25213 57351
25213 78153
39945 25213
39945 57351
39945 78153
78153 25213
78153 39945
78153 57351
25224 86299
25226 73305
25227 86621
25230 93040
25231 41299
25231 88970
25234 2668
25235 33484
25235 55697
25235 92122
25237 50732
25241 7438
25243 70061
25244 32163
25244 47823
25244 48888
25245 41909
25245 76161
25248 74397
25251 2028
25251 21682
25251 63807
63807 2028
63807 21682
63807 47110
25254 31000
25254 60480
31000 25254
31000 60480
31000 99660
25255 30965
30965 26494
30965 50772
30965 83435
30965 83998
30965 93086
25256 35579
25260 7539
25260 40179
40179 7539
25269 27496
25274 18392
25274 96938
25279 16101
25281 31491
25281 86204
31491 86204
25292 10333
25292 52819
25297 28006
25298 29212
25298 35960
29212 25298
29212 35960
25299 83216
25300 33641
25300 50530
33641 35252
25308 33543
25312 66858
25314 1515
25314 26253
25320 71343
25320 92855
71343 25320
71343 92855
92855 25320
92855 71343
25321 26285
25321 97881
26285 25321
97881 25321
97881 65653
25323 27270
25323 60353
27270 25323
27270 60353
60353 25323
60353 27270
25324 83856
83856 25324
25329 70327
25332 8748
25332 12765
25332 31867
25332 34012
25338 57537
25338 61540
25345 31383
31383 25345
25352 6092
25352 58028
25353 57497
25355 62365
25365 55580
25367 57203
25370 18408
25370 48810
48810 18408
25375 7314
25376 19073
25376 62303
62303 19073
62303 25376
25377 19915
25378 21559
25378 33083
25378 52276
25378 99422
25385 21682
25391 83628
33002 6422
33002 61880
25396 25803
25803 25396
25402 34738
34738 25402
25405 68825
25408 3344
25420 54147
25421 53741
25424 15919
25424 61115
25429 5889
25429 45644
25429 88305
45644 5889
45644 25429
45644 88305
25431 28917
28917 25431
25432 41909
25432 73696
25433 30941
25433 83444
83444 30941
25434 95587
95587 25434
25439 27640
27640 25439
25441 68637
68637 25441
25447 47262
25447 84883
25447 93277
25452 74567
74567 25452
25453 10558
25453 29022
25453 57962
29022 45536
29022 94698
57962 25453
25454 32122
25454 72155
25458 65585
25458 76066
59728 25460
25461 8545
25462 42316
42316 25462
25464 5432
25467 93570
93570 25467
25471 30615
25473 7314
25473 26292
25473 27308
25473 91319
26292 7314
26292 25473
26292 27308
26292 91319
27308 7314
27308 25473
27308 26292
27308 91319
91319 7314
91319 25473
91319 26292
91319 27308
25474 54147
25476 84648
25478 51666
51666 25478
25485 62242
62242 25485
25492 21682
25492 65827
25495 35360
25495 35500
25495 35766
25495 77504
25495 78813
77504 23887
25499 16910
25500 13315
25500 83216
25502 30099
30099 25502
25504 11798
25506 41111
25506 89087
41111 25506
41111 89087
89087 25506
89087 41111
25511 62701
25526 17779
25526 63212
63212 17779
25527 18315
25528 16993
25528 25967
25528 75691
25967 37585
25967 53253
25967 75691
25967 99248
75691 25967
75691 37585
75691 53253
75691 99248
25529 52099
25530 27050
25530 48429
25530 52340
25530 76969
25530 88322
27050 25530
27050 48429
27050 52340
27050 76969
27050 88322
48429 25530
48429 27050
48429 52340
48429 76969
48429 88322
52340 25530
52340 27050
52340 48429
52340 76969
52340 88322
88322 25530
88322 27050
88322 48429
88322 52340
68402 25534
68402 32163
68402 48888
68402 68502
68502 25534
68502 32163
68502 48888
68502 68402
25536 38256
25537 58794
25539 44408
44408 91389
25542 81144
25545 47326
25546 16868
25546 48667
25549 80626
25561 92561
92561 81875
25566 30836
25566 83737
25570 94542
25571 48462
25571 59084
48462 25571
48462 59084
59084 48462
59084 78021
25577 10777
25583 71146
71146 57167
25596 61623
25597 91482
25597 97759
91482 45917
91482 95759
91482 97759
25598 83963
25598 85110
83963 25598
25601 27637
25601 65229
25602 7314
25603 68825
25609 37789
25609 49721
25609 90061
37789 90061
49721 61204
49721 90061
25612 6318
25613 85372
25614 3268
25614 64096
25615 36197
45422 27266
45422 69429
69429 45422
25621 43934
25623 31627
25623 44381
25624 15136
25624 19367
25624 27355
25625 93830
25629 73196
25633 9918
25633 72106
25634 71309
25635 90893
25638 74397
25638 97720
25641 2205
25646 69300
69300 14809
25648 17412
25650 7314
25659 28733
25659 69573
25664 93301
25666 90330
90330 38359
25673 54147
25676 26332
25677 36284
25677 88271
36284 25677
36284 88271
88271 25677
88271 36284
25680 39706
25680 90686
39706 49974
39706 68851
90686 25680
90686 39706
25682 36292
25687 2607
25688 65405
25689 8316
25692 2492
25692 95652
25697 45842
25697 85081
85081 25697
85081 45842
25699 29328
25700 31060
25700 42797
25700 85495
31060 6771
25701 10224
25707 10777
25710 32465
25710 71424
25710 75734
25710 99551
32465 25710
71424 25710
75734 25710
99551 25710
25711 5056
25711 40112
25711 54147
25713 54147
25717 73190
25724 53501
25728 34137
25729 31106
31106 25729
25732 67323
25733 98971
98971 25733
25734 77829
25737 2438
25737 52135
25737 88554
25742 66487
25745 65692
25748 91035
25752 24254
25752 25143
25752 32333
25755 31135
31135 25755
25756 56113
25758 35579
25762 36761
25762 54649
25765 33717
33717 25765
25772 25973
25772 79518
25973 79518
79518 25973
79518 89258
62191 7314
72915 7314
72915 25775
72915 62191
25781 84522
25783 59841
25787 43101
25787 69948
25789 50599
50599 25789
25792 11292
25792 80456
25793 19134
25798 31048
25798 33917
25798 54263
25798 75666
31048 33917
31048 54263
31048 75666
33917 31048
33917 54263
33917 75666
54263 33917
54263 75666
75666 33917
75666 54263
25805 72203
25805 78019
25805 92124
72203 25805
72203 78019
72203 92124
25809 33556
25809 49726
25809 53033
25809 56650
49726 56650
53033 56650
25810 55361
64492 25812
25817 66296
66296 53726
25820 47704
25820 71117
47704 25820
47704 71117
71117 25820
71117 47704
25824 65412
25825 81201
25830 1197
25830 67197
25831 17206
25831 39722
25831 99278
39722 17206
39722 25831
39722 99278
25832 74934
74934 25832
25835 96651
96651 25835
25837 48646
25838 5407
25839 48729
25840 47355
70080 25841
25842 11780
25843 94240
94240 50648
25844 68519
68519 25844
25845 73305
25847 43456
25848 5407
25848 25902
25848 61793
25848 73588
25902 61793
25902 73588
61793 25902
61793 73588
73588 25902
73588 61793
25850 32163
25850 48888
25850 73536
25850 76042
25850 79909
73536 25850
73536 32163
73536 48888
73536 76042
73536 79909
76042 25850
76042 32163
76042 48888
76042 73536
76042 79909
79909 25850
79909 32163
79909 48888
79909 73536
79909 76042
25853 32437
25853 72789
25853 84117
32437 72789
32437 84117
25856 83818
83818 25856
25860 62701
25864 52416
25864 54102
25866 89448
25869 97983
25872 34552
34552 42635
25874 48099
25876 78244
25878 99232
25880 79428
79428 25880
25884 92694
92694 25884
25887 63763
28679 8226
28679 32597
28679 35952
28679 36919
65179 25898
25901 49820
25901 77524
49820 25901
49820 77524
77524 25901
77524 49820
25903 39804
25903 57793
25903 59208
39804 57793
39804 59208
57793 59208
59208 2027
25904 33755
25904 60424
33755 35742
33755 46101
33755 60424
71209 25906
25908 7315
25911 16210
25911 79983
25911 83635
79983 16210
25916 69297
25917 65175
65175 25917
25920 7314
25933 71738
25936 69380
25936 74397
25941 62367
25949 42374
42374 25949
25951 76359
76359 25951
25952 92071
25953 24068
25957 98245
25965 99057
37585 53253
37585 99248
53253 37585
53253 99248
99248 25967
99248 37585
99248 53253
99248 75691
25972 37156
25972 62518
37156 54994
37156 62518
62518 37156
62518 52597
25975 18433
25975 63346
25975 88835
25977 43073
25986 21682
25989 7314
25991 7314
25993 49583
25996 41909
25998 41833
25998 61903
61903 19527
61903 41833
25999 45425
26000 72141
26003 21682
26005 85658
26014 23265
26015 7314
26029 13896
26030 11538
26030 28588
26030 84531
26030 88974
26031 51194
26032 62484
26033 63677
26033 70267
63677 26033
63677 70267
70267 26033
70267 63677
26036 15580
26036 62925
26040 89348
26044 25717
26044 50518
26044 62162
26044 73190
26044 74150
74150 16332
74150 73190
74150 76969
26045 44594
26045 47385
26045 59236
26045 78627
26045 84548
44594 26045
44594 47385
44594 59236
44594 78627
44594 84548
47385 26045
47385 44594
47385 59236
47385 78627
47385 84548
59236 26045
59236 44594
59236 47385
59236 78627
59236 84548
78627 26045
78627 44594
78627 47385
78627 59236
78627 84548
26046 96726
26047 81399
81399 26047
39958 26048
39958 52009
39958 65331
39958 91849
39958 95710
39958 96027
26053 970
26053 19071
26053 36293
26056 47989
26056 81222
81222 26056
26058 47631
26059 70025
26059 75833
26063 90919
26064 75131
26068 93039
26068 97368
61697 9997
26081 78244
26085 16868
26087 74397
26094 80293
26101 30836
26113 7314
26113 62191
26121 52397
52397 26121
26123 22309
26125 26803
26125 41429
26128 86215
86215 89383
26135 43721
26135 50402
43721 26135
43721 50402
26144 84654
26145 14674
26147 67090
26147 68245
26148 1125
26148 1610
26148 2905
26148 14558
26148 52897
26148 54665
26148 80936
26148 90582
74611 280
26153 87888
87888 26153
26165 92263
26169 75162
26171 51683
26174 20183
26176 4589
26176 14972
26176 68097
26177 87348
26178 97175
26179 74397
26181 67552
26182 27849
26188 54147
26188 73798
73798 26188
73798 54147
26193 49758
26196 4635
26196 29459
26200 5005
26200 15116
26200 67837
26204 7930
26205 56221
26210 41909
26215 10482
26216 24242
26221 48994
48994 26221
48994 91590
26225 72329
26225 73024
73024 26225
73024 72329
26226 70545
26230 36292
26237 36292
26248 106
26248 46965
26249 24066
26249 36197
26249 55818
26249 68385
26251 73789
26254 88055
26257 83354
26258 19581
26266 22007
26266 50078
26269 46951
26269 58441
26269 85525
46951 26269
46951 58441
46951 67844
46951 68965
26270 78651
26270 89113
78651 26270
78651 89113
89113 26270
89113 78651
26271 39298
26271 75135
26275 62155
62155 23071
62155 26275
26276 21747
26278 25937
33667 26279
26282 21682
26299 72111
26299 77858
72111 56934
72111 77858
72111 86528
77858 72111
26305 54147
26306 36623
26307 67612
67612 93902
26315 73814
73814 14839
26316 95385
26324 91423
26325 36436
26330 62701
26335 72170
72170 18612
26338 27059
26347 29893
26347 30935
29893 26347
29893 30935
29893 62246
30935 26347
30935 29893
30935 62246
28255 24463
28255 26350
26352 26678
26678 26352
26353 28628
26356 9533
26357 12237
26357 65648
26359 33904
26359 61955
26363 9207
26363 40166
40166 9207
26364 7557
26364 12097
26364 37799
26371 40871
26371 67767
26371 78403
26371 86197
86197 26371
86197 67222
86197 83007
26374 67386
26374 73707
73707 67386
26375 83892
83892 29005
26379 39182
39182 26379
26388 24201
26390 78091
26392 37397
26392 86014
26392 91940
86014 26392
86014 37397
86014 91940
26393 32163
26394 59446
26398 39205
26398 52220
39205 18194
39205 26398
39205 52220
26401 44334
44334 26401
26405 95385
26408 6211
26409 61256
26409 67128
26409 70212
26411 75513
26423 74397
26431 41909
26433 57791
26439 49393
49393 50381
49393 93254
26444 85372
26451 52081
52081 26451
26454 99585
26459 21682
26460 92263
33822 26463
26464 6777
26468 83418
83418 26468
26470 99242
99242 26470
26471 54904
26472 22882
26474 52003
26474 62827
52003 26474
52003 62827
62827 26474
62827 52003
26475 79333
26476 44780
26476 58651
26476 66633
58651 26476
58651 44780
58651 66633
58651 87675
26479 8316
26481 97955
97955 26481
26484 66931
66931 26484
26487 95460
26489 80314
26490 54274
26490 69330
54274 26490
54274 69330
69330 26490
69330 54274
26493 70727
26493 74397
70727 26493
70727 74397
26494 50772
26494 83435
26494 83998
50772 26494
50772 83435
50772 83998
83998 26494
83998 50772
83998 83435
26497 61245
26497 91035
61245 26497
61245 91035
26500 30977
26503 51964
26503 83910
26503 90983
26504 80687
26507 98445
26508 68269
68269 48897
68269 57271
68269 70597
26509 31134
26510 8881
26510 23666
26511 65250
26511 96132
65250 26511
65250 96132
96132 26511
96132 60283
96132 65250
26517 63997
26519 280
87522 20568
26524 8316
26526 22227
26533 38958
26533 59917
38958 59917
59917 38958
26534 60725
26534 75049
75049 60725
26536 1826
26537 45425
26540 19149
26540 27974
26540 41284
26540 41554
26540 84165
41284 26540
41284 27974
41284 35839
41284 37462
41284 84165
84165 19149
84165 26540
84165 27974
84165 41284
84165 41554
26553 67197
26555 61303
26557 76969
26558 55608
55608 26558
26567 13176
26567 50617
26567 54343
26567 57910
50617 26567
50617 54343
57910 54343
26572 88976
88976 38465
88976 92020
26573 89609
26575 47525
26578 10021
26578 32163
26585 47322
26585 69070
26585 76768
47322 69070
47322 76768
26586 69662
26586 75489
69662 26586
69662 75489
75489 26586
75489 69662
26588 56495
56495 26588
26590 86628
86628 26590
26601 75263
26604 64142
26604 69528
26609 91845
91845 26609
26610 45437
26610 88540
45437 26610
45437 88540
26611 1538
26612 18888
26613 63587
63587 26613
61580 26614
65991 26614
26619 81208
26620 41909
26620 73696
26624 79100
79100 26624
26632 55580
26633 9297
26633 81464
81464 9297
81464 61166
26636 72625
26640 57791
26640 68488
26643 11015
26644 80293
26650 55047
26656 41909
26659 36292
26660 91700
26663 23747
26668 77436
26670 43637
26670 79573
26674 44040
26674 84419
84419 26674
84419 44040
26677 39046
26679 74399
74399 26679
74399 37027
74399 65190
74399 83849
26680 41660
41660 26680
26682 2593
26682 33438
26682 94766
94766 2593
94766 33438
26683 37068
37068 26683
26689 19403
26690 63101
26697 36430
26697 48099
26697 81760
26698 9810
26698 81088
81088 9810
81088 41322
89111 26705
89111 86078
26707 8316
26707 62309
26707 62744
62744 8316
26708 27616
26708 66072
27616 66072
66072 27616
26709 23211
26711 77949
77949 26711
26718 32163
26718 43145
26718 48888
26718 67116
26718 99871
43145 26718
43145 32163
43145 48888
43145 67116
43145 99871
67116 26718
67116 32163
67116 43145
67116 48888
67116 99871
99871 26718
99871 32163
99871 43145
99871 67116
26720 60673
26733 62701
26735 5683
26735 49234
26739 861
26743 54147
26745 52064
52064 26745
26748 39947
26751 36292
26753 38872
26753 68655
38872 26753
38872 68655
68655 26753
68655 38872
26756 53545
53545 26756
26773 45425
26778 49096
26778 93380
26788 77480
26788 99440
77480 26788
26796 50420
50420 53017
50420 75351
26797 84065
84065 26797
26798 62680
26802 22128
26807 93824
93824 26807
26808 75995
26810 12750
41439 6224
41439 26815
26824 36955
26825 23299
26826 33021
26826 76239
26828 56777
26830 9533
26830 80626
26832 97173
26836 32397
32397 26836
32397 43167
26838 45526
45526 26838
45526 79065
26852 34258
26859 52143
26868 21682
26868 42063
42063 21682
26878 65056
26883 1673
26883 83884
26888 2937
26892 53149
53149 26892
26893 63191
26895 91700
26896 22416
26896 24189
26903 52416
26907 12429
26907 47478
26907 54356
26907 84871
26909 42012
26911 69505
26911 77528
69505 77528
77528 26911
77528 69505
26913 2714
26913 21362
26913 22210
26913 97724
26923 30541
26925 44991
26925 66182
26931 41909
26933 69083
26933 87434
26934 65841
40481 5202
26950 37816
26950 95455
37816 26950
37816 95455
26953 6843
26953 48561
26953 72333
72333 6843
72333 26953
26954 51529
51529 26954
51529 47470
26955 31134
26956 25880
26956 27413
26956 78196
26956 79428
26957 25632
26957 84249
26957 89977
84249 25632
84249 26957
84249 89977
26960 37912
37912 26960
26961 33112
26961 74600
26967 30956
26967 33071
26974 87910
87910 50810
26976 57791
26977 35317
26977 92184
35317 92184
92184 35317
26984 62701
26990 80171
80171 26990
26991 30936
26991 54893
26991 62026
30936 26991
30936 62026
54893 11220
54893 17088
54893 47473
54893 59016
62026 26991
62026 30936
26992 95855
95855 26992
26998 22227
27001 37283
27002 4352
27002 23642
27002 54789
27002 91037
27004 21872
27004 82718
27007 21893
27007 39924
27008 93830
27011 88769
88769 27011
27012 17412
27020 28249
27020 64548
27020 93611
28249 27020
28249 64548
28249 93611
64548 27020
64548 28249
64548 93611
93611 27020
93611 28249
93611 64548
27022 211
27028 28778
27028 51440
27028 92649
51440 27028
51440 92649
92649 27028
92649 51440
27033 57832
57832 87267
27035 45609
27038 30436
27038 52099
27041 48244
48244 27041
27043 54147
27046 42383
27046 96547
42383 27046
42383 96547
96547 27046
96547 42383
27048 54078
27051 86508
27052 15036
27052 89103
27053 10777
74451 7916
74451 27054
27058 45656
45656 27058
27060 52775
27060 63382
52775 27060
63382 27060
63382 52775
27066 41909
27073 67051
27074 68324
27074 98256
68324 27074
68324 98256
98256 27074
98256 68324
27076 12978
27076 17527
27076 72208
27076 75090
27076 89990
72208 89990
75090 27076
89990 72208
27080 53115
27080 63325
53115 27080
63325 53115
27084 72890
27100 74193
27101 47297
27105 5766
27105 7882
27105 21039
27112 30087
27112 47046
27112 80294
27112 85072
27112 90167
30087 27112
47046 27112
47046 85072
47046 91152
80294 27112
80294 30087
80294 90167
85072 27112
85072 47046
90167 27112
90167 80294
27113 69957
27115 5863
27115 36312
27119 52185
27119 90796
52185 27119
52185 90796
90796 27119
90796 52185
27120 62680
27124 48733
27124 78179
78179 27124
27126 46943
27126 81164
81164 35795
27128 24969
27128 61178
27144 30859
27144 78959
30859 90705
78959 30859
27147 10777
27149 5093
27149 71880
27149 94786
71880 54026
27152 70638
70638 27152
27155 57086
27162 61782
61782 27162
27165 6725
27169 83477
83477 27169
27171 3511
27171 47622
47622 3511
47622 27171
27172 12786
27175 33257
27175 60146
33257 27175
60146 29159
60146 33257
27179 48006
27179 57791
27181 83342
27182 54511
27182 76366
27191 1633
27191 23331
27199 65669
65669 27199
27227 64727
27228 86204
27229 15013
27229 35956
62807 27242
62807 51040
62807 68465
64663 27242
64663 51040
64663 68465
27250 96059
27253 11780
27253 53964
27256 32163
27262 64679
27265 66065
66065 27265
27267 7314
27267 35202
27267 82267
27269 69289
27276 45307
27276 85698
27276 90496
85698 18770
27280 30624
27282 54730
27284 35595
27284 38189
38189 35595
27285 73715
27285 77763
77763 27285
77763 73715
27286 58364
27288 23326
27288 40017
40017 23326
40017 27288
27292 59818
59818 27292
27293 35877
27293 79883
27294 37273
27294 50879
37273 27294
37273 50879
50879 27294
50879 37273
27299 93324
93324 27299
27302 57292
27302 77023
57292 77023
77023 57292
27303 54147
27312 37428
37428 27312
27318 75603
75603 27318
75603 40627
27325 31066
27325 63204
27325 68831
27326 65827
27329 280
27339 33579
33579 27339
33579 52621
27343 89289
27345 78596
27345 87013
78596 27345
78596 87013
87013 27345
87013 78596
27347 56632
56632 27347
27352 54689
27352 68466
54689 68466
27356 37472
27356 49624
27356 81415
37472 22128
81415 27356
81415 49624
27358 1826
27358 62142
27361 14354
27363 20733
27363 26469
27363 59116
27363 74101
27363 90074
27368 88615
27369 19912
27374 58438
27379 14361
27381 73505
73505 33021
27385 97834
27386 7314
27386 44267
44267 7314
44267 27386
27390 42716
27391 97175
27400 32163
27400 48888
27403 81227
27403 93415
81227 93415
93415 32317
27404 57791
27404 59239
27406 44470
44470 27406
27426 70053
27428 23005
27434 32163
27434 48888
27436 51110
27448 89289
27449 62680
27458 65809
65809 27458
27459 5005
27461 45075
45075 27461
45075 67182
27468 34524
27468 85680
27468 91357
85680 36718
91357 27468
91357 34524
27474 601
27476 57002
27476 59015
27476 59770
57002 27476
57002 59015
57002 59770
59015 27476
59015 57002
59015 59770
59770 27476
59770 57002
59770 59015
27480 67992
27481 34434
27481 43940
27482 68975
27482 70815
27482 75167
27482 90924
27483 34187
27483 36617
27483 93501
27483 94594
27484 26827
93168 55252
27489 13689
27491 93609
93609 27491
27492 84879
84879 27492
27493 10797
27493 20758
27493 51921
27493 54147
27493 56844
27493 73689
27493 85585
51921 20758
51921 29778
51921 56844
51921 99046
73689 5223
73689 90385
73689 92603
65554 27496
80478 27496
27502 40376
40376 27502
27510 20314
27513 60122
27513 64241
27513 82833
60122 27513
60122 64241
60122 82833
64241 27513
64241 60122
64241 82833
82833 27513
82833 60122
82833 64241
27516 83889
83889 90893
27521 89792
27527 98716
27531 65790
65790 27531
27541 7314
27542 59288
27544 1532
27544 91228
27544 96298
27544 97436
27555 27146
27556 91303
27566 72872
27566 95592
72872 95592
95592 72872
27575 9079
27576 92354
27576 99236
92354 27576
92354 99236
99236 14456
27577 35239
87653 27357
27582 60424
27584 37602
27587 31184
27587 56041
31184 27587
31184 56041
56041 31184
27590 24605
27590 34945
39043 27598
39043 54147
39043 96839
96839 27598
96839 39043
96839 54147
27599 57228
27599 94870
27602 64341
27604 9561
27604 49517
27604 60869
27604 83339
49517 9561
49517 27604
49517 83339
60869 9561
60869 27604
60869 49517
60869 83339
83339 9561
83339 13794
83339 27604
27608 59342
27610 79984
27610 88836
88836 3601
88836 27610
88836 30941
88836 45699
88836 84888
27611 23299
27612 48530
27612 50499
48530 27612
48530 50499
50499 25308
50499 33543
54804 32429
54804 38187
54804 58170
54804 76367
54804 99863
27621 73196
27622 3388
27622 43018
27624 35329
27625 89763
27629 75186
27630 99379
27639 28941
27641 96240
27644 19914
27645 73549
73549 5461
73549 27645
27650 32317
27653 13771
27658 50145
50145 27658
50145 85040
27659 21682
27660 5851
27665 29833
27665 32459
29833 32459
29833 36292
27666 31828
27666 58298
31828 27666
31828 58298
58298 27666
58298 31828
27671 90293
27673 30837
27679 52492
27688 27913
27696 83638
27697 11540
27697 18400
27697 19355
27698 3038
27698 20922
27698 57227
27698 88163
27700 51683
27705 45179
27705 45391
27709 22554
27710 2027
27713 12202
27713 47157
27713 73590
27714 84062
27718 32295
27718 66881
27718 72421
32295 66881
32295 72421
66881 32295
66881 72421
27719 39174
27722 76016
27722 96746
76016 27722
76016 96746
96746 27722
96746 76016
27725 15693
27728 27010
27728 60226
27730 31124
27730 54361
31124 54361
27731 93739
27734 836
27737 11639
27737 61622
27741 8748
27741 12765
27741 31867
27741 34012
27741 93265
93265 8748
93265 12765
93265 27741
93265 31867
93265 34012
27743 7314
27749 7314
27751 36292
27753 63569
27753 81399
27754 21682
27754 90728
27761 86348
86348 27761
27762 62493
27766 62433
62433 27766
27778 38978
27785 55306
27786 62506
27797 11038
27797 42603
27799 50214
27803 31189
31189 29244
31189 41751
27816 42798
27824 31180
27826 29988
27826 38006
29988 27826
29988 38006
38006 27826
38006 29988
27827 63862
27832 93808
93808 32490
93808 60850
93808 65401
94120 49845
27839 76125
76125 8316
27842 31305
27842 39473
27845 57901
27846 13825
27846 55030
27861 49021
27881 2630
27881 25112
27881 33370
27881 85923
27889 21440
27889 95941
27890 8197
27898 13620
27898 31893
27899 19374
27903 43983
43983 27903
43983 34246
27906 76029
27906 94460
76029 94460
94460 76029
27910 14752
27917 73393
73393 27917
27919 69970
69970 21173
69970 91035
27928 63763
27933 77445
27933 78632
27933 85002
77445 27933
77445 78632
77445 85002
78632 27933
78632 77445
78632 85002
85002 27933
85002 77445
85002 78632
27940 1532
27940 96298
27940 97436
27941 1546
27941 7796
27941 57791
27942 7314
84581 27946
27949 87151
87151 27949
27950 62939
27951 68843
27953 87251
27956 32163
27956 81970
27960 8316
27967 66187
27968 3679
27968 73593
27976 41390
27976 46387
41390 27976
41390 46387
46387 27976
46387 41390
27980 58486
27981 32154
32154 27981
27986 23526
27989 41433
27990 72297
72297 27990
27994 71531
28000 30201
28000 42113
28000 50379
30201 42113
30201 50379
50379 28000
50379 30201
50379 42113
28001 65191
65191 28001
28009 42760
28009 98145
28011 6500
28011 7314
28014 85372
31524 18521
31524 28017
28018 57504
28018 63669
28020 21260
28020 23749
28020 32719
28020 40569
28020 52834
28020 75564
28020 76012
28021 9533
28021 51601
28021 80626
28021 92046
92046 9533
92046 76045
92046 80626
28023 84522
28037 7314
28038 26933
28038 69083
28038 98534
28041 50996
28045 54147
28047 62918
62918 28047
62918 54741
28054 57743
57743 28054
28056 65216
28057 54287
54287 28057
28058 41433
28070 86020
28072 60365
28075 34049
28076 21682
28078 97362
97362 28078
28083 28123
28083 48634
28088 11398
28088 13528
28088 61821
28088 63763
28094 47355
28100 81736
81736 31944
28105 35360
28105 44265
44265 28105
28110 96304
28115 47601
28115 84201
28117 53347
28118 24689
28119 30842
28120 73287
28126 60225
28128 40272
28128 63555
28130 93301
28135 35569
35569 28135
28139 69963
69963 28139
28140 45206
28143 29467
28143 57791
28143 75052
29467 28143
29467 57791
29467 75052
75052 28143
75052 29467
75052 57791
28145 1068
28146 3611
28149 83435
28152 75127
28152 76425
28154 54147
28154 55555
28162 61246
28162 61787
61246 61787
28163 46330
28163 65728
28172 3679
28172 94321
28173 45567
45567 28173
28174 48976
28175 60922
28176 91650
91650 28176
28178 28176
28183 62050
28195 46005
28199 77135
28206 19374
28207 44759
28207 91448
44759 28207
44759 91448
91448 28207
91448 44759
28209 11566
56456 7314
56456 96974
96974 7314
96974 56456
96974 58235
96974 87536
28216 53943
28216 68470
28216 76752
68470 53943
76752 53943
28218 4347
28218 14138
28223 16880
28223 35976
28223 40654
28223 84067
28224 64432
28226 18290
28227 85273
85273 28227
28228 710
28228 22528
28228 43918
28228 75753
28228 84417
28229 62680
28240 87775
28242 75267
28245 73401
28247 48290
28247 98077
48290 43609
98077 48290
28252 62825
28252 69212
28252 76448
62825 28252
62825 69212
62825 96854
76448 54571
76448 62825
76448 69212
28254 4547
28254 90281
28262 54147
28268 49886
49886 28268
28279 98764
98764 28279
28281 97118
97118 28281
28282 18310
28282 41909
28286 44820
28289 43476
43476 28289
28290 67689
28290 77780
28290 95510
28296 41809
28296 60534
41809 60534
60534 41809
28298 22942
28298 27819
28299 67261
67261 28299
28301 98258
98258 49987
28302 49462
49462 28302
28304 86394
28305 83880
83880 36677
83880 69556
83880 74669
28306 30836
28316 46273
46273 28316
28317 13710
28328 21682
54923 28333
28339 74294
74294 28339
28345 21682
28347 76969
28358 17941
28358 83239
28359 82577
28361 76425
33361 28365
33361 73935
73935 28365
73935 33361
73935 89776
89776 50251
28368 5113
28368 8978
28370 62479
62479 29154
28375 3249
28377 5544
28379 81973
28389 12702
28389 75601
28389 98331
28391 44804
28391 62822
28391 77020
44804 62822
44804 77020
77020 44804
28393 58970
28393 59892
58970 28393
58970 59892
28394 92955
92955 54481
92955 81627
92955 97283
28395 25968
28395 46986
46986 25968
46986 28395
28396 18646
28398 59788
28399 85523
85523 16355
85523 28399
28403 53301
28404 68173
68173 52552
28411 45027
28416 92080
92080 28416
28418 10577
28420 21682
28422 59661
28424 87147
28425 43792
28426 62701
28437 91003
91003 28437
28442 6567
28444 19354
28444 40033
28444 42009
28444 96828
42009 19354
42009 28444
42009 40033
42009 96828
28445 49194
28447 7314
28447 15121
28447 15564
28447 41538
28452 35960
28452 95763
95763 28452
95763 35960
28453 44057
28453 57725
44057 57725
28454 93706
93706 28454
93706 95667
28455 79050
28456 6018
28459 48733
28459 67210
67210 28459
67210 48733
28466 76221
76221 35852
28472 48028
48028 28472
28474 55348
28475 24080
28477 15046
28487 32163
28494 3515
28494 10777
28494 44914
28494 89545
28494 99288
89545 10777
89545 28494
89545 44914
28496 72447
28503 27745
28503 36663
36663 52711
28507 62701
28508 30367
28508 84522
30367 84522
28513 29922
28513 30837
28513 53594
29922 30837
29922 53594
28515 70108
70108 26463
28521 3289
28530 20567
28535 44270
28536 5314
28540 36292
28544 85372
28546 6668
28548 6305
28548 64509
28548 67511
67511 86537
28556 81947
28560 80023
28561 38094
28561 40698
28561 67841
40698 28561
67841 67536
28568 32380
28568 58546
32380 28568
32380 58546
28570 50312
28570 73112
50312 28570
50312 73112
73112 28570
73112 50312
28572 9135
28572 62534
28581 56917
28582 33764
28582 46760
28582 47167
33764 28582
33764 47167
46760 47167
47167 46760
28584 4627
28584 58213
28584 64856
28584 68584
28585 55363
28585 73713
55363 28585
55363 81754
73713 1412
73713 28585
28598 61539
28598 89198
61539 28598
61539 89198
89198 28598
89198 61539
55826 28602
55826 79882
57386 28602
57386 79882
28605 82278
28607 93822
93822 84457
93822 87990
93822 92391
28608 99846
28609 1536
28611 95455
28618 64253
64253 28618
28621 57791
28635 73456
73456 24382
28645 8177
28645 36292
28654 59446
28671 92938
92938 28671
28675 46434
28681 6236
28682 48106
28684 5145
28684 11700
28684 38624
28684 90433
28688 40162
28690 65744
65744 28690
28692 57537
28692 61540
28693 64866
28693 94657
28698 47083
28698 70508
28702 7539
28704 41333
28709 32163
28709 48888
28719 41909
28719 72903
72903 28719
72903 41909
28731 33198
28734 409
28745 15356
28745 39805
28751 18935
28756 54054
54054 51575
28760 36596
28763 76221
28768 64096
28773 30643
28773 49304
30643 28773
74519 67197
28797 52668
52668 28797
28799 81459
81459 28799
28806 78500
78500 83457
28807 8261
28809 26294
28814 45956
45956 28814
28816 30233
30233 37178
28818 9933
28822 37196
28822 49034
28827 47937
28827 81981
28828 18153
28829 26048
28829 52009
28829 61667
28829 65331
28831 11832
28831 40709
28836 74397
28837 7539
28838 25759
28840 32163
28840 48888
28842 77996
77996 28842
28845 54126
28845 54147
28845 65350
54126 54147
54126 65350
65350 54147
28849 7314
28849 79000
79000 7314
79000 67392
65419 57229
70772 28855
28865 88179
28866 45075
28867 95885
28873 16868
93591 49393
93591 93254
93591 98066
28877 8337
28881 86283
28886 73601
28890 18311
28892 3302
28892 36118
36118 3302
36118 28892
28893 58019
28893 71894
28893 91508
71894 7557
71894 12097
71894 37799
91508 12097
91508 28893
91508 37799
28895 46237
28896 97283
28902 86936
28902 94837
86936 28902
94837 28902
94837 86936
28903 50527
28903 53267
28903 54169
50527 28903
50527 53267
50527 54169
54169 28903
54169 50527
54169 53267
28904 99381
99381 28904
28905 31091
28908 10074
28908 43587
28908 92965
28908 93288
28908 98747
92965 28908
92965 93288
92965 98747
93288 28908
93288 92965
93288 98747
98747 28908
98747 92965
98747 93288
28909 39364
28915 58112
28918 33129
28923 77961
28929 43734
28933 53555
53555 10454
53555 86808
53555 95039
28936 10979
28947 59702
59702 28947
59702 38524
59702 54137
28954 44572
28956 90317
90317 28956
90317 50431
28957 25711
28961 66857
28966 46474
28967 39509
39509 28967
28973 20189
28973 54147
28975 51531
28981 41433
28985 19036
28986 49430
49430 28986
28991 34825
28991 63540
34825 28991
34825 63540
63540 28991
63540 34825
28994 42693
28994 92584
42693 28994
42693 92584
92584 28994
92584 42693
28995 58123
58123 28995
58123 97720
29000 59698
59698 29000
29003 4763
29003 51680
51680 4763
51680 29003
29011 79670
29014 59259
59259 53564
29015 70657
29015 80007
80007 70657
29017 539
29017 2531
29017 76690
29019 77625
29020 70061
45536 29022
45536 94698
94698 29022
94698 45536
29026 13298
29031 5330
29031 84466
29035 10261
29035 58112
29035 71408
29036 2630
29036 25112
29036 33370
29036 85923
29040 37210
37210 29040
29042 16280
29042 19306
29042 94916
29046 88563
88563 29046
29047 48348
29053 58801
29053 64723
29057 69356
29058 83443
29063 31503
29067 68733
29079 77547
29086 1285
29086 28663
29086 32734
29089 73280
29089 94430
73280 29089
73280 94430
29090 49825
29091 9533
29091 58587
29091 80626
58587 9533
58587 29091
58587 80626
29094 77311
29095 44970
29096 46531
29100 10394
29100 82225
95448 29109
43020 29110
76996 29110
29112 85302
29115 10777
29120 10587
29128 7699
29132 66174
29132 81768
66174 29132
66174 81768
81768 29132
81768 66174
29133 34229
29138 39049
29141 78876
78876 29141
29142 45616
29147 57791
29149 12108
29149 38359
29156 89229
89229 29156
29159 33257
29159 60146
29161 8011
29161 57791
29163 23422
29168 48733
29171 72907
72907 29171
29173 87462
29174 41485
29174 45230
29174 48346
41485 45230
41485 48346
45230 41485
45230 48346
48346 41485
48346 45230
29178 85372
29187 86048
29191 85372
29197 91806
29205 80624
29211 35137
29211 49958
29218 22961
29218 49715
29218 53055
29219 53943
29220 44783
29221 57344
57344 29221
29224 36292
29225 23526
29227 14048
29227 87880
29228 99929
29229 16540
29231 49962
29235 73731
29237 65119
29237 81327
29237 96877
65119 29237
81327 29237
96877 29237
29242 76969
63563 29243
29244 31189
29250 17667
29250 20846
29250 47387
29251 30885
29251 86410
29251 98633
86410 29251
86410 30885
86410 98633
98633 28854
98633 29251
98633 30885
98633 86410
29255 66375
29257 27263
29259 1536
29261 13065
29261 21586
29264 43792
29266 1532
29266 96298
29266 97436
29269 87555
52612 649
52612 29270
52612 65768
29273 86621
29277 21682
29283 55072
55072 29283
29291 21081
29291 91827
29297 54147
29300 1826
29300 2140
29304 90770
29306 66287
29306 94657
29311 52492
29313 69900
29313 80401
69900 80401
80401 29313
80401 69900
29322 59316
29322 70139
59316 70139
70139 31282
70139 59316
29323 71647
29323 72218
71647 29323
71647 40452
71647 72218
71647 86212
72218 29323
72218 71647
29324 2028
29324 21682
29327 32163
29333 55112
29334 62680
29339 39466
29339 77094
29339 80302
39466 29339
39466 77094
39466 80302
77094 29339
77094 39466
77094 80302
80302 29339
80302 39466
80302 77094
29341 61323
61323 57721
61323 63364
61323 94060
29342 76768
73787 29344
73787 80532
29351 16868
29351 56777
29354 90893
29355 79333
29359 52730
29359 60234
29360 9883
29360 22007
29361 72957
29362 12222
29362 81089
29364 57292
29364 77023
29365 21452
29365 54328
29365 74397
54328 74397
29366 56252
29370 32163
29371 22050
29373 6002
29375 34784
34784 29375
29379 94832
94832 29379
29384 21140
29385 17415
29385 34113
29385 81417
29387 74466
74466 29387
29389 40818
29389 86526
40818 29389
40818 61807
29391 74397
29393 21682
29394 52863
29394 70208
52863 70208
29396 72585
29396 73856
72585 73856
73856 72585
29397 74397
29398 91950
29402 28061
29404 70061
29409 18064
29412 6784
29418 51683
29421 32388
29421 34604
32388 34604
32388 78798
34604 32388
34604 63825
29425 55429
29428 34515
34515 29428
29430 58315
58315 29430
65711 12308
65711 29431
29432 53943
76229 70516
29437 86287
86287 29437
29441 33098
29444 97838
97838 29444
97838 57464
29455 80626
29461 81436
29463 23757
29466 76425
29466 96002
29466 97175
29468 98063
29470 56677
29474 64868
29474 71858
64868 29474
64868 71858
64868 73909
29477 33381
29477 58957
29478 88914
29479 75497
75497 29479
29482 42195
29482 57791
29482 90353
42195 29482
42195 57791
42195 90353
90353 29482
90353 42195
90353 57791
29490 71231
29495 5889
29495 88305
29500 91933
29511 35506
29511 41383
29511 70010
35506 29511
35506 41383
35506 70010
41383 29511
41383 35506
41383 70010
70010 29511
70010 35506
70010 41383
29516 21123
29516 54147
29521 57777
29521 68120
57777 29521
57777 68120
68120 29521
68120 57777
29524 7419
29525 23495
29527 4993
29542 7314
29542 88837
29542 91352
88837 7314
91352 7314
91352 29542
29546 0
29550 6676
29550 26566
29557 27600
29557 81864
29559 98952
98952 79877
29560 41427
41427 29560
29561 78945
29561 80976
29562 35964
29562 54796
35964 54796
54796 35964
29564 14469
29567 1655
29567 64635
29572 12435
29572 44688
29572 74397
29579 13089
29580 32383
29582 35676
35676 29582
29593 25386
29598 49766
29598 58112
49766 29598
29603 54299
29603 60955
29604 54624
54624 4693
54624 29604
29606 65967
29607 70261
29607 83886
83886 13989
29613 52478
29615 78244
29621 9259
29622 6236
29623 36601
29635 65510
29639 718
29639 36292
29642 20718
29642 30837
29642 53594
29642 91554
29643 5575
29643 42184
29644 89776
29647 29623
29647 36601
29647 61810
61810 29623
61810 36601
29648 61527
29655 18206
29655 24434
29655 32386
29655 52826
52826 29655
29656 19547
29656 68597
29657 53347
29657 72835
29657 80292
29657 81624
29658 64215
29658 66858
64215 68700
29662 51979
29662 57791
29668 12304
29668 89384
89384 12304
89384 29668
89384 44969
89384 54354
29669 64585
29669 67577
67577 64585
29672 7314
29681 92296
29684 57591
29684 75671
57591 29684
29686 66392
29687 67397
29688 4592
29688 8655
29688 9461
29688 16218
29688 21609
29688 37813
29688 51199
29688 59247
29688 59865
29688 80626
51199 98365
59247 4592
59247 59934
29691 32163
29693 99929
29695 42826
29696 8197
29697 54391
54391 11177
54391 73480
29698 43769
29698 80020
43769 29698
43769 71086
43769 80020
80020 29698
29699 33194
29709 82685
29713 30836
29714 18877
29714 72041
72041 29714
29719 31765
29719 47376
29719 92042
29722 63648
29722 80185
29724 30584
30584 29724
29725 38937
29728 48489
29732 3349
29732 20692
29732 23491
29732 58989
29732 88576
33869 3022
33869 32471
29740 88162
29742 7314
29751 77189
29751 80630
80630 29751
80630 77189
29753 23747
29754 25808
29754 80510
29756 41914
29756 71966
56527 24440
56527 29758
71368 24440
71368 29758
29760 57919
29760 99716
29764 19983
29764 85497
29777 12519
29779 37238
29780 57791
29781 39496
29781 97642
39496 29781
39496 97642
97642 29781
97642 39496
29784 15229
29784 97540
29785 5107
29785 13219
29788 30998
29788 36009
30998 29788
36009 29788
29789 43279
43279 71314
29793 98973
29796 74397
29801 8779
29805 49658
49658 29805
29811 86394
29817 55093
29822 4560
29829 34823
29831 16414
29831 16868
29832 45425
29834 26767
29834 52595
52595 26767
29847 85372
29848 42778
67419 754
29850 17184
29850 39369
29850 49496
29854 24432
29858 51922
29862 61551
29863 16210
29863 79983
29866 3623
29866 28622
29866 46634
46634 29866
46634 75696
29872 8648
29872 86519
86519 43247
29875 76681
29876 23526
29876 50401
29880 38939
29884 57691
57691 29884
29885 33073
29885 33854
29885 83354
29885 92488
29885 94891
33854 10932
92488 26257
92488 29885
92488 94891
94891 29885
94891 92488
29887 37399
29887 98728
37399 29887
37399 98728
29889 94207
29892 35266
62246 29893
62246 30935
29894 753
29894 8886
29894 10922
29894 11410
29894 72289
29894 72484
29894 74243
29894 84669
29894 91385
29897 90188
29897 96059
90188 29897
90188 96059
29899 31298
31298 29899
29905 45254
29905 94657
45254 29905
45254 94657
29909 59364
59364 29909
29918 99768
99768 896
29919 82638
82638 29919
29926 31460
31460 29926
29936 51110
29941 71231
29944 22050
29947 22793
29947 57040
29947 69441
69441 22793
69441 57040
29948 97759
29948 97808
97808 29948
97808 97759
29949 56777
29955 1673
29955 45798
29955 83884
45798 1673
45798 29955
45798 83884
29974 32785
29974 38334
29974 51365
29974 68676
29974 75537
32785 68676
38334 29974
38334 32785
38334 51365
38334 68676
38334 75537
51365 29974
51365 32785
51365 38334
51365 68676
51365 75537
75537 29974
75537 32785
75537 38334
75537 51365
75537 68676
29975 64345
64345 29975
64345 97834
29977 91793
91793 29977
29981 36292
29981 66614
66614 29981
66614 33546
66614 36292
66614 82481
29983 30098
30098 29983
29984 36197
29984 64863
29995 6784
30005 24449
30005 57130
30005 68059
30005 87779
57130 42784
68059 57130
68059 62277
87779 24449
87779 57130
87779 68059
30007 54147
30007 96837
30009 23526
30009 98384
98384 23526
30011 87976
30012 45810
30017 73402
30022 85713
85713 65829
85713 73943
30024 92072
92072 30024
92072 44810
30031 94588
94588 30031
30035 42892
42892 79998
30037 30837
30039 66609
30051 65732
30055 63844
63844 30055
30058 19045
30058 32655
30058 39152
30060 53543
30060 61684
53543 61684
61684 53543
30062 49649
30062 91610
30062 99615
49649 91610
49649 99615
91610 49649
91610 99615
99615 49649
99615 91610
30069 34280
30069 67452
34280 30069
34280 67452
67452 30069
67452 34280
30078 38125
30078 51036
38125 51036
51036 38125
30082 40142
40142 30082
32280 5740
30088 31181
30088 83231
31181 63984
30092 97283
30104 86078
30108 60081
30108 84438
30111 32718
30111 75562
32718 75562
75562 32718
30116 19548
30116 76457
30121 96726
30128 69070
30128 76768
30132 1536
30133 6236
30134 65829
30138 17778
30138 33472
30141 73088
30153 62680
30154 57791
30155 9249
30156 89765
30159 943
30168 38703
38703 81505
30169 95455
30171 62701
30172 8011
30172 57791
30174 38893
38893 30174
30176 85349
85349 30176
85349 38772
30182 62701
30186 34713
34713 30186
30189 89927
89927 30189
30193 48088
30195 93899
93899 30195
30196 3699
30196 23223
30204 20612
30205 13383
30205 72317
30207 60876
30212 15465
30212 16451
30216 97283
30217 10577
30217 75652
30217 84309
30219 74624
30221 42029
30221 53486
42029 30221
42029 53486
53486 30221
53486 42029
30226 83549
30226 93063
83549 30226
83549 93063
93063 5995
93063 30226
93063 83549
30228 61635
30232 1945
30232 9581
30232 18013
37178 30233
30235 15229
30235 97540
30240 91827
30242 60563
30242 96976
60563 57377
60563 96747
60563 96976
96976 60563
96976 62511
96976 96747
30244 61554
30244 74734
61554 30244
61554 74734
74734 30244
74734 61554
30245 37179
30245 68730
30247 39313
39313 30247
30255 14672
30256 98112
30263 47520
47520 30263
30266 25812
30281 0
30281 11342
30284 56591
30285 32785
30285 52598
30285 68676
30285 73459
52598 6396
52598 30285
52598 32785
52598 68676
52598 73459
73459 30285
73459 32785
73459 52598
73459 68676
30292 74397
30295 57312
30296 67269
67269 30296
30306 22741
30308 54676
30311 71865
30312 74499
30312 84431
74499 30312
74499 35548
84431 30312
84431 74499
30316 37700
30316 55244
55244 27719
55244 62489
30317 39456
39456 30317
30323 99040
99040 30323
99040 32390
30332 49415
49415 30332
30342 90504
90504 30342
90504 83142
30345 44092
30346 12115
30346 69326
30350 35994
30350 51403
30350 54924
35994 51403
35994 54924
51403 35994
51403 54924
54924 35994
54924 51403
30352 73090
73090 30352
30363 16609
30363 97759
30373 60758
60758 36985
30377 33834
33834 30377
30389 20808
30390 59222
30391 1826
30392 59244
59244 30392
30394 36729
30394 86473
30397 52731
52731 43164
52731 83085
30398 2483
30400 34398
30400 77086
34398 77086
77086 30400
30408 73470
30410 57497
30411 85372
30416 85372
30417 66491
66491 11758
66491 13795
66491 57235
66491 82594
30418 57791
30419 4117
30430 18197
30430 81638
30435 4355
30435 57791
30441 1500
30441 94344
30444 2593
30444 17403
30444 33438
30444 48213
30444 48288
30444 91907
48288 2593
48288 17403
48288 33438
48288 91907
30445 43133
43133 30445
30449 23526
30451 91050
91050 30451
91050 32303
91050 43151
91050 57035
91050 69319
30452 57791
30454 47978
30454 77284
47978 56697
30460 55031
30460 77339
55031 77339
30464 50762
30464 93828
50762 93828
93828 50762
30474 75280
30474 90835
90835 30474
30475 53347
30475 84195
30481 62479
30484 37863
30484 41475
30484 87383
41475 30484
30493 67346
67346 30493
30494 21682
30494 65827
30499 62877
62877 30499
30500 74510
30500 83235
30501 96021
30507 17569
30507 57618
30508 72650
30512 18408
30516 66534
30516 91950
66534 91950
30517 7314
30524 61392
30524 62929
61392 30524
61392 62929
62929 0
62929 11342
62929 38716
30526 13149
30526 20217
30528 58321
30533 67389
30545 30309
30551 83463
30553 33031
30553 76565
33031 30553
33031 76565
76565 30553
76565 33031
30556 75872
30558 4763
30559 92183
30560 8653
30563 827
30563 32163
30565 40562
30565 88162
30567 83216
30567 97097
97097 83216
30573 48643
30573 68275
30573 72421
30573 81883
30576 58807
30577 76768
30578 38754
38754 30578
30582 54147
30582 69356
30587 11780
30587 42370
30587 53964
30587 56823
30589 31746
30590 91327
91327 8316
30591 35579
30609 43533
30617 57497
30620 38839
30623 51683
30627 76969
30633 24071
30633 74397
30633 74706
30633 96298
30636 50062
30636 52078
30636 90598
50062 52078
50062 90598
52078 50062
52078 84649
52078 86607
52078 90598
90598 50062
90598 52078
30637 24788
30637 55705
30637 75466
55705 14764
75466 30637
30638 21723
30638 34312
30638 53357
30638 64562
30638 78493
90901 30644
90901 46829
30645 28022
30650 19989
30652 77001
30652 99379
77001 30652
30654 65506
30654 76582
30654 78247
76582 65506
76582 78247
30656 827
30656 10901
30656 32163
30656 75700
75700 827
75700 1624
75700 32163
30658 43433
30658 76803
43433 74030
30660 98397
30664 67751
30670 88004
88004 30670
30671 61417
30672 2917
30677 52492
30686 52416
30686 54102
30691 9566
30693 77272
30696 67993
30698 38703
30698 72141
30701 11398
30701 13528
30701 61821
30701 63763
30702 43581
30702 57090
43581 30702
43581 57090
57090 30702
57090 43581
30705 50712
50712 30705
30710 60424
30713 12304
30713 62018
30713 62802
30713 89289
30713 96161
62018 12304
62018 30713
62018 96161
62802 12304
62802 62018
62802 89289
62802 96161
96161 12304
96161 30713
96161 62018
30725 56927
30730 94005
30731 23524
30732 11092
30732 88170
30740 76232
99711 12416
99711 57604
30743 57499
57499 30743
30744 1840
30750 74227
30753 14897
30753 52200
30755 50093
30757 76993
30765 4626
30765 59001
30765 70358
30773 46970
46970 30773
30778 15229
30778 97540
30779 301
30779 6092
30779 42894
30779 98505
42894 61446
98505 837
98505 12218
98505 34002
98505 45818
98505 79873
30785 72978
30786 11058
30786 41909
30786 45122
30786 71325
30786 89579
45122 41909
45122 71325
89579 41909
89579 71325
30788 59971
30788 97661
97661 59971
30792 33293
30792 96752
33293 30792
30801 69070
30801 76768
30802 19277
30802 82778
82778 19277
82778 30802
30805 17723
30813 71306
71306 30813
30817 84504
30819 58486
30820 96779
96779 30820
30823 12304
30824 71971
30834 7531
30834 90786
30840 99244
30843 57791
30845 35960
30849 99611
30852 91255
30856 62053
30856 72536
62053 72536
72536 62053
30858 11658
30858 11798
30863 14694
30866 30837
30869 79271
30870 25617
30870 42798
30870 51183
30876 17778
30876 33472
48293 12537
48293 76877
48293 77426
30891 26504
30891 80687
30892 76969
30897 15883
30901 19043
30902 34431
30911 4114
30911 15736
30911 73260
30911 80002
30914 3435
30915 51053
51053 74096
51053 82807
30920 74808
30930 41909
30932 76886
76886 79990
76886 89757
30933 69283
32167 3035
32167 30941
58259 16467
64857 7310
64857 82943
71344 80113
71344 99187
30947 14672
30947 53140
30947 70471
30947 85266
30950 26780
30959 81179
30960 86598
30961 97963
30963 1858
30963 35954
30963 36946
30963 42144
36946 35954
36946 42144
93086 26494
93086 50772
93086 83435
93086 83998
30967 80515
30969 32163
30969 48888
30981 50402
30981 68866
68866 30981
68866 50402
30984 3097
30988 14672
30991 72931
72931 7101
72931 72614
72931 99234
99660 25254
99660 31000
99660 60480
31002 68119
68119 31002
31007 78244
31009 70002
31012 42636
31018 55308
55308 31018
31023 25245
31023 41909
31023 76161
31025 37787
31025 99172
99172 37787
31030 8645
31036 14674
31039 7314
31041 9678
31042 32163
31042 48888
31047 64296
64296 36723
31050 35649
35649 31050
31052 55929
31054 94657
31055 56555
56555 34525
56555 47157
31058 75122
31059 71105
31062 86613
31064 13070
31064 61532
31067 10333
31067 25292
31067 52819
55250 31068
98530 31068
31071 24698
31071 74397
31073 54998
31073 76869
54998 31073
54998 76869
76869 31073
76869 54998
31078 4864
31080 17412
31081 23526
31082 44510
31082 93435
31088 65732
31089 34410
31089 65313
31090 15980
31090 69070
31090 76768
31095 32163
31095 48888
31108 85458
85458 31108
31112 30941
31114 9310
31114 34185
31116 1847
31120 59688
31126 93729
31129 43792
31131 32163
31131 48888
31131 88310
31139 43554
43554 31139
31147 1656
31147 89902
89902 1656
89902 31147
31154 41909
31154 73696
31155 66487
31163 65827
31163 76204
76204 65827
31165 34203
31165 98618
34203 82931
34203 98618
98618 15260
98618 34203
31169 70053
31173 87879
87879 31173
31177 99540
31178 3791
31178 4627
31178 19453
31178 58213
31178 64856
31178 68584
31179 980
31179 11689
31179 48752
31182 31505
31505 31182
41751 31189
31190 62466
31190 79257
79257 62466
31194 614
31194 37214
31194 43437
43437 15965
43437 39347
31197 1304
31197 80662
31198 84062
31199 2920
31199 14578
31199 40150
31199 81874
31199 82275
81874 2920
81874 14578
81874 31199
81874 82275
82275 2920
82275 14578
82275 31199
82275 81874
31200 29053
31200 58801
31208 98959
31211 48414
31213 24105
31213 39054
31213 40877
31215 44196
44196 31215
31217 15558
31217 49127
31217 66646
49127 15558
49127 31217
49127 66646
66646 15558
66646 31217
66646 49127
31220 70280
31220 95118
70280 31220
70280 95118
95118 31220
95118 70280
31226 82278
31227 72305
31227 90919
31229 5889
31229 88305
31232 32265
31232 99483
32265 31232
32265 58035
32265 66195
32265 99483
99483 14034
99483 32265
31233 67659
31235 32163
31235 48888
31235 51395
31235 77652
31235 91814
31235 97657
51395 31235
51395 32163
51395 43145
51395 48888
51395 70197
51395 77652
51395 91814
77652 31235
77652 32163
77652 48888
77652 51395
77652 91814
97657 13327
97657 32163
97657 47823
97657 48888
97657 63971
97657 89955
31236 53386
31236 81677
31236 95896
81677 53386
81677 95896
31239 72106
31241 27983
31241 68193
31249 98571
31250 45912
45912 31250
31257 51110
31259 15263
31259 32163
31259 39309
31259 48888
31259 79367
31259 86526
39309 15263
39309 31259
39309 32163
39309 48888
39309 79367
39309 86526
31262 50108
31262 58325
50108 31262
50108 58325
58325 50108
31263 60049
31275 33645
31278 74208
74208 62252
31279 75365
31279 98657
31282 59316
31282 70139
31284 35860
31288 60974
60974 8531
31290 75218
31292 8316
31294 79050
31299 3794
31299 48976
31299 76532
76532 3794
76532 48976
31300 0
31300 11342
31300 38716
31302 16540
31303 12756
31306 79333
31308 38139
31308 48498
31310 94657
31313 91253
31319 11892
31319 50854
31320 96059
31326 19099
31327 57133
57133 31897
57133 92381
31329 3512
31329 70735
70735 3512
70735 31329
31331 85608
31337 10622
31337 47940
31337 50231
47940 28820
31339 46779
46779 31339
31343 47641
47641 31343
47641 58849
47641 67340
31352 36292
31352 69242
31357 54147
31364 16603
31366 23626
31366 45498
31378 165
31378 63097
31379 62680
31380 77660
77660 1140
77660 10851
31381 42336
42336 31381
42336 79330
31385 34411
31392 61732
61732 31392
31394 76646
31394 97945
76646 31394
76646 97945
97945 31394
97945 76646
73691 31395
73691 98709
31396 7314
31397 68244
31407 53034
53034 31407
31408 15884
31408 76602
76602 31408
31412 39364
31414 12887
31414 15048
31414 27748
31419 46236
31419 60571
46236 35900
46236 60571
60571 35900
31420 72230
31421 90304
90304 31421
31422 63096
31423 72789
31423 84117
31428 47718
31428 86525
47718 31428
47718 86525
86525 13578
86525 31428
86525 47718
31432 35996
31442 73590
31445 57399
57399 31445
31446 54147
31446 59598
59598 31446
59598 54147
31447 60892
31447 76868
60892 76868
76868 60892
31451 83202
31454 29045
31454 37740
31454 46190
31456 183
31461 80915
80915 31461
31467 88123
31470 34049
31474 52578
31478 85964
85964 31478
31482 62680
31485 718
31485 36292
31485 78952
31486 16062
31486 88426
31498 59346
31509 49197
49197 31509
31512 42576
42576 31512
31513 48196
31513 58586
31514 81463
31520 89609
31521 41910
41910 31521
31522 4649
31525 73192
31525 74397
73192 31525
73192 74397
31526 68049
31528 59467
59467 31528
31534 7931
31535 88748
88748 31535
31538 24593
31539 51495
37057 41839
37057 67751
37057 70411
70411 31541
70411 67751
31543 41715
31545 94138
31546 57156
31546 72423
57156 31546
57156 72423
72423 6235
72423 31546
72423 57156
31547 35820
31548 86299
70745 31554
31557 39519
31562 1536
31564 56304
31564 95148
56304 31564
56304 75082
95148 56304
31569 6002
31570 54147
31571 92891
31571 93971
92891 31571
92891 93971
93971 31571
93971 92891
31576 82206
31579 77959
77959 48984
31581 3219
31582 23422
31582 29163
31582 67460
67460 23422
67460 29163
67460 31582
31586 18655
31593 97157
97157 31593
31597 53020
31598 31108
31601 41909
31614 36292
31615 85372
31617 34849
31617 84994
31618 4547
31620 33194
49424 31622
49424 47900
49424 87120
49424 87447
87447 31622
87447 47900
87447 49424
87447 80307
87447 87120
31623 10777
31625 68356
68356 31625
31626 8316
31628 10781
31628 33998
31628 97942
31630 74808
31631 38702
31634 8316
80750 42137
80750 73590
80750 82797
31640 1165
31640 79971
31640 80512
31641 16545
31641 41909
31641 73696
31643 18247
31643 97283
31646 3526
31647 65844
65844 76504
31648 81185
31648 98817
81185 98817
31656 56777
31661 4899
31662 40033
31662 42271
31662 96828
42271 31662
42271 40033
42271 96828
31664 53384
31665 64868
31665 71858
31668 9533
31668 70282
31668 80626
70282 9533
70282 80626
31673 14054
31673 30662
31673 51790
31679 89496
31681 1532
31681 96298
31681 97436
31686 44570
31687 78244
31688 1536
31692 41909
31694 67692
31695 30846
31695 38725
38725 30846
38725 31695
31699 96428
96428 74964
31700 6236
31702 74566
31702 91746
74566 31702
74566 91746
91746 31702
91746 74566
31703 55028
31703 97834
55028 8316
31704 74082
31706 50732
31707 71480
31707 93902
31710 37155
31710 70923
31710 96516
31711 45425
31725 8746
31725 90493
31726 55132
31726 78144
55132 78144
78144 55132
31728 21682
31728 43110
31729 58758
31731 61168
61168 31731
31735 7314
31742 18545
31749 41909
31750 96933
96933 31750
31754 36292
31755 97805
31758 11780
31760 8650
31760 14479
31761 47379
31761 54147
47379 54147
31762 34213
31762 73590
31763 97283
31774 55359
31774 85994
31777 87889
31778 32207
31778 99379
32207 99379
31780 62597
31780 72798
72798 31780
31788 32701
31789 54361
31791 1657
31791 18974
31791 44898
31796 16804
31797 82712
82712 31797
82712 76782
31801 87059
31813 42310
31813 45031
31814 32959
32959 96348
31815 50810
31815 87910
50810 82760
50810 87910
31818 63870
31819 8316
31821 7314
31821 36266
31821 77682
36266 7314
36266 31821
36266 77682
77682 7314
77682 31821
77682 36266
31826 90599
31829 74510
31829 83235
31840 12437
31840 66562
31844 33198
31860 16506
31860 41213
31860 66509
31863 56358
31863 66711
31863 67720
67720 56358
67720 66711
31864 44697
31864 89846
44697 89846
31866 98081
98081 31866
31871 22766
31871 96425
96425 22766
31872 40052
31874 41914
31875 33923
31889 20010
31890 48899
48899 31890
31891 91049
31897 54147
31897 57133
31898 49948
31898 88986
88986 643
88986 49948
88986 62736
88986 74031
31906 91827
31908 54147
31908 69356
31913 82685
31921 31180
31923 8955
31924 7314
31924 56327
56327 7314
56327 31924
56327 56224
31930 98666
98666 31930
31934 41909
31934 73696
31938 98805
98805 31938
31939 37516
37516 31939
31948 55793
31948 58118
58118 53037
58118 53468
58118 55793
92569 31955
31960 43115
31961 75025
31961 86084
75025 31961
75025 86084
31962 9791
31962 39151
31962 73590
31962 73701
31962 78130
31962 82797
31965 4131
31969 11663
31969 13189
31971 22007
31972 32932
32932 31972
31977 54147
31979 76018
76018 31979
31980 73402
31984 86299
31988 50402
31988 78363
31989 91536
31993 8756
31997 8735
32006 92767
92767 32006
32009 96781
96781 32009
32010 41909
32012 36349
32013 89289
32013 94605
94605 32013
94605 89289
32014 82235
82235 32014
32019 43121
32019 55122
43121 32019
43121 55122
32020 62378
62378 59181
62378 70969
32021 38188
32021 68482
32021 69634
32021 81697
38188 32021
38188 68482
38188 69634
38188 81697
69634 38188
69634 68482
69634 81697
81697 38188
81697 68482
81697 69634
32026 40996
32032 75546
75546 56740
32035 65827
32039 74601
32053 5623
32054 78025
32055 4625
32055 93480
32056 79754
32062 44618
32063 18408
32063 72516
72516 18408
32074 16545
32074 41909
32074 73696
32079 88602
32080 77517
77517 32080
32081 51683
32081 83129
32081 87554
83129 32081
83129 51683
83129 87554
87554 32081
87554 51683
87554 83129
32083 54147
32083 65209
32083 78046
65209 32083
65209 54147
65209 78046
78046 32083
78046 54147
78046 65209
32084 6236
32084 64112
32086 81001
32086 89536
81001 32086
81001 89536
89536 32086
89536 81001
32087 37702
32095 3388
32095 43018
80465 8667
80465 22244
80465 32096
80465 71133
32097 3919
32097 96754
32097 99473
32102 93263
32103 73079
32103 92516
73079 21380
92516 32103
92516 73079
32104 11498
32109 36735
32113 14499
32115 54147
32116 75704
32118 52416
32119 41936
32126 54155
32127 31746
32128 29778
32137 35066
35066 13723
35066 78648
35066 80338
32139 21682
32143 31765
32143 47376
32143 92042
32144 52578
32146 28688
32146 40162
32152 91765
32155 12016
32160 37227
32160 83946
37227 32160
37227 83946
83946 32160
83946 37227
34291 27256
34291 32163
34291 55020
63971 17778
63971 32163
63971 33472
99913 32163
99913 33782
99913 48888
99913 59565
32164 54373
32166 59429
59429 74214
59429 97946
32171 78605
78605 32171
32177 63751
63751 32177
32178 57596
32180 58321
32181 47468
32182 23086
32182 46219
46219 23086
46219 32182
32185 12950
32195 21682
32198 95152
32199 96059
32201 73521
32206 74629
74629 32206
32209 78968
78968 32209
32214 6805
32214 55812
32216 32163
32216 48888
32218 7314
32218 44083
44083 7314
32221 52411
52411 92038
32224 87322
32230 79814
79814 32230
32234 77685
77685 32234
32240 74397
32245 30837
32245 53594
32248 7314
32249 3054
32250 35323
32250 65827
35323 32250
35323 65827
32258 15545
32258 93576
32260 75433
75433 32260
32264 4106
32264 23490
58035 32265
58035 99483
66195 32265
66195 99483
32270 56901
32270 66974
32270 95973
95973 32270
95973 55346
32271 50420
32277 58366
32277 73927
58366 57479
73927 57479
73927 62289
32279 1422
32279 83466
83466 1422
32282 14674
32282 61669
61669 14674
61669 43686
32288 43633
32288 96197
43633 32288
43633 96197
32290 75935
75935 32290
32292 87218
32293 70154
32293 83850
32303 91050
32306 99040
32308 18889
32308 21848
32312 39822
32312 47425
47425 39822
47425 63983
47425 97413
32319 44441
44441 32319
44441 61136
32320 2510
32323 42136
32323 72238
72238 26253
72238 42136
32326 41909
32327 32544
32327 51232
32327 54404
32544 32327
32544 51232
32544 54404
51232 32327
51232 32544
51232 54404
54404 32327
54404 32544
54404 51232
32328 7314
32331 3180
32334 70211
32340 3611
32342 13771
32347 31180
32347 77141
77141 31180
32348 91323
32348 92207
91323 32348
92207 13874
92207 86408
32351 75605
32370 36482
36482 32370
32371 24304
32371 79375
79375 32371
32377 73642
32377 76969
32378 3606
32385 62151
78798 32388
32390 99040
32394 83540
32396 51614
32402 42170
42170 32402
32404 7314
32406 12958
32406 39715
32407 22748
32411 33665
32414 6131
32416 70061
32420 32163
32425 5776
32425 8670
32426 6771
32427 513
32427 22208
32427 42443
32427 99841
32428 56650
32431 94706
94706 32431
94706 94384
32434 82874
82874 24393
82874 76074
32435 78970
32436 40617
32436 46807
32444 78326
32446 46170
32446 65265
32451 8385
32452 31981
32452 43902
43902 31981
43902 32452
32461 27618
32468 72329
32472 63960
32474 3669
32476 80920
32476 82450
82450 13657
32477 52730
32477 60234
32482 76946
32484 33194
32485 32088
32487 80423
32488 50734
32490 93808
32494 4763
32496 17875
32500 13177
32507 75265
32507 86219
75265 32507
75265 86219
86219 16440
86219 32507
86219 57702
32510 89400
32512 40158
32514 9533
32514 80626
32515 73211
73211 32515
32516 93883
32517 91280
91280 32517
32523 45315
32530 54361
32539 57529
32539 87585
32539 90748
32541 69733
32550 36628
36628 19470
36628 84436
32551 9714
32551 27281
32553 79289
32553 89289
79289 32553
79289 89289
32554 63325
32557 7314
32561 85866
85866 32561
32583 22128
32584 99271
99271 32584
99271 63841
32588 95195
95195 32588
32593 942
32595 40646
32595 63094
32595 78970
63094 25708
63094 32595
63094 42616
63094 98228
32596 85370
63854 20072
63854 32597
63854 35952
63854 36919
63854 85694
48864 50284
50284 48864
32602 43342
32602 58919
32602 96410
32602 97430
43342 58919
43342 97430
58919 43342
58919 97430
96410 43342
96410 58919
96410 97430
97430 43342
97430 58919
32608 32163
32608 48888
32609 54895
32610 45710
32610 75458
32614 27580
32614 77618
77618 32614
32618 94536
32620 53023
32623 82794
32630 51711
51711 32630
32632 72428
72428 32632
32633 5023
32633 39185
32633 55617
32633 56300
39185 56300
39185 73612
55617 39185
55617 56300
55617 73612
56300 39185
56300 73612
32634 45259
32634 86179
32638 42357
32638 47040
47040 97537
61566 1089
61566 32640
32650 57528
32650 92760
32654 4635
32654 29459
98474 19045
98474 32655
98474 39152
32657 85445
32666 23211
32666 92163
92163 23211
92163 32666
32671 43513
32676 8177
32676 36292
32677 33082
32677 74929
33082 74929
32679 13179
32684 16545
32684 41909
32684 73696
32697 21683
32697 66031
32697 75450
66031 32697
66031 62138
32703 52636
32704 57913
32706 98508
32708 72089
32708 88281
72089 32708
72089 88281
32712 58586
32712 75753
32715 40458
40458 32715
32720 62161
32726 53267
32726 64354
64354 53267
64571 32163
64571 32727
64571 38381
64571 48888
32728 79226
32728 94673
79226 32728
79226 94673
32733 80515
32738 7153
32738 45902
32738 82624
45902 7153
45902 32738
45902 82624
82624 7153
82624 32738
32746 41214
32751 4478
32758 51102
51102 32758
32760 211
32760 32163
32770 52255
32770 86508
52255 32770
52255 86508
32773 92082
32787 80484
32789 56650
32789 95939
95939 32789
95939 56650
32793 48068
32794 15174
32796 6885
32796 61960
32799 44141
44141 32799
32800 36292
32800 39249
32800 74197
32800 82061
32800 95427
39249 5201
39249 7314
39249 18635
39249 21682
39249 23211
39249 30965
39249 32163
39249 32800
39249 41909
39249 53353
39249 54147
39249 56899
39249 71755
39249 74197
39249 82061
39249 82685
39249 83224
39249 92139
39249 95427
74197 32800
74197 39249
74197 82061
74197 95427
82061 32800
82061 39249
82061 74197
82061 95427
95427 32800
95427 39249
95427 74197
95427 82061
32801 71146
32805 11328
32806 48846
48846 5208
48846 48096
32807 1501
32807 8540
32807 21707
32807 42777
32807 47580
32807 81170
81170 28562
32808 32270
32808 95973
32809 86283
32810 39922
39922 32810
32812 8837
32812 52099
32819 68825
32824 10798
32824 39387
32824 90412
90412 10798
90412 32824
90412 39387
32827 46634
32830 41909
32855 43601
32855 50732
32857 91493
32858 97297
37039 52532
37039 76781
32865 59788
32865 63056
63056 33994
63056 54616
32867 78244
32868 21369
32876 28842
32876 77996
32877 44787
32877 88349
44787 32877
44787 88349
88349 32877
88349 44787
32881 97399
32882 89466
89466 32882
89466 90559
32893 31627
32893 44381
32897 75550
75550 32897
32898 29434
32899 43828
32904 41097
32904 46316
41097 32904
41097 46316
32911 85888
32913 76969
32914 7314
32914 85892
85892 7314
85892 32914
32916 60424
58228 13809
58228 22978
58228 36400
32926 20845
32930 8650
32936 6111
32942 1406
32942 70281
32945 33219
32947 51318
32948 32735
32948 50642
32948 60001
50642 42626
32952 97985
32953 7539
32954 79333
32958 34438
34438 32958
96348 32959
32962 54147
32969 11684
32969 94657
32970 35877
32970 40406
32970 52096
32970 60133
32970 79883
40406 32970
40406 35877
40406 52096
40406 60133
40406 79883
52096 35877
52096 79883
60133 32970
60133 35877
60133 40406
60133 52096
60133 79883
32978 65075
32979 21682
32979 36886
32979 68112
36886 21682
36886 32979
36886 68112
68112 21682
68112 32979
68112 36886
32980 45425
32983 61791
32995 38817
32995 55816
32997 13564
32997 47578
47578 13564
47578 32997
33007 91360
91360 33007
84063 7049
84063 8743
84063 33008
33009 89859
33011 14897
33018 60876
33023 53051
33023 91458
91458 43600
33024 99717
33028 86078
33029 20094
33030 97975
97975 33030
33039 15345
33044 7314
33044 53746
53746 7314
53746 33044
33050 32163
33053 83488
83488 33053
33054 67386
33058 85179
33060 67255
33063 28080
33063 97474
33065 89027
33065 96470
89027 33065
89027 96470
96470 33065
96470 89027
33066 57791
33066 68488
33068 3054
33072 91877
91877 33072
91877 82985
33076 70154
33076 83850
33081 48733
33094 48691
48691 66333
33097 18394
33097 99451
33099 64661
64661 33099
33100 77824
33102 41909
33102 56563
56563 33102
56563 35902
56563 41909
56563 79082
33104 5314
33107 77433
77433 33107
33109 80533
80533 5101
33116 28124
33116 84654
33116 86490
33120 67393
33124 69342
33124 85625
69342 33124
69342 85625
85625 33124
33130 3170
33130 20514
33134 39304
33136 32163
33136 48888
33136 55600
55600 32163
55600 48888
33139 9933
33140 67508
33141 89496
33142 26067
33142 36699
33142 82122
33142 84830
36699 26067
36699 33142
36699 82122
36699 84830
33152 74601
33159 8183
33159 11292
33159 24955
33159 25792
33159 80456
33167 67156
33168 71621
71621 33168
33169 98066
33170 52679
33173 18299
33177 70875
33178 32163
33178 67286
33186 63359
33193 45497
33193 78819
45497 78819
78819 45497
33199 88795
33202 7319
33205 711
33210 23518
33210 52096
33210 72960
33210 75753
72960 12219
72960 33210
72960 39163
72960 55229
72960 75753
72960 83750
72960 92359
33218 4562
33224 76969
33229 7970
33229 62552
33230 97834
33231 24066
33231 36197
33231 55818
33231 68385
33238 12482
33238 20638
33240 89444
33240 93003
33241 30474
33241 90835
33242 9980
33242 74227
33242 79525
79525 33242
33244 98399
33252 32163
33252 47823
33252 48888
33255 38508
38508 33255
33256 16202
33256 39486
33256 60321
33260 74250
33267 3054
33267 47020
47020 3054
47020 33267
33269 63866
33275 31606
33275 68883
68883 33275
33276 54511
33276 76366
33288 94291
33296 7314
33300 45425
33302 18408
33302 45800
45800 18408
33303 68145
33322 13996
33322 32163
33322 33185
33322 39682
33323 17667
33326 33999
33326 57791
33999 57791
33327 19352
33332 9885
33333 76221
33333 91692
91692 76221
33334 64678
64678 92453
33335 9889
33335 49087
33336 36292
33336 40124
33336 59324
40124 33336
59324 33336
59324 36292
59324 44885
59324 48603
33341 33770
33341 59673
33344 4898
33344 7575
33347 83544
83544 33347
33349 26269
33349 46951
33349 58441
33353 76443
33357 10148
33357 94430
33359 81328
33360 94343
33363 36197
33366 30638
33366 34312
33366 53357
33366 64562
33367 37406
33367 46347
46347 33367
33371 22393
33378 32163
33378 47823
33382 66627
33389 36602
33389 57791
33393 76062
33394 57791
33394 68488
33398 65946
33404 1586
33404 24154
33404 49987
33404 53795
33404 65801
53795 24154
53795 49987
33406 36292
33407 14393
33410 55583
55583 33410
55583 93717
33411 36369
36369 33411
33412 19374
33418 8127
33420 16545
33420 73696
33424 4129
33424 36197
33425 44538
33425 90551
44538 90551
90551 44538
33437 94657
33439 26705
33439 86078
33441 50402
33444 23303
33444 74090
33444 96517
33445 43511
33445 94109
43511 33445
43511 94109
94109 33445
94109 43511
33447 14393
33450 79050
33457 53366
33457 86080
33458 83756
83756 33458
33460 5314
33462 16974
33467 74311
74311 33467
33470 14244
33470 40256
33473 97869
33475 95215
93185 33478
93185 63971
93185 95711
33481 27154
33485 2755
33490 54147
33494 58562
33495 75345
33496 7190
33504 79911
33504 91170
79911 33504
91170 17806
33508 48679
33508 87493
48679 33508
48679 87493
87493 33508
87493 48679
33513 72678
72678 33513
33521 54147
33523 16868
33523 48667
33530 49249
49249 33530
33541 71971
33546 15891
33546 29981
33546 36292
33546 66614
33546 82481
82481 36292
82481 39372
82481 78952
33547 47493
33549 8320
33549 64527
64527 8320
64527 15683
64527 33549
33550 6084
56039 33551
89394 33551
33554 66858
33555 36292
33555 41306
33555 54457
33555 71342
33555 81413
41306 33555
41306 36292
41306 54457
41306 81413
54457 33555
54457 36292
54457 41306
54457 81413
71342 34315
71342 48979
71342 89615
81413 33555
81413 36292
81413 41306
81413 54457
33559 36712
33559 42797
33559 47048
36712 33559
36712 42797
36712 47048
36712 78820
47048 36712
47048 42797
33564 31134
33570 98817
52621 33579
33581 46246
33583 2865
33583 41909
33584 18314
33584 78827
33595 29601
33595 65326
33597 57730
57730 57745
33598 15505
33598 45564
33598 55980
33598 83268
33598 91035
33599 54308
33600 62604
62604 33600
33601 1225
33602 72567
33607 86621
33611 10971
33611 74066
33613 64681
33613 78401
64681 33613
64681 44093
64681 78401
78401 64681
33614 33605
33617 54147
33624 62929
33627 33819
33630 21149
33630 75753
33642 13892
60734 33644
60734 80198
60734 89386
80343 33645
33647 46928
33647 59113
46928 33647
46928 59113
59113 33647
59113 46928
33656 78503
78503 33656
33657 21858
33657 93037
33659 6013
33660 89098
33670 41951
33670 69229
33670 87690
41951 33670
41951 69229
41951 87690
69229 33670
69229 41951
69229 87690
87690 33670
87690 41951
87690 69229
33671 40777
33676 18520
33676 34215
33684 32163
33684 48888
33686 21433
33686 74678
33688 41909
33689 48906
33689 73336
48906 35538
33692 9933
33693 44522
33693 89997
44522 33693
44522 89997
33695 82426
33696 38246
33697 56406
33697 57543
33703 29474
33704 5577
33705 49488
49488 33705
33713 46077
33713 57791
33716 71971
33728 19565
33729 74397
33731 72193
33731 85558
33731 87519
72193 33731
72193 85558
85558 33731
85558 72193
87519 33731
87519 72193
87519 85558
33741 23198
33741 71221
33743 51151
33752 46649
33752 91058
35742 33755
35742 48867
33758 28900
33758 95574
33759 91584
91584 33759
33763 20819
33772 32600
33776 35763
33776 67498
33777 77189
33780 57113
33780 96066
33782 32163
33782 36863
33782 99913
36863 32163
33784 66257
33786 86299
33789 33999
33789 57791
33790 89426
33793 4398
33795 3919
33795 63992
33795 96754
33795 99473
63992 3919
63992 96754
63992 99473
33797 10777
33800 84440
33801 14055
33805 92417
92417 33805
33808 9384
33810 51683
33810 60879
93135 33823
33827 36292
33828 54511
33828 76366
33828 96232
33829 183
33836 54147
33838 43792
33840 32959
33848 4635
33848 29459
33855 8735
33858 47650
47650 33858
33861 42529
33861 79114
33861 96151
42529 98369
33871 83080
33872 82675
82675 33872
33873 89289
33878 26428
33878 75552
33878 98492
75552 26428
75552 33878
75552 98492
98492 26428
98492 33878
98492 75552
33879 45201
33879 59897
59897 45201
59897 79017
33883 60876
33884 53942
33886 46091
33888 12202
33888 47157
33888 57233
33888 73590
57233 33888
57233 47157
57233 73590
33890 80195
33895 38422
33895 47215
38422 47215
33897 39364
33897 95559
33899 69737
69737 33899
33902 39364
33902 54451
33902 89100
89100 39364
92850 33904
33906 8316
33910 69868
33913 7232
33913 52102
33913 80211
33913 92269
33915 40265
33915 49522
33915 65412
33915 97969
49522 33915
49522 40265
49522 65412
49522 97969
97969 33915
97969 40265
97969 49522
97969 65412
33916 15256
33916 64245
33921 13408
33924 32955
33928 16682
33928 28129
33928 49105
33935 83166
83166 33935
33936 41710
33936 50402
33936 50422
33936 55468
33936 58815
33936 82427
41710 33936
41710 50402
41710 50422
41710 55468
41710 58815
50422 33936
50422 41710
50422 50402
50422 55468
50422 58815
55468 33936
55468 41710
55468 50402
55468 50422
55468 58815
58815 33936
58815 41710
58815 50402
58815 50422
58815 55468
82427 33936
82427 41710
82427 50402
82427 50422
82427 55468
82427 58815
33938 82723
82723 1400
82723 67614
33939 80102
33940 32163
33940 60862
33941 79478
33941 80107
79478 80107
80107 79478
33942 86078
33947 23089
33953 33257
33954 43792
33963 58844
33968 36292
33970 78244
33971 32882
33971 90559
33984 97283
33985 11332
33987 56624
33987 81946
33994 15906
33994 85090
33995 28460
33995 35242
33995 81747
57346 18846
34001 32268
34008 10707
36759 34011
36759 45872
36759 71644
64145 34011
64145 40663
64145 71644
34020 51979
34020 57791
34023 11012
34023 63317
34023 83635
34024 38665
34024 50476
34026 88607
34029 71482
34029 72030
71482 34029
71482 72030
72030 34029
72030 71482
34033 41909
34037 82095
82095 51498
34040 77961
34041 58583
34044 46480
34044 67989
46480 34044
46480 67989
67989 34044
67989 46480
34045 59857
59857 34045
34051 57573
57573 86059
34054 40806
34057 41434
34057 94498
41434 98225
34063 48983
48983 56459
34069 7314
34072 31765
34072 47376
34072 92042
34073 26031
34074 26324
34075 14181
34076 99923
34077 69402
34086 21682
34094 68843
34100 89951
89951 34100
34105 29433
34105 51061
34106 21026
34107 65515
65515 31393
65515 34107
65515 66064
34111 59779
34111 60428
34111 88617
59779 34111
59779 60428
59779 88617
60428 34111
60428 59779
60428 88617
88617 34111
88617 59779
88617 60428
34114 68592
34120 37269
34120 78157
37269 78157
78157 31564
78157 34120
78157 37269
34122 66185
34122 68465
66185 14034
66185 34122
66185 46756
66185 68465
66185 87322
66185 87753
34124 4625
34124 35043
34124 59858
35043 11136
34128 51495
34128 68282
68282 51495
34129 43268
34129 70844
34133 60267
34136 8641
34145 58807
34147 46670
34147 49671
46670 34147
46670 49671
49671 34147
49671 64924
34154 61356
34157 80252
34158 28123
34158 40822
40822 28123
40822 73021
40822 85165
34161 21682
34161 90753
34161 98108
90753 21682
98108 2028
98108 14619
98108 21682
98108 39469
98108 48630
34164 68605
34164 86232
68605 40856
68605 43156
86232 40856
86232 43156
34166 74397
34171 16332
34171 74929
34181 68457
34181 71234
68457 71234
34191 85888
34197 15259
34197 76023
34198 14674
34198 93648
93648 14674
34199 38789
34199 43833
34202 50814
34202 89924
82931 34203
82931 98618
34204 80301
34205 8316
34205 34327
34327 8316
34211 18447
34218 46770
46770 34218
34220 20846
34220 47387
34220 76136
76136 20846
76136 34220
76136 47387
34221 3919
34221 96754
34221 99473
34223 62509
34223 67549
62509 34223
62509 67549
67549 34223
67549 62509
34225 44171
34226 53382
34233 75921
75921 67299
34234 49234
34238 8989
34244 8997
34246 43983
34255 97862
97862 4576
97862 63884
97862 98863
34264 74397
34266 20124
34266 32163
34267 27924
34268 54403
34268 76939
76939 34268
76939 54403
34269 99375
99375 34269
34270 30829
34274 82685
34277 87012
34279 91848
91848 34279
91848 47334
34281 14672
34283 71302
34284 40291
34284 41011
34284 82110
40291 41011
40291 82110
41011 40291
41011 82110
82110 40291
82110 41011
34287 62680
34290 55832
55020 32163
34292 42903
34293 86693
86693 34293
34294 59878
34294 70356
34294 78924
59878 70356
59878 78924
59878 83639
78924 298
78924 59878
78924 70356
34297 37473
34297 63744
37473 34297
37473 63744
63744 34297
63744 37473
34303 58321
34306 83947
34307 57503
34309 70804
70804 34309
34310 13179
34315 15259
34315 37388
34315 76023
37388 8553
37388 15259
37388 76023
34320 40982
34321 28244
34324 74921
34324 91458
34325 16981
34325 87763
34328 27146
34337 69511
69511 6224
69511 26815
69511 41439
34339 48487
34339 75378
48487 75378
75378 48487
34341 35786
34341 40033
34341 54095
34341 96828
34341 99952
35786 40033
35786 54095
35786 96828
54095 35786
54095 40033
54095 96828
99952 34341
99952 40033
99952 96828
34348 36683
34350 32163
34353 33112
34359 3054
34361 28733
34362 67397
34367 36121
34367 62032
36121 34367
36121 62032
62032 34367
62032 36121
34370 4027
34370 47954
34375 88803
88803 34375
34380 3173
34380 79237
34381 20612
34382 68080
34383 41909
34385 69247
34388 13892
34390 93602
34401 36074
34407 45080
34407 58112
34407 71408
45080 34407
45080 58112
45080 71408
34409 71743
71743 34409
34417 93599
93599 34417
34420 1615
34420 99717
34423 1304
34423 80662
34425 33888
34425 47157
34425 53860
34425 73590
53860 33888
53860 34425
53860 47157
53860 73590
34432 44668
34439 41909
34440 42377
34440 76041
42377 34440
42377 76041
42377 93903
76041 34440
76041 42377
34443 77917
34446 49693
34446 86613
34446 94128
94128 6345
94128 28493
94128 36235
94128 79168
34447 14672
34448 36292
34450 85331
34453 43967
34453 55956
34453 70733
43967 34453
43967 55956
43967 70733
55956 34453
55956 43967
55956 70733
70733 34453
70733 43967
70733 55956
34455 37959
37959 63318
37959 79808
34456 9566
34456 47837
34457 93305
34460 41714
34460 88055
41714 34460
41714 88055
34461 84217
34461 95011
84217 23526
95011 34461
34462 2540
34462 25841
34466 13237
34466 68089
34468 86146
34470 14190
49889 322
49889 32163
49889 34472
34482 22128
34482 37472
34482 83854
34486 66001
66001 34486
34490 97798
97798 34490
34492 11015
34496 86394
34502 91590
91590 48994
34504 31180
34506 22737
34512 75605
34513 7847
34517 86621
34521 942
34525 23856
34529 54343
34532 61315
34533 13809
34533 71633
34536 29251
34536 30885
34536 86410
34536 98633
34542 37801
34542 41307
34542 92949
37801 34542
37801 41307
37801 92949
41307 34542
41307 37801
41307 92949
92949 34542
92949 37801
92949 41307
34545 32163
34545 93269
93269 32163
34549 74397
42635 34552
34553 58033
34554 39532
34554 66458
39532 34554
39532 66458
66458 34554
66458 39532
34555 56377
34555 69839
34555 82716
34556 64535
64535 34556
75669 19470
75669 34558
75669 35382
75669 84436
34567 7314
34568 4274
34569 32163
34569 48888
34572 32916
34572 60424
34579 41909
34579 69628
34582 41123
34594 36292
34595 31968
34600 73521
34608 72103
34609 82433
82433 34609
34611 99520
34616 99040
42340 2522
42340 91272
34625 70710
34627 42114
34629 57791
34632 73602
73602 34632
34638 53024
34641 10975
34641 38775
34641 74266
34642 83755
83755 34642
34646 16232
34650 96059
34651 44668
34654 12979
34657 30118
34662 41909
34667 36270
34671 25267
34671 53804
34677 14672
34678 3497
34678 64558
34684 54147
34688 86990
34690 7314
34697 49583
34700 10639
34701 42680
34701 83522
34706 70386
34707 97924
97924 34707
34712 1068
34721 9244
34724 36292
34732 12079
34736 72835
34736 80292
34736 81624
34739 30332
34739 49415
34742 39565
34745 36822
34753 10777
34756 38966
38966 56848
34764 96748
34765 42606
42606 21
34766 29106
34770 47288
34770 68741
34770 72859
47288 68741
47288 72859
68741 47288
68741 72859
72859 47288
72859 68741
72859 86129
34778 53296
34792 4338
34792 48454
34796 29666
34810 47140
34817 55306
34828 65992
65992 34828
34831 15593
34831 73422
73422 15593
34837 54147
34838 83541
83541 34838
83541 54888
34862 83875
34863 98569
34876 53921
34876 78765
53921 34876
53921 78765
78765 34876
78765 53921
34877 36543
34878 75065
75065 34098
75065 59104
75065 84987
34883 74156
34884 32163
34884 48888
34891 8329
34891 13073
34891 42758
34891 59448
34891 61820
34891 78021
34891 78516
34891 86699
86699 48462
86699 59084
86699 78021
34892 79813
34896 74397
34897 40679
34903 74510
34903 83235
34904 52952
34904 74397
52952 74397
34909 24177
34910 21682
34910 83977
34911 80189
34911 85388
34911 86910
80189 86910
85388 80189
85388 86910
86910 80189
34916 3672
34921 12613
34924 21359
34929 86621
34932 41227
34941 23086
34944 35554
35554 34944
34948 44327
34948 88222
44327 16165
44327 27441
44327 88222
88222 11543
88222 43734
88222 44327
34949 45086
34949 94456
45086 94456
94456 45086
34952 56777
34956 59342
34956 87335
87335 59342
34957 68727
68727 34957
34958 32825
34963 96957
96957 34963
34964 4547
34966 54376
34969 68513
34973 13809
34973 22978
34974 27263
34975 20205
34975 85500
34975 89167
34976 67455
34979 35136
35136 34979
34984 41190
34986 7131
34986 54147
34986 77436
34995 86335
86335 34995
34997 97283
34998 40402
34998 92755
40402 92755
92755 40402
35001 63763
35003 7738
35003 18584
35003 47431
35006 49995
35007 95390
95390 35007
35030 78244
35030 88863
35031 14750
35031 73642
35031 76969
35036 44367
44367 35036
35042 45312
45312 35042
35044 12311
35044 43100
35044 43426
35044 80407
35048 37783
37783 35048
35052 63549
35052 82689
35052 90169
63549 35052
63549 82689
63549 90169
90169 35052
90169 63549
90169 82689
35054 49273
35056 3693
35056 62583
35059 67182
35062 35139
35062 49937
35062 58787
35139 35062
35139 49937
49937 35062
49937 35139
58787 35062
35064 29236
78648 80338
35067 74513
35069 32163
35069 35447
35069 93403
35447 32163
35447 40449
35447 89955
35075 55929
35075 97027
35076 66375
35080 94314
35081 55031
35081 77339
35083 48538
35087 40150
35087 79257
35092 41909
35093 95122
95122 35093
95122 49055
35100 85997
35104 59788
35105 6506
35116 54789
35117 54147
35120 86204
35121 90473
35127 54892
54892 11300
54892 35127
35131 7435
35131 93590
93590 7435
93590 35131
35140 80312
35140 87027
80312 87027
87027 80312
35142 71981
35147 68245
35150 58801
35152 53616
35152 64989
53616 35152
53616 64989
64989 35152
64989 53616
35153 46314
35154 62833
35156 59579
35156 83247
59579 35156
59579 83247
83247 35156
83247 59579
35161 8350
35161 74397
35162 76768
35166 65506
35168 74397
35173 14672
35176 35380
35176 67751
35380 67751
35380 94697
35177 32920
35178 19914
35182 43963
35187 32163
35187 47823
35187 48888
35190 65313
35197 78171
78171 35197
35203 36787
35209 43946
35209 51668
35209 86050
51668 35209
51668 43946
51668 86050
86050 35209
86050 43946
86050 51668
35213 36292
35219 60365
35221 5314
35226 16545
35226 41909
35226 73696
40666 35230
40666 55107
46848 35230
46848 55107
35235 36197
35237 26672
35243 36069
35243 36292
35243 43091
35243 71342
36069 43091
43091 36069
35244 76762
35245 53263
53263 40778
35246 54789
35255 73486
73486 35255
35257 58462
35260 4547
35261 72229
72229 35261
35263 7539
35263 75053
35263 88635
75053 7539
75053 35263
75053 88635
88635 7539
88635 35263
88635 75053
35272 51252
35272 60725
51252 60725
35278 5108
35279 53495
35280 1155
35280 8197
35286 56506
56506 35286
35288 79902
35290 35905
35290 57181
35290 99089
35905 31258
35905 35290
35905 57181
35905 99089
57181 35290
57181 35905
57181 43270
57181 99089
99089 35290
99089 35905
99089 57181
35291 90755
90755 35291
35294 82856
82856 35294
35299 84682
84682 35299
35306 21682
35306 50306
35306 97133
50306 21682
50306 35306
50306 97133
97133 21682
97133 50306
35322 40515
35330 74397
35334 13505
35334 87899
35334 99379
35344 71963
35349 18512
35351 7321
35351 67304
35353 15256
35353 58018
58018 15256
58018 35353
35354 23079
35354 40474
35354 44068
35354 65523
44068 40474
44068 94584
65523 45066
35355 36197
35355 88710
35356 37909
35359 57312
35364 19455
35364 98598
35365 27093
35365 74376
35366 52043
35366 61394
35366 83612
52043 35366
52043 93902
83612 35366
35367 6236
35367 64112
35372 36477
35374 37156
35374 62518
94697 35380
35382 10485
35382 34558
35382 35578
35382 64474
35382 81894
35389 7560
35390 78585
35397 11789
35397 31968
35401 74235
74235 35401
35408 2912
35415 8881
35415 23666
35419 42529
35419 79114
35419 96151
35424 5820
35424 54003
35424 86299
35428 58883
58883 35428
35430 62889
62889 35430
35433 70784
35439 17547
35439 47927
35442 30085
35442 58218
35442 77817
58218 30085
58218 35442
58218 77817
77817 30085
77817 35442
77817 58218
35444 66365
35445 41190
40449 35447
35448 13929
35450 51614
35451 36208
35451 70597
35451 71013
35451 85276
70597 81220
70597 85276
71013 70597
71013 81220
71013 85276
85276 70597
35452 71309
35453 2874
35453 5133
35453 88467
35455 57234
57234 35455
57234 96078
49108 34973
35460 50841
35461 94536
35462 28774
35464 41321
35469 52099
35470 14672
35471 66367
35471 97547
35473 70818
35473 81791
70818 35473
81791 66067
81791 99306
35475 92503
35476 45821
45821 35868
45821 41928
45821 56033
35477 3508
35477 53388
35479 66763
66763 35479
35482 20494
35482 75572
35482 81504
35486 30145
35486 76768
35487 72414
35490 1536
35492 51096
51096 35492
35494 41123
35498 37558
35498 45590
37558 45590
45590 37558
35499 21640
35502 25245
35502 41909
35502 76161
35503 23899
35511 76940
35511 98447
35518 2406
35520 12843
35523 1532
35523 91228
35523 96298
35523 97436
35524 59425
35527 16930
35529 85372
35532 50641
35534 69356
35539 97283
35542 12946
35549 47528
35559 19564
35561 62690
35562 31878
35572 24688
35572 55604
55604 24688
35574 40675
40675 35574
40675 71685
35580 41798
35580 51367
35580 53587
35580 61553
41798 35580
41798 61553
51367 35580
51367 61553
53587 35580
53587 61553
35584 52673
52673 35584
35590 86682
35604 36447
35604 49706
35613 62758
62758 35613
62758 95719
35615 89707
89707 35615
35618 50129
35619 32821
35623 9965
35627 91198
91198 35627
35628 35576
35629 74510
35629 83235
35630 21682
35634 54147
35641 10482
35642 99650
35645 81043
35653 17785
35653 90893
35656 7314
35660 84654
35663 4630
35663 54147
35663 85585
35666 19066
35672 31532
35673 17531
35674 38939
35679 4027
35679 29679
35680 10941
35680 21182
93074 25542
35685 6231
35691 7134
35691 22213
35691 36508
35691 57791
35691 92824
35693 84391
35699 20344
35704 1583
35704 5713
35704 12906
35704 43077
35704 65157
35708 22982
35710 97985
35713 13874
35713 86408
35713 92207
35716 7314
35717 83718
35721 91204
91204 35721
91204 99077
35722 83679
35723 88193
88193 35723
35724 58014
58014 35724
35725 62680
35731 10112
35732 99366
35733 90998
35734 8659
35734 59124
35734 59234
35743 45722
35743 62485
35746 34431
35747 57791
35748 58777
58777 35748
58777 45676
58777 84434
35749 91245
91245 35749
91245 37128
35750 68473
35754 65835
65835 35754
35760 13689
35760 21816
35760 31766
35760 50734
35760 51978
35760 68587
35760 91267
51978 91685
68587 91685
91267 18972
35761 54362
35761 66169
35761 81853
54362 35761
54362 66169
54362 81853
35762 18408
35767 62711
62711 35767
35769 4547
35770 86084
35773 59982
59982 35773
35774 3807
35774 26360
35774 42354
35775 8316
35776 60762
35776 71996
35776 86217
60762 35776
60762 71996
60762 86217
71996 35776
71996 60762
71996 86217
86217 35776
86217 60762
86217 71996
35778 24344
35778 56809
35779 4678
35779 5786
35779 20747
35780 23742
35780 27583
35781 26047
35782 54181
35782 74735
35782 77953
74735 94657
35785 46747
35787 67307
67307 35787
35788 72332
35789 15203
35789 38912
35792 33499
35793 14672
35796 38368
35796 62055
35796 87798
38368 35796
38368 62055
38368 87798
62055 35796
62055 38368
62055 79164
62055 87798
87798 35796
87798 38368
87798 62055
35800 63821
63821 35800
35802 97326
35805 80242
35808 8317
35809 46000
46000 35809
98091 5709
98091 28187
98091 34431
98091 35811
35812 69117
69117 35812
35823 21682
35827 45425
35830 17894
35839 27974
35840 75938
35841 55954
35847 34682
35849 69356
35852 76221
35853 17779
35853 22751
35854 79230
79230 35854
68262 35858
35861 17412
35867 24483
35870 73503
73503 35870
35874 53479
35874 75904
53479 35874
53479 75904
35885 331
35885 81872
81872 23244
81872 27580
35886 73926
73926 35886
35890 97719
35893 33288
35893 94291
35894 50961
35894 77451
35894 86512
50961 35894
50961 77451
50961 86512
77451 35894
77451 50961
77451 86512
35896 96447
35898 977
35898 20654
35898 34349
35898 68366
35899 6111
35902 41909
35902 56563
35902 79082
79082 35902
79082 41909
79082 56563
35904 68789
35914 20543
35917 3623
35919 51825
35919 53897
35919 54147
35919 77436
51825 35919
51825 46786
51825 54147
51825 77436
35924 94158
35924 94348
94158 35924
94158 94348
35931 16868
35936 57029
35951 91700
91005 32163
91005 92012
43839 35954
68150 45491
80951 35960
80951 87125
35962 20888
35962 41498
35969 57228
35969 94870
35972 26290
35972 59475
35977 76003
35979 7311
35979 71309
35983 48414
35984 23526
35984 50401
35984 91373
91373 23526
35986 6236
35987 78058
78058 14150
78058 35987
83878 38939
35992 60876
36000 67537
36000 85511
85511 36000
85511 67537
36002 54361
36012 80483
36022 78244
36023 39242
36023 44749
36023 62346
39242 36023
39242 44749
39242 62346
44749 36023
44749 39242
44749 62346
62346 36023
62346 39242
62346 44749
54412 36024
36028 29778
36028 51921
36028 99046
99046 66534
99046 91950
36034 12682
36036 25655
36036 58068
36036 63168
58068 25655
58068 48269
36037 21682
36039 38999
36040 40975
36045 74397
36046 43456
36048 32163
36050 65827
36050 74260
36073 15531
36073 59739
36076 5765
36076 66044
66044 5765
66044 36076
36078 95964
36079 23199
36080 88598
36084 24185
36085 39144
36086 94541
36089 60538
36090 42421
36094 46173
36094 94515
46173 36094
46173 52100
94515 36094
94515 52100
36095 93842
36100 6771
36102 57617
57617 36102
36103 97283
36106 42244
36106 47708
36106 52311
36106 78836
36106 84522
47708 42244
47708 52311
47708 84522
78836 42244
78836 52311
78836 84522
36108 82400
82400 36108
82400 36737
82400 83348
36110 2366
36110 4861
36123 31539
36123 51495
36124 31525
36124 73192
36124 74397
36125 29434
36126 98063
36133 82685
36136 19652
36140 68466
36143 57791
36143 86127
86127 57791
36144 39866
36144 85321
39866 85321
85321 36144
85321 39866
36146 50800
36146 71779
36146 80687
50800 36146
50800 71779
50800 80687
71779 36146
71779 50800
71779 80687
36147 57795
36148 32163
36148 48888
36149 84910
84910 36149
36152 74397
36153 46746
36153 88051
36155 19043
36155 93415
36158 36873
36165 76592
36165 82636
76592 36165
76592 82636
82636 76592
36167 52434
36167 74290
36169 74397
36178 7531
36178 63526
36178 90786
63526 7531
63526 90786
36179 55646
36179 66549
55646 36179
55646 66549
36191 7314
36193 87959
87959 36193
36194 47297
36196 19915
36203 99585
36207 57873
36207 81054
76008 71429
91471 71429
36219 95126
36220 8316
62876 36222
36224 58801
36230 80004
80004 36230
36233 85706
48549 36243
48549 49944
49944 25746
49944 36243
49944 87061
49944 99407
36252 7314
36252 55985
36252 93543
55985 2314
93543 2314
36257 48538
36261 43574
43574 31968
36268 75880
36268 94542
36268 99487
75880 94542
75880 99487
99487 75880
99487 94542
36272 67090
36276 41909
36276 69628
36279 52096
36280 36623
36287 7314
57906 36293
36299 7314
36301 92464
92464 36301
36305 66289
36306 69939
50211 75890
36325 67397
36328 86535
36328 87774
87774 11371
36329 72971
72971 36329
36331 6084
66132 80023
36339 74397
36342 36982
36350 84372
84372 36350
36358 17715
36358 77050
77050 9522
77050 17715
77050 82074
36362 81043
36364 45425
36364 71385
71385 45425
36368 94542
36372 22227
36376 56347
36378 34876
36378 53921
36378 78765
36379 29434
36379 32898
36383 97823
36384 41909
74225 30958
75010 83223
36397 10222
36397 28761
36398 94772
94772 211
36400 13809
36401 15005
36406 21682
36406 67030
67030 2028
67030 21682
36407 96980
36414 19896
36414 34863
36414 61108
36415 40272
36415 63555
36415 76563
76563 36415
76563 40272
76563 63555
36417 74733
36422 11033
36422 52938
52938 11033
52938 36422
36424 63019
63019 36424
36428 50732
36439 79333
36442 68165
36442 80044
80044 68165
36444 43792
36445 31771
36445 44094
36445 54490
44094 31771
44094 54490
36448 86204
36454 27917
36454 73393
36457 44039
36457 97471
97471 36457
36461 5052
36461 14537
36461 21135
36461 68429
36461 78778
36461 82873
36466 79159
36468 93822
36473 27449
36473 62680
36475 23422
36475 44541
44541 23422
44541 36475
36486 55122
36489 54147
36491 44572
36491 73683
73683 36491
73683 44572
44403 36493
44403 36953
36494 23299
36496 74397
36496 91228
36503 94156
36506 89168
36507 13719
36507 57625
36507 80441
80441 13719
80441 57625
36509 67615
36509 80531
67615 36509
36511 27362
36516 76232
36520 4874
36520 33557
36520 70370
36522 22138
36522 57791
36524 26355
36525 86078
36530 23611
36530 40236
36532 26173
36532 71765
36534 57791
50653 67751
79598 67751
36539 44972
36540 6603
36546 70830
36547 45970
36559 7314
36561 8735
36565 45425
36567 13996
36567 32163
36567 33185
36567 39682
36568 23005
36574 78244
36580 14674
36580 86613
36586 15090
36590 98385
36597 97397
97397 28665
97397 36597
97397 63316
36600 54355
54355 36600
36605 51040
36605 68465
36610 71331
36610 74001
71331 36610
71331 74001
74001 36610
74001 71331
50191 1739
50191 6236
50191 9110
50191 36611
69876 1739
69876 6236
69876 9110
69876 36611
36612 55485
36615 78729
36616 9805
36620 52171
98129 36623
36625 5864
36635 5208
36635 48096
36637 59360
36639 22596
36643 70061
36644 3759
36644 10025
36644 14261
36645 64890
36645 77339
36646 45391
36647 27521
36647 44869
36647 86078
44869 86078
36651 10639
36651 47438
36653 54147
36656 66997
36658 60247
36658 70943
36661 83216
36664 12910
36666 51812
51812 36666
51812 70295
36668 56304
36669 91493
36676 8454
36676 61820
36676 84452
36682 20321
36682 93616
36682 94736
36689 409
36690 10333
36690 52819
36692 7314
36695 90994
90994 36695
36697 67689
36697 77780
36697 95510
36698 48909
36698 67231
48909 67231
67231 48909
36700 88373
88373 36700
36706 56551
36706 67380
36706 95203
56551 36706
56551 67380
56551 95203
67380 36706
67380 56551
67380 95203
95203 36706
95203 56551
95203 67380
36711 39364
78820 12966
78820 36712
78820 37386
78820 42797
78820 47048
78820 87251
36714 15231
36714 31515
36714 60525
36714 96063
60525 86812
60525 95969
96063 62367
96063 92291
36719 34187
36719 55112
36722 11761
36722 52913
36725 89294
36728 67194
67194 55245
36730 384
36730 42600
42600 384
42600 36730
36731 59913
36737 82400
36738 54264
36740 14672
36741 64691
36742 4027
36742 9533
36742 80626
36743 1536
36743 78978
78978 1536
36744 92854
92854 36744
36746 24446
36746 32076
36746 38706
38706 24446
36747 3392
36748 7117
36748 36292
36751 84440
36758 3937
45872 34011
45872 36759
45872 71644
36766 98655
98655 40019
36767 20103
36770 32163
36770 48888
36771 61988
61988 36771
36788 49062
36788 64949
64949 92811
36789 74397
36791 9810
36791 61278
36791 93448
36791 95416
61278 9810
61278 36791
61278 93448
61278 95416
93448 9810
93448 36791
93448 61278
93448 95416
95416 9810
95416 36791
95416 61278
95416 93448
36793 34570
36796 41063
36796 95181
41063 54220
95181 55338
95181 94542
36798 9662
36799 41958
36801 29545
36801 62035
36801 98070
98070 29545
98070 62035
36811 16332
36819 49297
49297 36819
36820 84062
36836 83671
36838 37780
37780 13688
36840 81812
81812 36840
36845 36847
36847 36845
36851 20951
36851 51621
36851 61550
51621 12416
61550 51621
61550 99711
36852 32163
36852 47531
36852 48888
47531 32163
47531 48888
36854 58112
36854 71408
36855 6117
36855 66647
36856 83769
83769 36856
83769 63571
36857 50286
36858 78813
36861 52457
36871 87555
36874 87800
36874 99873
87800 36874
87800 99873
99873 36874
99873 87800
36875 49120
36877 22310
36877 77411
36877 95648
36887 45425
36888 90164
36889 93529
36891 69329
36893 50345
36893 54251
50345 54251
54251 1588
36910 17590
36918 38789
38168 36923
44209 13734
44209 36927
44209 41909
36928 17412
36929 182
36933 64623
36935 17412
36936 7563
36945 51683
36948 77617
77617 18532
77617 36948
36950 16545
36950 41909
36950 73696
36954 96322
96322 85405
36956 8345
36956 43017
36956 87890
36957 69212
36958 78658
78658 36958
78658 88796
36964 84440
36966 16868
36966 87167
87167 13310
87167 16868
36973 59788
36976 86238
86238 36976
36979 17547
36979 47927
36985 60758
36992 99665
36998 1588
37001 22231
37001 50950
37002 84737
37004 28759
37004 39934
37004 77927
39934 28759
39934 77927
77927 84561
37006 74397
37009 98071
37010 74808
37013 47888
37019 732
37020 47190
37020 97880
47190 37020
47190 54158
37021 80509
37021 96061
80509 37021
80509 96061
96061 37021
96061 80509
37026 68825
37027 74399
37037 51683
37037 82614
37037 83329
82614 51683
82614 83329
37038 79750
79750 33321
63902 32163
63902 48888
63902 76042
37041 58810
58810 37041
37042 41321
37048 18509
37054 9111
41839 67751
37062 32163
37062 48888
37063 32163
37063 48888
37065 22899
37076 95263
37080 44530
37093 69937
37096 45425
37102 98028
37103 45201
37115 54863
37116 70875
37119 62049
37127 75120
75120 37127
37128 74023
37128 74114
37128 75782
37128 81661
37128 93280
74023 74114
74023 93280
74114 74023
74114 93280
81661 74023
81661 74114
81661 93280
93280 74023
93280 74114
83676 5319
83676 32382
83676 37134
39578 37136
39578 57596
39578 98535
37143 22336
37145 25162
37145 31216
37147 63871
63871 37147
37150 34735
37152 31528
37152 64980
70502 36744
70502 92854
37157 83433
37161 50400
37161 90613
37164 20718
37164 30837
37164 53594
37164 57475
37164 91554
37167 23858
37168 43011
37168 75481
43011 37168
43011 75481
75481 37168
75481 43011
75481 54446
37172 71033
71033 28662
71033 37172
37176 12115
37176 69326
37180 76925
37184 88281
37187 53083
37188 39963
39963 37188
37191 2439
37192 1826
37194 71157
37209 2107
37209 3765
37215 41909
37226 45593
37226 93797
37228 7235
37231 55122
37236 80944
80944 37236
37239 71
37239 20072
37239 31503
37240 94536
37243 41909
37247 36900
37251 86295
86295 37251
86295 92469
37252 58134
37252 62805
37252 89074
58134 62805
58134 89074
62805 37252
62805 58134
62805 89074
89074 58134
89074 62805
37253 90791
37256 41909
37256 73696
37256 77312
77312 41909
77312 73696
37260 64669
37262 1298
37262 7124
37262 65719
65719 1298
65719 37262
37263 96197
37266 39911
39911 37266
37270 13177
37270 14235
37270 49951
37270 56251
37270 95548
37272 70053
37274 54276
37275 18135
37275 32163
37276 89289
37278 16983
37278 37904
37278 41537
37278 72944
37904 41537
37904 56674
37904 72944
37904 84654
72944 37904
72944 41537
72944 84654
37279 17293
37284 52208
37286 65983
37286 84352
37286 86340
37288 44972
37290 62428
62428 37290
37292 49629
37292 72254
72254 49629
37304 71926
37304 86244
71926 37304
71926 86244
86244 37304
86244 71926
37307 69070
37307 76768
37310 29805
37310 49658
37318 20742
37318 89241
37322 16868
37322 33523
37322 48667
37325 65216
37328 17806
37328 64809
37334 32449
37337 63241
37337 88207
37337 92404
63241 92404
88207 63241
88207 92404
37345 23526
37345 50401
37350 89165
89165 37350
37354 95965
95965 37354
95965 60074
37356 83216
37357 57596
37357 60876
37365 31627
37365 44381
37368 8435
37368 13685
37368 27581
37377 14011
37379 76015
37379 96211
37384 24562
37384 32163
37384 34291
37384 48888
37387 48115
37391 34945
37392 94677
94677 51611
94677 61328
37393 46968
37395 45202
37395 87807
45202 37395
45202 87807
87807 37395
87807 45202
87807 53353
37398 97212
37411 9207
37412 11401
37412 67757
37413 70833
37414 2863
37417 10471
37417 75693
75693 10471
75693 37417
37421 76757
37423 97172
37424 7314
37424 55530
55530 7314
55530 37424
37431 54147
37431 88030
88030 37431
37432 97283
37434 23911
37434 94799
37435 46932
37435 97728
97728 46932
37440 943
37446 38650
37447 32702
37447 37790
37447 67385
37447 90269
37790 70596
90269 37790
90269 70596
37449 57479
37450 66112
37450 74397
66112 37450
66112 74397
37453 98990
98990 37453
37457 21682
37460 22909
37460 73651
37462 27974
37462 41284
37476 7658
37479 71101
37481 18646
37481 70835
70835 18646
70835 37481
70835 50739
37485 16200
37485 65421
37488 60204
37490 41909
37490 45524
37490 91265
45524 37490
45524 41909
45524 91265
91265 37490
91265 41909
91265 45524
37491 69776
37492 3170
37492 20514
37492 82917
37493 56812
37493 72640
37493 81308
56812 37493
56812 72640
72640 37493
72640 81308
81308 37493
81308 72640
37494 67860
37497 52400
37497 57587
52400 57587
57587 52400
37498 9533
37499 6433
37504 99605
99605 37504
37509 48754
37511 64787
37511 68974
37511 70285
37511 73315
64787 37511
64787 68974
64787 70285
64787 73315
68974 47400
68974 73315
70285 37511
70285 64787
70285 68974
70285 73315
73315 68974
37512 1067
37515 36754
37522 58689
37522 82406
37525 54380
37526 93908
37526 96223
96223 37526
96223 93908
37532 75301
75301 37532
37533 1593
37534 23684
37534 71925
37537 54147
37537 69356
37538 28220
37538 72368
37539 62492
37548 29299
37549 7314
37551 56962
56962 37551
37563 73648
37566 55793
37567 78948
37567 88380
37567 97308
78948 97308
88380 78948
88380 97308
97308 78948
37569 31180
37569 74718
37576 94863
94863 37576
37583 44481
44481 37583
37589 19571
37591 10577
37595 75120
37596 11469
37596 64124
37596 77119
37599 23199
37599 57019
37599 64344
57019 23199
57019 37599
57019 64344
64344 23199
64344 37599
64344 57019
37604 18104
37604 27082
37604 94176
37605 73505
37606 85113
37606 89427
89427 37606
89427 85113
37608 14186
37608 87322
37610 58679
37611 97443
97443 37611
37612 37714
37612 64694
37714 64694
37714 97357
64694 37714
37616 99730
99730 93315
37618 6236
37618 10035
37625 63619
37625 73590
63619 37625
37628 80676
80676 37628
37638 41909
37638 71325
37641 10778
37642 93301
37649 57791
37663 54565
54565 37663
37674 14227
37681 70905
70905 37681
70905 84746
37683 42940
37683 56307
42940 56307
56307 42940
37685 41909
37686 38135
37686 43980
37687 81185
37687 98817
37690 43226
37696 53379
53379 37696
37697 37924
37924 64333
37924 83737
37703 57177
37705 21517
37710 97955
37712 95823
37720 6328
37722 51614
37729 1536
37731 35095
37731 80937
37733 15178
37733 39644
37733 63910
37733 93962
37734 23810
37739 16507
37742 12399
37742 39771
37746 58506
58506 37746
37748 76475
66114 37751
66114 61264
37755 60725
37756 18816
37764 39066
39066 66124
37765 84393
37767 45425
37775 94965
94965 37775
37782 25296
37782 82489
37782 96306
82489 25296
82489 37782
82489 96306
65566 33001
65566 37785
65566 62254
65566 74716
65566 86696
37788 33761
37788 75464
75464 33761
75464 37788
70596 37790
37791 62731
37792 37797
37797 37792
37798 43612
43612 99715
41565 7557
41565 12097
41565 37799
89303 12097
89303 37799
37803 36197
37805 51995
37806 75768
75768 37806
37807 84522
37809 88864
88864 37809
37810 62843
37812 50562
37812 76549
37821 76365
76365 37821
37823 43601
37823 50525
50525 9450
37827 73423
37829 74860
37832 76365
37843 41092
37845 15531
37845 59739
37852 37107
37854 1225
37857 59424
59424 11476
59424 47297
37858 74365
37861 9382
37862 53319
37862 61256
37862 67128
37862 70212
53319 61256
53319 67128
53319 70212
37865 18967
37870 7314
37871 69270
69270 37871
37881 62701
37882 43899
37882 71296
43899 37882
43899 71296
71296 37882
71296 43899
71296 55690
37899 33922
37901 60424
37902 77308
77308 7875
77308 37902
77308 91012
56674 37904
56674 41537
56674 51332
56674 72944
56674 84654
37907 359
37907 15752
37910 79602
37914 94014
37918 22007
37919 68466
37926 62367
37927 88842
88842 53504
37930 38618
38618 69177
37934 63150
37935 57130
37938 50732
37947 75065
37949 52220
37949 61801
37949 66215
61801 37949
61801 52220
61801 66215
66215 37949
66215 52220
66215 61801
37950 52100
52100 93377
37952 72414
37953 10609
37955 75716
75716 37955
37957 86299
37958 10777
79808 34455
37964 34632
37964 73602
37967 85674
37968 50345
37968 54251
37976 1293
37980 50345
37980 54251
37991 38453
37994 8628
37994 22538
37996 1406
37996 70281
37997 47995
37997 64096
38000 18415
38000 23520
38000 57791
38002 32163
38002 44041
38002 91008
44041 32163
44041 91008
91008 32163
91008 44041
38007 36164
38008 49029
38010 48983
38010 65937
38011 11018
38011 33321
38016 33757
38016 58560
58560 33757
58560 38016
38017 84195
38020 85272
85272 38020
38021 58224
66888 38025
38026 44061
38028 17667
38028 66392
38033 87459
38034 71
38045 32310
38047 15229
38047 97540
38049 32852
38049 32951
38049 65241
38050 31771
38050 54490
38053 72106
38056 57791
38061 63944
38061 65875
65875 34397
38064 88715
38068 39076
38068 91035
39076 38068
39076 91035
38069 42689
38069 49767
38069 85835
49767 38069
49767 42689
49767 85835
85835 38069
85835 42689
85835 49767
38070 68199
68199 38070
38072 86621
38075 31283
38078 75512
75512 38078
38095 49987
38099 53319
38099 61256
38099 67128
38099 70212
38100 73082
73082 21775
73082 93130
38103 26551
38103 69519
38109 30174
38109 38893
38110 8177
38110 36292
38111 7314
38112 61184
61184 38112
38117 17412
38120 74397
38130 68714
38133 63313
63313 38133
38140 68038
38140 74601
38145 32163
38145 76458
76458 32163
76458 38145
38147 73590
38148 85781
85781 38148
38153 27930
38155 34431
38156 32163
38156 48888
38157 32163
38157 47823
38158 8979
38161 45210
38176 85402
85402 38176
38179 3284
38180 6771
38181 78229
78229 38181
38187 27618
38202 31180
38206 36292
38207 92327
38207 99546
92327 99546
38209 36292
38210 65183
38211 31503
38211 40257
38211 54542
38211 94524
94524 31503
94524 38211
94524 40257
94524 54542
38214 54147
38217 50129
38225 93529
38228 43792
38232 91585
38233 68733
38236 17858
38237 61939
61939 94437
38238 70167
38239 84987
67010 38246
95009 38246
38257 12958
38260 84440
38262 69521
69521 38262
69521 66339
69521 78838
38265 15364
38265 16076
38265 28777
38265 41540
38265 52093
38265 88162
38265 99046
41540 80522
38266 33957
38267 58154
38267 62400
38267 86719
38272 54147
38274 98959
38276 23191
38279 47636
47636 38279
38282 32163
38282 48888
38283 76365
38285 98217
98217 38285
38287 41029
41029 38287
38290 41909
38293 17547
38293 47927
38294 94722
94722 38294
38304 19572
38304 41299
38304 88970
38305 91254
38305 93021
91254 93021
93021 91254
38308 40189
38308 41909
38309 5740
38309 18093
38309 20321
38309 33198
38309 57038
38309 61706
38309 93616
38309 94736
38310 54147
38310 65350
38315 47210
47210 76475
47210 98116
38317 70626
70626 97752
38323 36292
38337 211
38337 6546
38337 24563
38337 32163
38337 54055
38337 55797
38337 76870
54055 211
54055 6546
54055 24563
54055 32163
54055 38337
54055 55797
54055 76870
55797 32163
55797 38337
55797 54055
76870 32163
38338 19039
38338 23306
38344 69291
38346 3679
38346 12334
38346 66915
38346 96398
38355 53023
38356 14596
38357 54147
38357 63894
38361 19466
38361 23526
38362 88684
38362 92780
88684 38362
88684 92780
92780 38362
92780 88684
38366 20757
38366 50645
38366 75913
38366 99527
38373 52099
84357 7161
84357 21267
84357 38378
38379 16868
50193 32163
50193 32727
50193 38381
50193 48888
51525 32163
51525 32727
51525 38381
51525 48888
51525 55270
38386 88001
38387 22252
38387 84472
38387 98417
84472 22252
84472 38387
84472 98417
38391 88600
38392 54147
38398 37909
38399 59809
38401 13432
38401 95703
38408 7620
38408 60269
38408 72362
38408 81916
60269 72362
81916 72362
38409 21682
38409 54766
38409 90728
38410 40041
40041 20506
38421 99215
99215 38421
38424 12334
38427 74397
38429 78244
38430 3054
38432 19546
38438 79464
79464 38438
38456 7314
38456 15121
38456 15564
38456 41538
38459 43423
38459 76647
43423 76647
43423 99463
76647 43423
38461 12108
38461 38359
38468 52098
38471 33757
38471 75785
75785 33757
75785 38471
38475 48208
38475 49409
38475 58112
38475 68952
38475 71408
48208 49409
48208 58112
48208 68952
48208 71408
49409 58112
49409 68952
49409 71408
68952 58112
68952 71408
38481 72854
38481 77941
72854 38481
72854 77941
38483 67628
38486 17778
38486 33472
38489 28330
38492 72013
38494 60842
38500 54147
38500 96278
96278 80174
38501 47609
38505 32163
38505 48888
38510 7131
38510 39404
38510 56775
38510 77436
39404 7131
39404 38510
39404 77436
56775 54147
38513 32163
38515 41909
38517 89450
38520 53495
38522 8969
38525 86124
38527 67757
38529 19623
38535 73939
38539 13710
38539 79913
79913 13710
38543 5669
38543 30010
38544 25632
38544 89977
38545 72457
38546 57431
38552 61315
38554 77801
38556 53495
38567 955
38570 35362
38572 73608
38573 99265
99265 85396
38575 1406
38575 70281
38580 57791
38582 62036
62036 38582
38586 36292
38587 7314
38589 13786
38589 88511
38591 52416
38595 62825
38595 69212
38595 76448
38604 3790
38604 75667
75667 61864
38605 5773
38605 32163
38605 48888
38605 98647
98647 32163
98647 38605
98647 48888
98647 71905
98647 91814
38606 49414
38606 76889
38606 96528
49414 76889
49414 96528
76889 38606
76889 49414
76889 96528
96528 49414
96528 76889
38610 74397
38611 77338
77338 6445
77338 38611
77338 39945
38613 11092
38613 88170
69177 38618
38619 84365
38619 91253
84365 38619
84365 91253
66793 38631
38636 41909
38636 89674
89674 38636
89674 41909
38639 31066
38639 63204
38639 68831
38644 14789
38644 89411
38646 16868
38649 57791
38654 7314
38658 5575
38658 42184
38659 1390
38660 73065
38664 24518
38664 42541
42541 24518
42541 38664
38670 21517
38671 77547
38672 47297
38677 62376
38679 72415
38692 23197
38699 64870
64870 43601
64870 50732
96730 38700
91062 38702
38707 96197
38713 50759
38714 10365
38714 46845
38717 44577
44577 38717
38720 41837
38720 98095
41837 38720
41837 98095
98095 38720
98095 41837
38727 58224
38733 79333
38734 11543
38736 51986
38736 58463
58463 75510
38758 38999
38759 88342
38761 31765
38761 42403
38761 47376
38761 74668
38761 83880
38761 92042
38763 57791
38766 99580
38771 19088
38772 65827
38772 85349
38777 78244
38778 99366
38786 43311
38786 59649
38787 23024
38787 34933
38787 81528
81528 8990
81528 57015
38791 5529
38791 16793
38791 19564
38791 34539
38791 35559
38791 76878
38791 94981
76878 2505
76878 46540
38792 66035
38805 57927
57927 38805
38807 11970
38809 57917
56532 38817
56532 55816
38818 66724
38819 9312
38820 68825
38821 5333
38823 1945
38823 9581
38823 18013
38823 36541
38823 69531
38827 87322
38829 15054
38830 8316
38833 49326
38833 92989
49326 38833
49326 92989
92989 38833
92989 54925
38834 31210
38838 18556
53324 38839
78595 38839
81123 38839
81497 38839
38841 6671
38841 59014
38841 90919
38844 85810
38845 12682
38845 20539
38845 28811
38847 59788
38848 1536
38850 10275
38850 53409
38853 17382
38859 894
38861 83819
83819 38861
38863 94296
38864 3376
38864 21458
38864 83419
38869 91787
38870 50129
38874 14294
38874 83653
83653 80245
38876 94067
38880 17412
38881 943
38886 49583
38901 24440
38901 29758
38915 49393
38915 93688
93688 38915
93688 49393
38923 1041
38923 4015
38923 43102
38929 97477
38930 58212
38931 10448
38931 47157
38934 21682
38936 17359
38945 16545
38945 41909
38945 73696
38948 54078
38954 5270
38954 74015
38954 74397
38954 91228
74015 5270
74015 38954
74015 74397
74015 91228
38957 12765
38957 18752
38957 31867
38957 34012
38957 93265
38959 8748
38959 12765
38959 31867
38959 34012
38959 38957
38959 73831
38959 82968
73831 8748
73831 12765
73831 31867
73831 34012
38970 9030
38970 81819
81819 92828
38971 98761
98761 38971
38972 51040
38972 65935
38972 68465
38972 84688
38972 95909
84688 38972
84688 51040
84688 65935
84688 68465
84688 95909
95909 38972
95909 51040
95909 65935
95909 68465
95909 84688
38973 72775
72775 38973
72775 95143
87401 38978
90479 38978
38981 72384
38982 43533
38985 53783
53783 38985
38987 70534
70534 38987
38988 81021
81021 38988
38989 67397
38989 76174
38991 28141
38991 53972
38995 47641
38995 55177
55177 26882
55177 47641
38996 32501
39002 67090
39007 23526
39008 70446
70446 39008
39009 48551
39009 95483
48551 39009
48551 95483
95483 39009
95483 48551
39010 96589
96589 39010
39013 22231
39013 50950
39016 74028
39019 85372
39020 6501
39024 44753
39024 60305
39024 73678
44753 39024
44753 60305
44753 73678
60305 39024
60305 44753
60305 73678
73678 39024
73678 44753
73678 60305
39034 34049
39038 43316
39038 88968
39041 36509
39041 67615
39042 51166
39048 8781
39059 33884
39059 47059
39059 67105
47059 33884
47059 67105
67105 20114
39061 57791
39064 87146
39067 7314
39069 36292
39069 44161
39071 43645
39077 41516
39079 72346
72346 39079
39080 54147
39082 25510
39090 23306
39092 19251
39095 51683
39095 86349
86349 51683
39101 54147
39102 19605
39103 64624
39114 21682
39118 49742
39118 51390
39119 36292
39119 76194
76194 36292
76194 99905
39128 21682
39134 80934
80934 39134
39135 23597
39136 12108
39136 38359
39139 31474
39158 18218
39158 89959
39160 64333
39160 83737
39163 43038
43038 39163
39166 23211
39166 54178
39171 23526
39171 50401
39172 20841
39173 7568
39173 60361
39173 86952
60361 7568
60361 86952
86952 7568
86952 60361
39184 46351
73612 39185
39186 90311
39187 75763
75763 39187
75763 83007
39189 31393
39190 75127
39190 80295
39194 84862
39196 74397
39201 98107
39204 67015
67015 39204
39206 39983
39983 39206
39983 42586
39983 90492
39207 29849
39207 77829
39207 95028
95028 39207
39217 29047
39222 40587
39222 47093
39223 36292
39223 41909
39223 62158
39229 33198
39233 12493
39239 30705
39239 35669
39239 50712
39239 56148
39247 6112
39247 30964
39247 40774
83224 773
83224 3311
83224 7258
83224 33950
83224 69101
39250 62701
39261 77417
39262 46314
39266 46531
39269 56778
39273 85903
85903 39273
39281 4547
39285 95201
39287 40378
39287 78396
39287 80984
40378 39287
40378 78396
40378 80984
78396 2937
78396 39287
78396 40378
78396 80984
80984 39287
80984 40378
80984 78396
39293 88436
88436 39293
39294 5415
39294 29013
39300 2394
39300 6236
39300 59804
39300 71508
59804 1739
59804 6236
71508 6236
39303 71896
71896 39303
71896 90935
39305 20650
39305 81109
39306 94657
39307 15622
39307 43542
39308 53321
39308 85033
53321 39308
53321 85033
85033 39308
85033 43448
85033 71439
39314 48406
39316 41909
39317 59971
39317 97661
39326 55261
39326 84522
55261 84522
39327 64791
64791 57980
39328 9810
39335 16827
39343 36623
39348 16868
39355 58910
39356 41909
39356 97460
97460 39356
97460 41909
39360 72103
84538 39367
84538 60736
84538 89411
39371 1312
39372 36292
39374 63226
39375 51174
39377 50067
39377 99164
50067 39377
67606 39378
39379 32163
39379 48888
39380 45805
39381 17980
39385 8316
39388 9111
39388 64223
39388 66281
39388 67195
39388 71885
64223 9111
64223 39388
64223 66281
64223 71885
64223 78852
66281 9111
66281 39388
66281 64223
66281 71885
71885 9111
71885 39388
71885 64223
71885 66281
39391 83345
39392 19572
39392 41299
39392 88970
39394 39934
39394 77927
39395 54359
39398 55498
39398 70191
55498 70191
55498 96516
70191 55498
39408 47937
39408 81981
39410 49890
49890 39410
39416 49995
39417 92827
39419 82685
39430 43278
39430 79610
43278 79610
79610 31514
79610 43278
39431 67574
39432 59512
59512 39432
39434 30837
39437 6236
39446 16545
39446 41909
39446 73696
39451 19036
39455 57117
57117 39455
39458 57791
39458 88283
88283 57791
39460 52100
39464 99502
99502 39464
39467 53267
39471 9111
39472 38256
50946 13303
50946 31305
50946 39473
78619 31305
78619 39473
96749 5995
96749 31305
96749 39473
39479 52099
39480 78269
78269 39480
39481 16679
39481 43935
39484 44868
39490 72117
72117 39490
39491 27496
39497 47820
47820 39497
39499 8464
39499 71101
39501 81667
39505 42719
42719 39505
39506 23772
39508 2072
39511 17628
39515 32163
39518 48986
39518 97187
39524 40094
39525 85608
39526 35809
39537 7314
39545 9697
39545 64988
39548 38678
39548 72457
39554 37107
39555 28124
39555 84654
39555 86490
39556 36292
39562 71531
73695 75145
90273 39565
39566 89271
39567 28339
39567 74294
39568 55577
55577 39568
55577 58217
55577 69493
55577 86477
39576 61553
39577 38922
39577 45179
39577 81969
39580 57745
57745 31996
57745 57730
57745 63357
39581 11005
39581 16868
39583 57130
39590 69218
69218 39590
39591 35346
39591 44492
39591 76103
44492 2748
44492 35346
39592 16691
39594 81512
39595 52856
52856 39595
56496 39596
56496 70356
56496 84522
39597 54361
71891 39600
71891 94657
39602 9174
39602 93887
39605 47087
47087 39605
39606 43857
39612 80626
39613 9698
39613 78284
39618 3160
39619 49325
39629 23796
39629 57532
39630 53535
53535 39630
39636 85372
39645 52220
39647 943
39648 71429
39649 60264
60264 39649
60264 50363
39650 55306
39654 83177
83177 39654
39657 36292
39657 67656
67656 36292
67656 39657
39658 62506
39663 9053
39664 7314
39665 83456
83456 39665
39666 76627
76627 39666
39670 79536
39671 78713
39671 82358
78713 17529
39675 12992
39683 30640
39683 65623
46100 7215
46100 18614
46100 39685
39700 29877
39700 30475
39702 53985
53985 39702
39703 230
39703 22310
39703 44777
44777 22310
49974 39706
39710 7548
39712 44604
39723 20934
39730 17206
39730 99278
39741 94657
39745 62701
39749 41909
39763 61622
39768 72636
39772 83679
39775 45425
39777 41909
39777 73696
39778 38817
39778 55816
39782 49592
39785 96912
96912 39785
96912 62950
96912 90826
39791 4733
39795 45620
39795 88408
45620 88408
88408 45620
39801 73788
39803 56650
39815 753
39815 8886
39815 10922
39815 11410
39815 72289
39815 72484
39815 74243
39815 84669
39815 91385
39816 20406
39817 80205
80205 39817
39824 91443
39825 46522
39838 4990
39838 31518
39838 35071
39838 77323
39839 53029
39839 80626
39839 84896
39841 57833
39841 95520
57833 95520
95520 57833
39849 7314
39851 7314
39851 51773
39851 66289
39852 54078
39853 2822
39854 59029
39855 70304
39856 41448
39861 60787
39861 67533
60787 39861
60787 67533
67533 39861
67533 60787
39865 7770
39868 76695
39868 91068
91068 53495
39870 83796
83796 39870
39878 50677
50677 39878
39886 68082
68082 80812
39894 40958
39894 81941
40958 39894
40958 81941
81941 39894
39899 33819
39919 48985
39925 30837
39928 81776
81776 11639
81776 52743
81776 61622
39929 93148
39935 67397
39935 69863
39935 88187
39935 88629
88629 76784
39941 15936
39941 29593
39944 2922
46549 39946
39954 60892
39954 76868
91849 26048
91849 52009
91849 62636
91849 65331
91849 75610
95710 26048
95710 52009
95710 61667
95710 65331
96027 26048
96027 52009
96027 61667
96027 65331
39961 50402
79817 39964
39977 66885
39979 87877
87877 39979
90492 39206
39991 40770
40770 39991
39994 81328
39998 57864
39998 71493
57864 39998
57864 71493
40003 25759
40008 41620
41620 62929
40010 41331
40010 90092
40013 71274
40013 93960
40013 98262
40020 84717
84717 40020
84717 79249
40025 38937
40027 74510
40027 83235
40034 44377
44377 40034
40038 94541
40042 34527
40044 76314
40051 79871
79871 40051
40056 9678
40059 14247
40060 65741
65741 40060
40064 71408
40066 58438
40074 57791
40079 309
40082 60764
40082 94083
40086 32163
40086 84114
84114 32163
40093 27645
40093 49734
40093 59061
40093 75814
59061 40093
59061 75814
75814 40093
75814 59061
40097 38246
40103 46895
46895 40103
40107 21682
40111 67874
40115 17723
40129 18299
40129 91785
40131 8316
40131 64833
64833 8316
40134 5236
40137 93843
40139 56382
40139 58428
56382 11128
56382 84453
40140 9137
40140 11969
40140 19085
40140 19141
40140 19631
40140 51218
40140 55548
40140 74122
40140 79171
40140 87196
40140 89550
40141 33320
40147 96752
40151 57122
40151 63426
40151 91463
57122 40151
57122 63426
57122 91463
63426 40151
63426 57122
63426 91463
40154 37654
40157 15893
40159 196
40159 36832
40159 66727
40164 73401
40165 32163
40168 74397
40171 72235
40175 81543
81543 40175
40178 24784
40190 70061
40191 32163
40194 14052
40195 63311
40202 82431
82431 40202
40205 1886
40209 7699
40224 12957
40228 34993
40228 76082
76082 34993
40229 66080
40230 79355
40233 45425
40242 8545
40244 32163
40244 48888
40246 3501
40250 41909
40250 73696
40252 10903
47694 40256
63653 40256
63653 46633
63653 47694
63653 63223
40259 7314
40260 55457
40261 24316
40262 17544
40262 46655
40264 54256
54256 40264
54256 81647
40267 44972
40269 27252
40270 63758
63758 40270
50519 40272
50519 63555
40280 51683
40287 56677
40288 91271
91271 40288
91271 56328
91271 82714
40289 12778
40299 38336
40305 6426
40305 76539
40310 7003
40310 83329
40310 83744
40310 99263
40311 16446
40311 91467
40312 91396
91396 40312
40313 87284
40314 17569
40314 57618
40316 61366
40317 95156
40326 93529
40327 18016
40327 46646
40330 4898
40330 7575
40332 10224
40334 7896
40334 96427
96427 7896
40339 30707
40339 91881
40342 16545
40342 41909
40342 73696
40353 38826
40356 81285
81285 40356
40357 42012
40357 99698
99698 26909
99698 42012
40359 22227
40363 92819
40364 48290
40364 98077
73255 40365
40367 55232
40370 54475
54475 40370
40373 1189
40373 41909
40373 73513
40373 96530
40382 92263
40383 74397
40383 81536
40383 91228
40383 97886
81536 40383
81536 74397
81536 91228
97886 74397
97886 91228
40384 60442
40384 74131
40384 96121
60442 40384
60442 74131
60442 96121
74131 40384
74131 60442
74131 68245
74131 96121
96121 40384
96121 60442
96121 74131
40385 3726
40385 8316
40385 17445
40386 53840
40389 49339
40391 29433
40391 51061
40396 48746
48746 77115
40398 57791
40399 15566
40399 67286
40399 70045
40399 77305
40404 8316
40407 31900
40416 39364
40439 78244
40443 62680
40451 15569
40452 29323
40452 71647
40452 72218
40459 97532
40460 82984
82984 32163
40463 35960
40464 74966
40471 4247
40480 430
40480 49435
40480 84450
84450 49435
40487 96201
96201 40487
40489 39846
40491 41004
40491 52416
41004 40491
41004 52416
40495 44792
40497 10062
40498 34434
40498 43940
40501 32748
40504 4738
40506 31787
40507 92514
40518 75263
40522 59605
40522 59788
59605 92315
40529 85372
40530 37102
40530 98028
40534 21682
40539 5113
40539 44343
40539 44688
44343 40539
44343 44688
40544 68639
40547 45425
40556 52492
40568 49676
40574 54147
40575 7663
40576 32163
40576 47823
40576 48888
40579 2615
40583 66367
40583 97547
40585 63878
40586 87685
41481 39222
41481 40587
41481 47093
40588 23005
40602 78766
78766 40602
40604 68639
40610 33999
40610 57791
40615 65800
40616 78511
78511 68749
40618 81722
81722 40618
40619 50760
50760 40619
50760 61417
40622 41909
40627 75603
40640 69324
40641 1348
40641 16302
40641 48211
40643 51333
40643 76371
51333 47742
51333 76371
76371 40643
76371 51333
42616 32595
42616 63094
92724 40652
92724 41909
40661 36197
40664 68209
40664 81328
40664 91935
68209 40664
68209 81328
91935 40664
91935 81328
40674 49124
40674 95001
49124 40674
49124 55946
49124 95001
95001 40674
95001 49124
71685 35574
71685 40675
40678 81117
63162 40679
40682 32163
40685 43650
40685 86840
43650 40685
43650 86840
86840 40685
86840 43650
40693 84382
40699 49443
40699 76425
40701 67589
67589 40701
40711 41909
40711 75391
75391 40711
75391 41909
40720 17824
40720 19669
40720 62650
40723 13211
40733 96171
40734 98613
40736 7314
40736 26801
40739 32579
40741 29077
40751 74923
74923 40751
40753 76973
40758 1130
40758 2692
40758 8942
40758 19419
40762 93918
93918 40762
40764 95983
40764 97619
95983 97619
97619 40764
97619 95983
40767 29328
40769 32163
40771 12215
40771 41104
40771 51683
40771 83329
41104 51683
40772 56484
40772 99619
56484 99619
99619 56484
99619 86618
46997 40774
40782 81950
40782 85760
81950 40782
81950 85760
85760 40782
85760 81950
40786 7841
40786 81316
40794 42501
40794 59807
40794 65655
42501 59807
42501 65655
59807 42501
59807 65655
65655 42501
65655 59807
40796 48287
40797 5015
40797 17667
40797 77620
40798 70647
70647 40798
70647 83065
40801 1536
40802 9827
40803 15486
50021 40806
40809 56050
40809 98604
56050 98604
98604 17412
98604 56050
40811 67757
40816 59175
61807 29389
61807 40818
40820 49758
73021 28123
40825 74397
40826 4713
40827 70875
40834 9810
40836 21682
40844 8216
40849 55236
40849 60233
60233 43622
53596 23511
53596 40851
40852 32846
40852 50629
40853 50732
40861 47422
40861 73244
40861 91642
91642 40861
40862 87605
40862 92558
40867 7314
40868 24884
40870 8316
40874 71970
40874 90066
40880 8316
40887 78056
78056 40887
40889 7314
40891 9428
40894 5415
40894 46531
40894 74227
40894 82091
82091 16691
82091 46531
82091 99630
40897 12813
40902 29216
40902 57791
40905 94657
40909 64558
40910 280
40910 88162
40911 74408
40926 52570
40931 96826
40935 42960
40938 86771
40942 76439
40946 49096
40949 45425
40965 48099
40976 79865
40978 18500
40978 60735
60735 18500
60735 40978
40985 66394
66394 40985
40988 80541
80541 40988
40989 10440
40990 7010
40990 35664
40990 87802
87802 7010
87802 35664
40997 88447
40998 49319
41001 18362
41001 59499
41001 80335
41001 99661
41002 66413
41005 53173
53173 41005
41006 48646
41013 74397
41021 5833
41021 29066
41026 32163
41026 48888
41028 10573
41028 32709
41030 98453
41041 64281
41041 86213
64281 41041
64281 86213
41045 79355
41045 99510
41048 12202
41048 47157
41048 73590
41049 25746
41049 36243
41049 87061
41049 99407
41058 5339
41058 55254
41058 64554
41059 20045
41059 40315
41059 59926
41059 77565
41060 4009
41072 42806
41082 31180
41093 67512
67512 41093
67512 75729
41099 66150
41099 87986
66150 52915
66150 79558
41100 16358
41101 58541
41102 92947
41107 93605
93605 41107
47064 41109
41114 26355
41119 74397
41119 97720
41120 78059
41120 89533
41121 33214
41121 45818
41129 36495
41130 86737
86737 41130
86737 47899
41132 17773
41138 11780
41138 53964
41150 14935
41150 29278
41150 96599
96599 14935
96599 29278
96599 41150
41154 67121
67121 41154
41162 46076
46076 41162
41163 54147
41184 4547
41184 93380
41185 26448
41192 25406
41199 57791
41200 97399
41201 98718
41210 4448
41210 14014
41210 16985
41211 53098
41211 68045
53098 41211
53098 68045
68045 41211
68045 53098
41215 37472
41216 35759
41217 15798
41220 8316
41222 29681
41223 2912
41223 69316
41224 20747
41225 42798
41230 52667
41230 86085
52667 86085
41235 77552
77552 41235
41242 65359
41245 10925
41245 13509
41246 26279
41251 84522
41260 94657
41261 27162
41261 61782
41266 45132
41266 59069
41266 74979
45132 41266
45132 59069
45132 74979
59069 41266
59069 45132
59069 74979
74979 41266
74979 45132
74979 59069
41274 89016
41276 42848
42848 37136
42848 41276
41288 32388
41288 34604
41292 66127
41292 76088
41292 77547
76088 41292
76088 77547
41297 11639
41297 19352
41297 21684
41297 34440
41297 52743
41297 57899
41297 61622
41297 77503
41297 85179
41297 85582
41297 88705
41297 91004
41297 91346
41297 93729
41297 93903
57899 9573
91004 10331
91004 13054
91004 21238
91004 42010
91004 87412
93903 34440
41309 56357
56357 41309
41315 74733
41318 29125
41318 34219
41318 97550
41322 9810
41322 81088
41324 48414
41328 94430
41329 69742
41330 76329
41330 78981
76329 41330
76329 78981
78981 503
78981 3790
78981 41330
78981 76329
78981 92272
41334 14672
41335 98063
41339 70786
41339 79649
41339 80404
41342 32983
41342 48137
41342 61791
41342 67122
48137 61791
67122 61791
41346 55646
41346 66549
41352 8881
41352 23666
41355 99758
99758 41355
99758 53276
41359 87374
41360 64681
41360 78401
41364 48915
41364 92414
41364 97888
48915 41364
48915 92414
48915 97888
92414 41364
92414 48915
92414 97888
97888 41364
97888 48915
97888 92414
41365 67569
41365 70061
67569 41365
67569 70061
41366 1285
41366 28663
41366 32734
41367 10948
41370 89232
41374 66674
66674 41374
41376 35004
41378 8316
41379 2214
41381 44639
44639 41381
41384 43792
41387 41909
41387 91403
41392 99392
41394 70179
41395 30836
41395 41405
41401 9810
41411 21976
41416 57791
41420 94657
41421 53969
72006 41422
41424 64653
41426 99921
41430 53353
98225 41434
41435 64113
64113 41435
41441 47271
47271 8319
41446 39049
41452 37456
41458 98213
98213 41458
41463 65869
41466 60134
60134 41466
60134 71687
60134 72142
60134 80236
60134 81679
60134 87177
41467 48541
41467 49241
49241 41467
49241 48541
41471 84522
41472 35954
41472 42144
41477 8058
41477 58059
41479 88542
88542 41479
41490 71161
41502 183
41504 54147
41506 36213
41507 45582
41508 23526
41512 62701
41518 76848
41519 58652
41527 79036
41534 93142
41535 28985
80522 41540
41542 68151
41542 82484
41542 90065
68151 56150
68151 82484
82484 68151
90065 41542
90065 68151
90065 82484
41546 60732
60732 41546
41547 58319
41548 53459
41549 71980
71980 41549
41550 54057
54057 41550
85732 12312
85732 31192
85732 41554
85732 65643
41558 58255
41561 51378
51378 41561
41564 12862
41573 1737
41573 8853
41573 50076
41575 96197
41579 28244
41580 11780
41580 48772
41580 53964
48772 11780
48772 41580
48772 53964
41581 29702
41581 34869
41581 67442
41586 3186
41586 16690
41588 76480
41592 30790
41592 54147
41601 85642
85642 41601
41603 59545
41603 75559
41604 88131
88131 41604
41615 6918
41615 76063
41634 55491
41634 58946
55491 14428
58946 41634
58946 93782
41637 10777
41638 60476
41640 98576
98576 41640
41644 71266
41656 10783
41656 14905
41657 99036
41659 85682
41663 47051
47051 41663
41665 32163
41671 40148
41675 85283
85283 41675
41682 52330
41684 89400
41689 14244
41689 40256
41691 51683
41696 73402
41697 92263
41698 51350
41698 65746
41701 8316
41702 53267
41702 96557
41702 98210
96557 41702
96557 53267
96557 98210
41706 2179
41706 23005
41711 55261
41716 50222
50222 41716
41720 87819
87819 41720
41722 53267
41722 92961
41735 94657
41738 6236
41739 68975
41739 79169
41740 41909
41742 72432
41742 96460
72432 0
72432 11342
96460 0
96460 11342
41743 41963
41749 36292
41753 6211
41757 68675
41758 85372
41759 70758
41759 84162
70758 41759
70758 84162
84162 41759
84162 70758
41763 76029
41763 94460
41771 61382
61382 41771
41772 38054
41774 71183
71183 41774
41775 81227
41775 93415
41777 7314
41778 45425
41778 87104
87104 41778
87104 45425
41790 70031
70031 41790
41800 45605
41804 99585
41806 35346
41812 14809
41812 43831
43831 14809
43831 41812
41813 10021
41813 32163
41816 7453
41818 22007
41820 51998
51998 41820
41824 81307
81307 41824
41827 98625
41828 8197
41829 36292
41830 8350
41830 74397
41835 630
41835 4372
41835 11684
41835 14032
41835 57622
41835 63021
41838 60563
41838 96976
41843 5894
41843 32296
41844 37719
41844 45547
41844 60010
41848 58004
41848 84876
41849 56046
41851 32163
41851 48888
41855 29778
41855 54147
41858 31746
41859 46478
41861 4999
41861 21474
41861 22588
41861 38808
41861 39884
41861 57811
41861 75498
41861 99935
57811 6218
41862 8545
41863 86047
41864 70053
41867 51195
41867 76059
76059 41867
76059 53359
41868 11443
41869 16332
41870 16628
41873 40465
41876 78660
78660 41876
41883 41201
41883 80524
80524 98718
41887 45425
41891 60876
41919 58126
41919 70261
41921 98079
98079 41921
41922 1532
41922 96298
41922 97436
41925 25882
41940 70393
70393 41940
41941 79333
41943 12750
41944 9094
41944 93155
41949 57791
41952 32163
41952 47823
41952 48888
41953 10777
41957 57351
41959 28364
41959 60354
41960 22255
41960 49335
41966 45752
41969 62701
41970 5005
41970 15116
41970 67837
41977 27453
41977 97041
41978 61576
41979 44125
41980 7314
41983 51452
41984 12498
41993 55999
55999 41993
55999 51153
55999 57826
55999 86771
41997 38819
41998 61315
42011 63648
42011 80185
42013 17982
42014 65310
42016 9703
42016 95334
42017 48106
42023 49960
42023 87459
49960 42023
42025 54147
42025 56775
42026 7679
42034 35650
42035 20870
42035 42504
42035 50182
42035 90646
42037 75588
75588 42037
42038 47690
42038 47988
42038 50925
42038 58579
42038 62678
42038 77601
47690 42038
47690 47988
47690 50925
47690 58579
47690 62678
47690 77601
58579 42038
58579 47690
58579 47988
58579 50925
58579 62678
58579 77601
42045 34434
42045 43940
42047 75263
42049 78824
42049 88102
88102 78824
42055 59951
42055 97608
42056 45110
42057 56220
42062 39642
42062 97121
42067 57755
57755 42067
42068 3647
42082 73590
42083 49446
49446 52693
49446 86180
42090 48546
48546 42090
48546 98922
42101 5626
42101 48977
42101 55111
42101 85779
42106 41909
42106 73696
42111 74397
42115 13374
42118 79882
42121 47988
42121 50925
42121 62678
42121 77601
42123 57472
42123 83438
57472 59021
57472 83438
83438 57472
83438 59021
42126 89275
42128 42236
42128 82479
42236 42128
42236 82479
42129 96735
96735 42129
42131 32163
42131 32181
42133 81086
42133 84863
81086 42133
81086 84863
84863 42133
84863 81086
42134 26279
42137 73590
42137 80750
42137 82797
42143 10672
42149 33194
42150 85100
42154 78030
42159 60008
42160 32163
42160 48888
42160 91814
42163 53051
42167 280
42167 65504
42167 90482
42169 76895
76895 69227
76895 89001
42171 65438
65438 42171
42177 32163
42177 69543
42177 75634
42177 82151
75634 32163
75634 48011
75634 69543
82151 32163
82151 48011
82151 69543
42181 58652
42182 21160
42188 91787
42201 73356
42209 86847
42216 6731
42216 74187
42216 83097
42216 87215
74187 6731
74187 42216
74187 83097
74187 87215
87215 6731
87215 42216
87215 74187
87215 83097
42222 95323
42233 33681
42239 20021
42239 55352
42239 78527
42239 80964
55352 42239
80964 42239
42240 14672
42240 53140
42240 70471
42240 85266
42246 77735
77735 42246
42247 6106
42250 53961
42254 57596
42261 4027
42261 14267
42261 97873
42263 1538
42263 26611
42264 85681
42269 80314
42270 26048
42270 52009
42270 61667
42270 65331
42274 58471
58471 42274
42287 87903
42293 20532
42293 65000
42296 99686
42297 41909
42301 54147
42301 65350
42305 47124
47124 42305
47124 94931
42317 50345
42317 54251
42321 7117
42321 36292
42321 66985
66985 7117
66985 36292
66985 47028
42322 1737
42322 8853
42322 50076
42323 59244
42324 81242
42324 84616
84616 42324
84616 74454
84616 94523
42325 32686
42344 58225
42345 2028
42345 21682
42351 80304
80304 42351
42355 64321
42356 7023
42358 44062
42359 13689
42359 21816
42359 31766
42359 49637
42359 50734
42359 51978
42359 68587
42359 91267
42363 4131
78956 11780
78956 53964
78956 56823
42381 53267
42391 3170
42391 20514
42392 32163
42392 48888
42392 55600
42393 42426
42394 24966
42394 97719
42397 67653
42397 93908
67653 93908
42399 67020
67020 42399
42405 46624
46624 42405
42406 93843
42409 67045
42412 86508
42414 16868
42418 65020
65020 43563
42422 21682
42430 74583
42432 23526
42432 50401
42433 4547
42435 33194
42439 97834
42445 64860
42445 92935
64860 42445
64860 92935
92935 42445
92935 64860
42446 42114
42455 75137
42455 79972
42455 80296
42455 91361
42455 95439
75137 42455
75137 79972
75137 80296
75137 91361
75137 95439
79972 42455
79972 75137
79972 80296
79972 91361
79972 95439
80296 42455
80296 75137
80296 79972
80296 91361
80296 95439
91361 42455
91361 75137
91361 79972
91361 80296
91361 95439
95439 42455
95439 75137
95439 79972
95439 80296
95439 91361
42459 510
42459 40848
42459 45288
42459 87322
42459 88162
42459 92714
42463 19149
42463 78244
42470 41297
42471 18425
42471 20303
42471 22007
42471 64543
42472 4547
42473 96200
42475 40188
42478 22007
42485 48730
42485 76969
42485 91391
91391 42485
42488 65826
42488 68627
68627 42488
68627 65826
42489 73590
42492 80993
42497 211
42502 52570
42519 50129
42524 40587
42524 47093
98369 24518
98369 38664
98369 42541
42531 15883
42534 49446
42535 73845
42539 36292
42544 79419
79419 42544
42549 68809
42558 68895
68895 42558
42559 74583
42560 49490
49490 42560
42562 84890
42566 6880
42568 53026
53026 42568
42569 22128
42571 55134
55134 42571
42574 55227
42574 96835
42575 36292
42579 92259
54609 43446
42589 52273
52273 71427
52273 83880
42596 42469
42597 69616
42598 70898
42598 72272
42598 98389
42601 18820
42605 14672
42607 43963
42607 45099
45099 42607
45099 43963
42608 31994
42608 93188
42609 80192
42610 88881
88881 42610
42615 60127
60127 42615
42617 32163
42617 69659
69659 32163
69659 42617
42621 53000
42621 55086
42621 60725
42621 98586
42623 20652
42626 50642
42629 55521
55521 42629
42630 78851
42631 79333
42637 47412
42637 88260
42637 95274
47412 42637
47412 88260
47412 95274
88260 42637
88260 47412
88260 95274
95274 42637
95274 47412
95274 88260
42648 28970
42648 47549
42651 74397
42654 84548
42656 64400
64400 42656
42657 60725
42661 22231
42661 50950
42677 28201
42681 25680
42681 39706
42681 90686
42683 65326
42688 79925
79925 45490
79925 58763
42690 45278
42692 47257
47257 30530
47257 42692
42695 89071
42699 31645
42699 76887
42700 64969
64969 42700
42701 39937
42704 20206
42705 56814
42709 53404
42709 85517
53404 42709
53404 85517
85517 42709
85517 53404
42713 67109
42715 87903
42722 22558
42728 5202
42730 55969
42733 27775
42735 7314
42738 54361
42751 48697
42751 77154
48697 77154
77154 48697
42759 5766
42759 21039
42762 69163
42763 280
81901 30837
42792 48271
42810 5911
42810 54078
42811 18642
42817 13372
42817 29552
42817 60974
42818 38608
42818 41002
42818 54084
42818 87818
42823 69212
42830 41909
42830 50789
50789 41909
50789 42830
42833 46626
42841 48976
42841 62233
62233 42841
62233 48976
42842 86204
42846 13861
42847 36292
42859 74808
42860 62506
42863 54147
42864 3191
42864 43655
43655 3191
43655 42864
42876 25841
68265 4880
68265 42878
42879 75242
75242 1615
75242 42879
42881 186
42881 15259
42881 76023
42885 68827
68827 42885
68827 58655
42887 76538
42887 95093
76538 42887
76538 95093
95093 42887
95093 76538
42889 22961
42889 49715
42889 53055
42893 54614
42893 95142
61446 44086
61446 98470
42895 57596
42895 60876
42900 16680
42900 66257
42902 54067
42905 24566
42905 26030
42905 61631
42905 84531
42905 89952
89952 84531
42911 3679
42911 92955
42912 61315
42913 74705
42915 94979
42925 63800
42925 69197
63800 42925
63800 69197
42927 74408
42927 93911
93911 74408
42930 32163
42930 48888
42930 52446
42930 91814
52446 32163
52446 42930
52446 48888
52446 91814
42933 32163
42933 47823
42933 48888
42934 56984
42938 23539
42939 14750
42939 73642
42939 76969
42945 64479
42953 91937
42954 5461
42954 81127
42957 73689
42963 54147
42975 25246
42976 61838
42976 74037
42976 81832
42978 12435
42979 17312
42979 72106
42985 64245
42993 72010
42993 98959
72010 42993
72010 72015
72010 98959
43001 96832
96832 43001
96832 60641
43005 42530
43006 63787
43007 5623
43012 97749
43014 18408
43015 14672
43016 83238
83238 43016
59996 8345
59996 22340
59996 87890
43025 47832
43025 78526
43027 94657
43037 9262
43040 68989
43042 22310
43042 77411
43042 95648
43043 49245
43044 44202
43048 5415
43048 74227
43049 59654
43052 69733
43056 43381
43058 88562
43058 91639
43058 95255
88562 43058
88562 91639
91639 43058
91639 88562
43064 67397
43075 40976
43075 48068
43075 77795
77795 40976
77795 43075
77795 48068
43076 68169
68169 42469
43080 78022
43080 82165
43082 50957
43098 36081
43103 29850
43112 51324
43112 59788
51324 43112
51324 59788
43124 78019
43124 92124
43127 49435
43134 58438
43136 2627
43138 32163
43144 3388
43144 43018
43150 90104
90104 43150
43151 91050
43152 58685
43154 45733
43159 52859
43159 60783
52859 60783
60783 52859
43160 31771
43160 54490
43161 43637
43161 65888
43164 39444
43164 80400
43165 41909
43165 57381
57381 41909
43179 77421
43180 70154
43180 83850
43182 64411
43200 88371
88371 43200
43203 90591
43206 65462
43206 95800
43213 6343
43218 36197
43219 7010
43219 35664
43224 65465
65465 43224
43225 7452
43225 34746
43225 69420
43225 79137
69420 10360
43227 48105
43230 2058
43235 46434
43237 8316
46391 43239
59838 43239
43240 15994
43245 96072
43255 42734
43256 53969
43257 49551
43257 58034
49551 43257
49551 58034
58034 43257
58034 49551
43262 95361
95361 43262
43264 4828
43264 15587
43264 60157
43266 93187
43269 62367
43270 35290
43270 35905
43270 57181
43270 99089
43276 85130
43281 16868
43281 77177
77177 16868
77177 43281
43292 43793
43793 43292
43299 75847
75847 43299
43305 31180
43320 32163
43321 36601
43321 48852
43321 48976
43325 80540
43327 30836
43327 61521
43327 86090
61521 30836
61521 43327
61521 86090
86090 30836
86090 43327
86090 61521
43332 61528
61528 43332
43338 57823
43341 13073
43345 53051
43345 94132
94132 43345
94132 53051
43347 3176
43347 13078
43347 33352
43348 48852
43352 74397
43353 78741
78741 43353
43356 74138
43362 17334
43362 55490
43362 89200
43373 578
43373 7609
43373 84505
43374 1532
43374 96298
43374 97436
43375 9716
43375 19169
43376 30837
43376 53594
43376 83938
83938 30837
83938 53594
43378 335
43378 9831
43382 51911
43382 99263
51911 6018
51911 22149
43387 26080
43392 63564
43398 32163
43399 77161
77161 43399
43402 74397
43408 16868
43408 90141
90141 16868
90141 43408
43410 32190
43410 33016
43410 71446
43415 40658
43417 9638
99463 43423
99463 76647
43425 81402
43427 827
43427 32163
43428 62466
43436 53364
43436 97071
53364 43436
53364 49971
53364 61531
53364 65599
53364 97071
97071 43436
97071 53364
43441 22007
43442 84439
43445 211
43445 35447
43448 39308
82565 43456
94733 43456
43457 85445
43461 72880
72880 43461
72880 70404
43467 26894
43470 16868
43475 41963
43482 62637
62637 43482
43485 41909
43490 78244
43491 67689
43491 77780
43491 95510
43492 18759
43492 21682
43492 51481
43493 41909
43493 73696
43497 4466
63315 14001
68702 18778
43506 54680
43509 20390
43509 92708
43510 24761
43510 35243
43510 72208
43510 73800
43510 75007
43510 77097
77097 11958
78374 43515
43520 2912
43520 69316
43521 24966
43521 97719
43523 18500
43524 18433
43524 63346
43524 88835
43535 30118
43539 36292
43544 22867
43544 26035
43544 41909
43550 85608
43559 18523
43563 65020
43568 31973
43577 41909
43578 7314
43594 718
43594 36292
43594 78952
43598 94657
74398 6222
60864 50732
43604 70146
70146 52824
43606 77034
43606 89991
43606 91787
43610 51166
43610 86921
43615 60543
43615 89271
43620 82213
43624 23306
43627 45288
43627 87322
43630 54147
43630 93271
93271 43630
93271 54147
43631 11321
43632 54147
43632 70274
70274 43632
70274 54147
43636 72220
43646 33112
43649 47493
43649 74123
43649 78813
43652 43971
43971 43652
43654 8316
43656 12744
43659 90430
90430 43659
43660 57791
43662 7314
43662 67392
67392 7314
67392 44167
43663 85555
43664 83820
43665 42388
43665 65375
65375 42388
65375 43665
43676 83443
43676 90400
43678 32163
43678 48888
43681 12744
43684 17723
43686 61669
43688 54024
43688 98569
54024 98569
43690 25212
43690 89786
43690 94197
43690 95186
94197 25212
94197 89786
95186 25212
95186 89786
43692 36683
43695 27097
43707 39137
43714 2823
43714 13791
43714 36402
43720 90605
90605 58926
43724 49622
43725 98930
43726 14113
43729 81872
43736 10797
43736 54147
43736 85585
43736 87237
43736 93902
43736 94315
87237 4630
87237 54147
43744 46330
43744 65728
43754 45973
43754 50686
43756 3483
43756 21682
43756 36557
43756 49560
43756 65424
43756 93025
43762 4689
43762 66364
43762 97570
43762 99642
99642 66364
43766 75704
43767 55372
71086 29698
71086 43769
71086 80020
43771 80463
80463 43771
43777 32163
43777 48888
43782 85627
85627 43782
43784 94657
43785 96197
43787 943
43800 83943
43800 86508
83943 43800
83943 86508
43809 88126
43810 94411
94411 11080
94411 43810
43820 7314
43825 2593
43825 33438
43827 97614
43834 48985
43836 60862
43837 79667
79667 79149
43842 57026
43843 78833
57310 43844
43846 71898
43852 17667
43852 35042
43858 18631
43858 32163
43858 47823
43858 48888
43861 21682
43861 85766
43861 91207
85766 21682
43865 8252
43867 72414
43868 52031
43868 52416
52031 52416
43870 67263
43881 43920
43920 43881
43920 95056
43883 5918
43883 6101
43885 70923
43890 45425
43892 23942
43892 55929
94860 13593
94860 17517
94860 39916
94860 43911
94860 46123
94860 61510
94860 64308
43912 4763
43914 44150
43914 76028
43919 55591
95056 43920
43921 13809
43921 22128
43921 35459
43925 23431
43928 58657
58657 99830
43929 0
43929 11342
43930 2613
43937 22548
43938 7131
43938 73720
43938 77436
43939 52099
43947 86135
43948 62367
43949 97175
43952 77098
43953 87462
43953 99652
43954 4483
43956 62732
43957 71307
43957 91223
43960 58692
43968 75912
43973 90830
43979 89014
89014 43979
43982 40461
43997 7314
43998 3180
44005 94468
44005 98534
44011 51683
44012 16910
44014 56237
56237 44014
44019 12202
44019 47157
44019 73590
44024 44985
44985 25708
44985 78970
44985 82684
44033 25841
44033 64717
64717 25841
44043 77189
44043 80630
44045 31293
44045 58324
44046 76425
44047 6236
44049 17905
44053 66724
44056 79865
44063 74733
44065 43317
44065 85608
44065 86078
94584 40474
44069 22786
44077 48001
44085 280
44086 86204
44090 34827
44093 64681
44093 78401
44096 14165
44096 32701
44099 8743
44099 23201
44099 33008
44100 48321
48321 44100
44104 31696
44106 11036
44106 97253
44108 60494
44111 68413
68413 44111
44116 81947
44127 61997
44129 64493
44129 74476
74476 44129
74476 64493
44133 54893
44139 87929
44148 54706
44148 55359
44148 76250
44148 85994
54706 44148
54706 55359
54706 85994
54706 89832
76250 2027
76250 27836
44149 20169
44149 76642
44152 62252
44152 77308
44154 7314
44158 17412
44165 23306
44167 7314
44167 18323
44173 76330
44177 84557
44183 22007
44188 31746
44190 14674
44193 93532
44198 36292
85075 46012
85537 44202
44204 57130
44204 60991
60991 57130
44210 47083
44210 70508
44213 32163
44213 48888
44219 41909
44219 73696
44223 54147
44223 69356
44225 5487
44225 69011
44226 62701
44230 17536
44238 54147
44241 49987
44251 34410
44251 65313
44259 78948
44259 88380
44259 97308
44262 43311
44262 59649
44263 85372
44266 55166
44266 78039
78039 61419
44268 79752
44271 94441
44272 92266
92266 44272
44276 17779
44278 84070
44278 94019
44281 42820
44283 51044
44286 86742
86742 44286
44287 7663
44290 718
44290 36292
44290 65716
44290 99718
99718 718
99718 36292
99718 65716
44291 6111
44294 32258
44306 39194
44314 53400
44333 76147
44335 38188
44335 68482
44335 69634
44335 81697
44340 65507
44345 62619
44345 66014
44345 82576
62619 97352
66014 16868
66014 62619
66014 82576
82576 62619
82576 66014
44350 16664
44355 7314
44356 86621
44361 37982
44365 8545
44371 60871
44374 13836
99807 91035
44378 83319
83319 44378
83319 73703
44379 22310
44379 77411
44379 95648
44382 26807
44382 93824
44384 54895
44385 7771
44386 59009
44386 88281
44392 24689
44393 46437
44393 80315
46437 44393
46437 80315
80315 44393
80315 46437
44395 74397
44396 52106
44396 80642
52106 44396
52106 80642
44399 80517
44400 22007
44400 80868
44401 34020
44401 57791
44402 25801
44406 23541
44412 51219
44413 81014
44431 6366
44438 25632
44438 40050
44438 89977
44439 69070
44439 82074
61136 44441
44447 7607
44450 10577
44453 44688
44453 94657
44455 79167
44457 32141
44462 92693
92693 44462
44469 23005
44472 68229
44473 34849
44473 84994
44477 74397
44478 48489
44479 88709
44479 98935
88709 44479
88709 98935
98935 44479
98935 88709
44496 76742
44498 98625
44501 94677
44502 60673
44503 24307
44504 73402
75865 7656
75865 44506
44511 20612
44511 84846
84846 20612
44512 38612
44512 61340
44515 32163
44515 48888
44516 41909
44517 86197
44526 7314
44535 56738
44536 47977
47977 44536
44545 45425
44551 62680
44559 46769
44562 99270
44573 23308
44573 35555
44573 72517
44575 37493
44575 56812
44575 72640
44578 37911
44580 10781
44580 33998
44580 45621
44580 97942
45621 10781
45621 33998
45621 44580
45621 81286
45621 97942
44584 68818
44587 51516
44589 25338
44589 57537
44589 61540
44590 88171
44595 70693
44597 51040
44597 68465
44597 93866
93866 7112
93866 44597
93866 51040
93866 68465
44599 94657
44607 80234
44608 32163
44608 48888
44613 5448
44619 3435
44625 5578
44626 57791
44640 68501
68501 44640
44641 37450
44641 66112
44641 74397
44646 63834
63834 44646
44648 41909
44650 91902
44653 59221
44653 86259
44659 47343
47343 44659
44664 50888
50888 54612
44665 79786
79786 8491
79786 34180
44671 88599
88599 44671
44672 64097
44672 66849
64097 44672
64097 66849
44673 25600
44676 95634
44677 87700
87700 44677
44678 54038
54038 44678
44679 83216
44680 5623
44682 1915
44682 19160
44682 38457
44682 58011
44682 67844
44683 21682
44685 45425
44686 479
44686 36505
44686 45491
44686 65506
44689 8316
44692 93281
51574 70507
76659 29590
76659 79355
44698 61653
61653 6114
61653 22555
61653 44698
61653 58800
44699 86927
44715 41909
44716 68095
44716 85136
68095 44716
68095 85136
85136 44716
85136 68095
44719 71920
44719 97344
71920 55064
71920 97344
97344 71920
44723 50544
44729 17416
44729 26048
44729 52009
44729 61667
44729 65331
44735 85449
44735 99875
85449 44735
85449 99875
44737 25925
44737 76345
44738 51102
44742 66885
44754 38817
44754 55816
44755 87119
44755 93247
44757 55174
44757 75419
44760 43200
44760 88371
44761 59117
59117 44761
44765 42798
44767 80109
80109 4873
80109 9926
44769 83216
44769 98395
44770 64959
44770 89172
64959 89172
89172 64959
48193 27124
44779 37505
44779 83039
44782 13564
44793 70935
44793 83229
70935 83229
83229 44793
83229 70935
44796 85624
85624 44796
44799 66364
44802 95128
95128 44802
44806 32163
44806 48888
44808 3444
44810 30024
44810 92072
44811 99237
44817 53994
53994 44817
44825 8457
44825 31968
44825 39338
44825 81817
44828 14019
44828 14809
44830 57313
44830 98447
44841 54147
44842 58419
44842 74501
58419 74397
74501 9898
74501 74397
44844 41817
44860 54789
44863 60046
44873 36197
44876 14459
44876 18433
44876 63346
44876 88835
44876 91239
91239 14459
91239 18433
91239 44876
91239 63346
91239 88835
44877 23635
44879 94868
94868 44879
44880 35344
44883 23857
44883 53139
44884 97399
44885 36292
44885 59324
44892 66635
44892 71766
44895 18408
44896 53586
44899 27369
44906 280
44909 49845
44916 27946
44917 44977
44921 56134
44921 62778
44921 72817
44921 79398
62778 17735
44923 85608
44935 16868
44935 48667
44940 55793
44941 92617
44953 93529
44955 68733
44956 62492
44969 12304
44969 89384
44971 2607
44973 73700
73700 67197
44978 79749
44978 81972
79749 28222
81972 44978
44979 41909
44979 73696
73515 99379
89516 1321
89516 23878
89516 37170
89516 44982
89516 73515
82684 50312
44988 63596
44989 68745
68745 60367
44990 42341
44995 65399
44998 61333
44999 13603
44999 15607
44999 31687
44999 78244
45006 54654
45006 66091
45017 4928
45033 52864
45042 9113
45055 58102
45063 68825
45065 95449
95449 18310
95449 41909
95449 95785
45072 14690
45072 27715
45081 35539
45083 38831
45083 56484
45083 99619
45084 9810
45084 11243
45084 70379
70379 9810
70379 11243
45085 44985
45087 6771
45087 46754
45087 64446
46754 6771
46754 45087
46754 64446
45090 8316
45096 67197
45101 58158
45101 74625
58158 45101
58158 74625
74625 45101
74625 58158
74625 88638
45106 72019
45111 1633
45111 23331
45114 64735
45117 32163
45117 48888
45119 33682
45120 44688
56613 45126
45134 68168
45138 84522
45140 52691
52691 45140
52691 81258
52691 83285
45141 41909
45142 98063
45144 73710
73710 9459
45145 74397
45146 8177
45146 36292
45151 21682
45153 25164
45153 38808
45153 70881
45155 2350
45155 70049
45160 79740
45161 77547
45166 77820
45167 53162
45171 59569
59569 10577
45178 62034
45178 95204
62034 95204
95204 62034
45180 61623
45198 76029
45198 78282
45198 94460
45198 97548
45198 99481
78282 45198
78282 76029
78282 94460
78282 97548
78282 99481
97548 45198
97548 76029
97548 78282
97548 94460
97548 99481
99481 45198
99481 76029
99481 78282
99481 94460
99481 97548
45203 28595
45203 49845
45205 76425
45216 72657
45216 96555
96555 72657
45217 15858
45218 5339
45218 55254
45218 64554
45228 70555
45229 86049
45229 89526
86049 45229
86049 89526
89526 45229
89526 86049
45231 16733
45231 69510
45231 91910
45236 52180
45236 70529
45238 89776
45242 51550
45248 67397
45248 76174
45253 51683
45263 176
45268 42798
48842 26387
48842 32598
48842 84521
45277 50201
58131 17412
45281 10577
56373 16981
56373 87763
78044 45288
78044 60359
78044 87322
78044 93299
45289 1729
45289 22416
45289 24189
45290 379
45290 88400
45290 98298
45290 99039
98298 69208
98298 75363
99039 379
99039 45290
99039 88400
99039 98298
45293 8316
45298 10794
45298 68245
45300 72731
45300 77192
72731 77192
77192 35976
77192 45300
77192 72731
45308 41909
45318 68412
45318 88335
45318 90859
45320 92346
45321 60725
45321 68909
45322 99182
99182 45322
45323 45841
45841 45323
60250 845
60250 98830
45334 32163
45334 37063
45334 48888
45336 22899
45338 885
45338 9134
45338 88763
45343 61668
45346 59462
45347 56504
45347 74397
56504 45347
56504 74397
45349 48154
45350 17415
45350 84753
45351 62165
62165 55401
45359 74397
45363 5236
45363 40134
45364 60725
45366 21571
45366 56143
45366 76524
45368 41909
45368 69628
45373 17985
45373 24074
45379 98928
45384 41909
45384 73696
45387 53939
53939 26560
45389 57491
45390 35900
46642 45179
60574 45391
45392 14897
45402 85074
85074 10566
45403 97283
45414 18447
45430 36927
45430 41909
45430 57208
45431 59788
45432 15714
45441 54147
45441 60486
45441 95446
45442 97985
45446 62929
45451 7314
45453 33645
45454 8316
45458 15740
45460 7314
45463 26351
45478 57332
57332 45478
45483 92974
45484 68843
94112 45498
45501 13679
45501 27701
45504 74808
45506 41344
45511 27580
45511 64668
45511 92841
64668 27580
64668 45511
64668 92841
92841 64668
45518 22011
45518 24558
45522 33206
73384 6351
73384 45527
73384 85215
45537 16907
45537 98969
45538 8197
45538 56071
56071 8197
56071 45538
45540 93748
45541 40487
45543 77244
45551 22899
45555 32163
45555 48888
45555 88310
45555 91732
91732 32163
91732 45555
91732 48888
91732 88310
78687 61635
45561 76239
45561 88676
45569 78244
45576 72784
45584 64497
45585 14316
45585 69443
45587 87615
45601 7873
45601 19870
45601 59011
45604 65967
45604 93806
93806 45604
93806 65967
45606 18295
45610 87321
87321 45610
45613 16868
45615 28759
45615 39934
45615 77927
45617 18420
45623 66720
66720 12108
66720 38359
66720 63043
45624 54147
45625 10021
45625 32163
45626 89313
89313 29359
45633 24042
45633 54206
45633 79157
45639 52099
45640 40782
45640 48367
45640 81950
45640 85760
48367 40782
48367 45640
48367 81950
48367 85760
45649 8881
45649 23666
45653 93063
45653 96403
96403 50732
45668 62701
45669 36349
45671 54147
45675 90173
90173 61525
45676 91424
91424 45676
45678 32317
45681 2982
45681 57286
45681 85513
45689 24066
45689 36197
45689 55818
45689 68385
45692 88179
45695 41417
45700 4627
45700 58213
45700 64856
45700 68584
45700 75148
75148 4627
75148 45700
75148 58213
75148 64856
75148 68584
45704 19268
45704 20603
45704 66029
45707 12535
45707 20508
45707 29207
45707 82365
45707 95329
45714 47857
45714 61085
45714 68941
47857 45714
47857 61085
47857 68941
61085 45714
61085 68941
68941 45714
68941 61085
45718 17412
45724 57130
83660 67174
45728 1500
45728 10466
45728 80087
80087 1500
45731 1354
45731 36989
45731 40716
45731 72698
45731 82940
45732 8994
45732 19480
45732 64010
45732 96242
96242 8994
96242 19480
96242 64010
45736 83216
45737 68499
45738 48430
45739 19896
45739 34863
45739 61108
45741 92252
45742 77957
77957 45742
45745 8429
45745 46476
45748 76346
45754 60247
45754 70943
45764 25315
45764 81286
45767 8316
45772 5461
45772 71376
71376 29157
45787 57029
45799 91255
45802 76203
45804 99031
99031 45804
45808 29853
45819 32163
45819 48888
45820 99036
56033 24554
45824 41909
45833 28768
45833 64096
45838 13786
45840 24555
45840 98611
45844 96870
96870 45844
45845 23346
45848 62740
45848 90872
45864 60349
60349 4999
60349 10816
60349 48540
60349 65829
60349 95109
60349 99379
45871 30186
45871 34713
45876 13490
45880 21715
45880 62935
45882 13505
45882 87899
45882 99379
45883 71096
45887 51683
45888 69628
45889 48134
48134 45889
45907 5079
45909 61111
45909 86720
61111 86720
86720 732
86720 61111
86720 64308
45911 31437
45911 45612
45913 35214
45914 51582
51582 45914
45917 91482
45917 97759
45919 51683
45919 87554
45919 93486
93486 19462
93486 45919
93486 51683
93486 71318
45920 33999
45920 57791
45920 77306
77306 33999
77306 57791
45921 27365
45931 69646
69646 45931
45934 43944
45934 76077
45937 10577
45941 38354
45944 76549
45950 54147
45950 63699
45950 70160
45950 84244
63699 45950
63699 54147
63699 70160
63699 84244
70160 45950
70160 54147
70160 63699
70160 84244
84244 45950
84244 54147
84244 63699
84244 70160
45954 94657
45957 61553
45969 17547
45969 47927
45969 68182
68182 17547
68182 47927
45972 31564
45984 50567
45987 94930
46007 98817
46009 66940
46012 85075
46013 95699
46019 94330
94330 46019
46020 18418
46020 35346
46020 55275
46024 38273
46024 98645
46027 90410
90410 46027
46034 28759
46034 39934
46034 77927
46038 75783
46038 85406
46038 92139
75783 85406
75783 92139
85406 2059
85406 75783
85406 92139
46040 67876
46043 91493
46049 66286
46051 3611
46053 8316
46056 67397
46068 99317
99317 46068
46081 92383
92383 46081
46088 54560
46088 71956
54560 46088
54560 71956
71956 46088
71956 54560
46096 52818
52818 46096
46098 69932
46099 73421
46099 96627
46099 97399
46103 59654
46107 33762
46107 41909
46107 73696
46107 76111
46107 85531
76111 41909
76111 73696
85531 41909
85531 48399
46111 58789
58789 46111
46116 51683
46116 82614
46116 83329
46118 11207
46118 62252
46121 25719
46121 49346
49346 25719
49346 46121
46122 40272
46122 63555
67496 7356
67496 62364
46129 92572
92572 46129
46130 4689
46130 66364
46130 97570
46130 99642
46134 63425
46134 88981
63425 88981
88981 63425
46136 32163
46136 97101
97101 32163
97101 46136
46143 41909
46143 76161
46144 68168
46147 75312
75312 46147
46148 42458
46175 49987
46182 48985
46183 5918
46183 6101
46192 1532
46192 91228
46192 96298
46192 97436
46205 2912
46205 19352
46205 19361
46205 28937
46205 91787
46205 98301
46208 50167
46208 94971
46217 38253
46217 98501
46222 9906
46227 21682
46231 51694
51694 46231
46233 69631
46234 4552
46234 93083
93083 4552
46235 89660
89660 46235
46241 47468
46242 98063
46245 46237
46247 74397
46249 7805
46249 75121
46249 95322
46253 92139
46255 31868
46257 68513
46262 26232
46271 54147
46274 0
46274 11342
46276 8316
46276 28782
46277 55007
46284 7314
46289 34705
46294 77796
77796 46294
46301 45425
46309 58428
46309 83966
83966 64332
83966 71329
46311 53506
46311 86632
53506 86632
86632 53506
46312 32388
46312 34604
46317 32163
46317 46841
46317 75905
46841 32163
46841 75905
75905 32163
75905 46841
46323 48622
46324 91787
46325 63648
46325 80185
46331 36822
46332 33524
46332 36505
46333 97202
97202 46333
46340 85608
46346 74014
46352 13963
46354 55359
46356 17238
46356 70061
46360 54147
46360 69356
46364 53301
46367 17590
46374 23102
46374 57071
46375 943
46384 69599
69599 46384
46390 1784
46390 63601
46395 45425
46396 61108
46397 72111
46397 77858
46400 39519
46405 62701
46413 43045
46413 54650
46416 69839
46421 87753
46425 64890
46431 64679
46432 25759
46433 48419
46433 92487
46435 3597
46439 92130
92130 8634
92130 46439
52764 46442
52764 47173
82000 11912
82000 46442
82000 47173
46443 34525
46445 91247
46448 18433
46448 63346
46448 88835
46453 87455
46454 72865
46454 91059
72865 46454
72865 91059
91059 46454
91059 72865
46458 48146
46458 94395
94395 17912
94395 48146
46460 55174
46460 75419
46463 57791
46464 4352
91347 32163
46466 43652
46466 43971
46467 41537
46467 82277
82277 41537
46469 64578
64578 46469
46471 22884
46473 30836
46475 72462
46477 26056
46477 81222
46485 56852
46486 32348
46486 91323
46489 59446
46500 7553
46500 36598
46504 34537
46516 56362
56362 46516
46518 96633
46524 15006
46526 44901
46527 11780
46527 53964
62039 46531
46533 22007
46533 50078
46539 99153
99153 30443
99153 93615
46541 54708
46544 33513
46544 72678
78744 67874
46548 53865
53865 46548
46550 97455
46552 63241
46552 92404
46553 62365
46557 18226
46557 94380
94380 18226
46558 33991
46558 35433
46558 38564
46558 63958
46558 70784
46562 8545
46566 46551
46573 98940
98940 30059
98940 36292
98940 95734
46575 7531
46575 88705
46575 90786
49362 46578
46580 57791
46582 50639
46582 77266
50639 33320
46586 61873
61873 46586
46594 41909
46597 45425
46604 82633
46612 42798
46612 55575
55575 42798
55575 46612
46613 24766
46614 88712
88712 46614
46615 7314
46615 84741
84741 7314
84741 46615
46616 32717
46616 40266
46616 45185
46616 55356
46616 75255
75255 55226
46618 86912
86912 46618
46619 85378
85378 46619
46621 80091
46623 78813
46628 8316
46633 40256
46638 280
46638 59743
46638 60558
46638 98575
46645 53607
46647 32805
46650 32840
46650 49751
46651 36053
46651 40708
46651 78335
46656 8316
46683 94657
46684 58722
58722 46684
46686 12130
46688 74397
46692 80091
46696 14256
46699 57791
46703 44590
46703 88171
46706 12494
46706 68825
46710 92038
46713 85372
46718 12672
46720 81823
46723 65732
46723 66742
46723 74209
46725 28039
46726 55346
55346 78146
46728 9312
46731 58127
58127 46731
46732 54926
46733 2607
46739 24766
46739 46613
46739 89945
89945 24766
89945 46613
89945 46739
89945 63746
46740 99059
99059 46740
46743 77437
51833 46746
51833 88051
46748 37035
46748 83021
83021 37035
46750 70173
46750 75348
46751 12825
46752 50510
46752 62475
50510 26505
46753 9339
46755 70061
46756 66185
46756 68465
46759 16564
46759 69413
46759 85986
46762 69347
46775 80015
46775 83905
80015 83905
83905 80015
46783 41014
46783 45939
46783 77217
46788 5544
46792 13557
46792 79285
46796 8316
46800 3054
46802 82238
82238 46802
82238 92551
46804 15163
46804 66463
46804 73590
46804 77383
66463 15163
66463 46804
66463 73590
66463 77383
77383 15163
77383 46804
77383 66463
77383 73590
46808 10777
46809 41909
46809 63989
46814 80837
80837 46814
46820 66426
46823 16299
46825 85372
46830 15992
46830 29662
46830 34020
46830 51979
46830 57598
46830 57791
46830 61082
46830 72732
46830 87965
61082 51979
61082 57598
61082 57791
72732 51979
72732 57598
72732 57791
72732 61082
87965 51979
87965 57791
46839 44157
46839 67008
67008 46839
46844 64433
46844 99717
64433 46844
64433 99717
67632 46097
67632 46845
67632 66969
46851 16682
46851 28129
46851 49105
46851 97878
97878 16682
97878 28129
97878 49105
46861 39279
46861 88407
46863 26279
46864 32821
46864 71114
46865 16581
46866 73637
73637 46866
46869 9209
46869 12563
46869 47931
46869 84764
46869 98871
47931 9209
47931 31092
98871 9209
98871 12563
98871 47931
98871 84764
46871 24343
46876 94657
46878 91035
46879 79050
46888 91327
46893 7314
46894 56677
46894 76695
46900 34254
46900 83498
83498 80920
46915 61327
46915 87020
87020 39026
87020 39738
87020 61327
87020 64873
87020 85752
46922 48083
46925 85975
85975 46925
55704 31187
55704 46929
55704 63097
55704 71859
60971 46929
60971 63097
60971 71859
46935 15561
46938 52099
46941 81654
46945 74397
46945 82262
82262 85614
46946 85797
68965 26269
68965 46951
68965 58441
46957 71771
71771 46957
46960 70053
46961 78833
46962 67397
46963 72323
46976 4027
46976 29679
46983 78581
46983 83298
46993 61618
46996 4898
46996 7575
47007 6784
47007 16155
47008 8962
47008 11560
47008 45155
47008 50428
47008 70049
47008 81587
47008 84446
84446 4209
84446 39464
84446 67207
84446 96623
47013 30842
47028 7117
47028 36292
47028 66985
47041 74737
74737 47041
47044 52638
47044 65614
52638 47044
52638 65614
47045 81173
81173 47045
91152 16698
47052 80640
47052 90893
80640 47052
80640 90893
47055 70261
47058 43076
47061 32163
47065 4547
47065 72422
47066 58452
47069 6236
47069 64112
47071 50293
50293 47071
47073 14685
47075 46221
47077 32833
47077 89645
89645 32833
89645 47077
47079 73103
73103 47079
47081 4899
47081 96747
47082 1424
47085 73716
47089 36292
47091 99237
47092 28994
47092 42693
47092 92584
56973 13805
56973 40587
56973 47093
47095 6692
47095 36122
47098 94791
94791 47098
47103 60005
47106 39066
47106 66124
47110 2028
47110 21682
47110 63807
47117 48509
47122 65547
94931 26080
94931 47124
94931 68891
47127 77272
47128 20191
47132 17723
47137 15587
47137 60171
60171 15587
47139 75292
47141 8098
47141 24976
47141 63520
47146 50251
47146 89776
50251 47146
50251 89776
47147 57219
47149 62680
47153 93993
47159 44110
90275 56778
47169 58916
58916 14910
58916 41565
58916 47169
47171 68370
47174 42350
47174 84882
84882 42350
84882 47174
47176 15883
47176 71552
71552 47176
47178 97283
47180 23304
47183 72755
47183 79073
72755 2705
72755 47183
72755 79073
47189 54267
47189 89419
54158 33224
47191 32229
47192 65239
47192 87580
65239 87580
47194 35900
47196 47484
47196 98930
47198 4898
47198 7575
47198 89157
89157 4898
89157 7575
47199 57842
57842 53104
47201 87699
87699 73480
47203 17412
47208 91787
47209 85828
47209 89664
98116 76475
47214 9810
47216 56335
56335 47216
47217 32163
47217 48888
47221 5005
47221 15116
47221 67837
47223 52570
47225 6926
47225 42048
47241 48489
47247 60365
47249 16664
47251 59470
47254 31666
47260 60543
47266 37734
47269 85534
47269 95256
47270 16545
47270 41909
47270 73696
47272 4749
47273 10025
47277 86590
47277 90876
86590 47277
90876 47277
47279 80772
80772 47279
47281 1739
47281 6236
47281 9110
47281 36611
47282 5492
47282 87147
47284 67325
67325 47284
47285 38827
47285 74244
47285 87322
47285 99088
74244 87322
99088 87322
47293 53866
53866 47293
47294 60424
47303 47083
47303 70508
47311 96284
47313 36658
47313 60247
47313 70943
47317 59394
47317 98447
47321 67043
67043 47321
47324 90955
90955 47324
47328 67154
47328 93187
67154 47328
67154 93187
47332 27968
47334 91848
47347 33999
47347 57791
47347 72596
72596 33999
72596 47347
72596 57791
87895 47354
47357 27119
47357 52185
47357 90796
47360 17415
47360 84753
47362 62029
47365 41433
47368 39148
47375 6688
47375 55137
47386 8775
47392 62960
47392 80324
62960 47392
62960 80324
47394 2072
47399 70061
47400 68974
47400 73315
47403 48651
47403 72305
47404 24307
47405 24687
47411 94993
47413 78659
47414 78647
97413 13793
97413 94012
47435 94657
47436 62882
47442 56209
56209 47442
47444 22952
47444 98037
47456 54147
47457 25212
47457 89786
47458 10985
47461 51310
47462 28737
47464 74394
47467 21682
47471 43220
47486 41435
47486 64113
47487 46531
47489 83562
47489 84522
83562 84522
47490 96197
47496 98851
98851 47496
47497 73186
47504 39203
47505 99237
47506 73521
47511 81708
47512 84799
84799 419
84799 47512
84799 64461
47514 13478
47517 82542
47518 72782
47518 83157
83157 47518
47524 1068
47527 25973
47527 79518
47529 98329
47543 58652
47560 86185
47563 13149
47563 20217
47566 95950
95950 47566
47573 18504
47573 19212
47573 94778
47574 70061
47575 42021
47575 75364
47581 37238
47582 91229
47582 97405
47584 66371
47586 65183
47587 2031
47587 38455
47590 57230
57230 47590
47595 46329
47595 60543
47597 58428
47598 4468
47598 57620
47598 63773
47598 69748
47600 23526
47603 21709
47603 39308
47603 43448
47603 71439
71439 39308
71439 43448
71439 53332
71439 85033
47605 77410
47610 80651
80651 47610
80651 50732
47615 50766
47616 9339
47618 98063
47621 74601
47621 93383
47623 39654
47623 83177
47628 38139
47628 48498
47632 86174
47638 48143
48143 41909
48143 87876
47639 86204
58849 47641
67340 47641
47643 8971
47652 15587
47652 80184
80184 15587
47658 66102
66102 47658
66102 50694
66102 57867
66102 96365
47660 27497
47665 98042
98042 47665
98042 76188
47666 53139
47667 47262
47667 84883
47667 93277
47669 6328
47675 36292
47687 91340
91340 47687
47689 5627
47689 50375
47689 55700
47691 35974
47692 28108
47693 35960
47702 31648
47702 81185
47702 98817
47703 34405
47703 58440
47703 65825
47703 76969
47703 91457
91457 34405
91457 47703
91457 58440
91457 65825
91457 76969
91457 96719
47712 4547
47713 32163
47716 85399
47717 4864
47720 77635
47720 83778
47720 94657
83778 47720
83778 77635
83778 94657
47724 87795
47728 24722
47729 70061
47733 59424
47734 32163
47734 48888
47738 76564
76564 47738
47742 51333
47742 76371
47747 74942
47751 66799
66799 47751
47753 16868
47754 78633
47757 39997
47757 57772
47757 58575
47757 59623
47757 65992
47757 78570
59623 39997
59623 47757
59623 58575
59623 65992
78570 39997
78570 47757
78570 58575
78570 59623
78570 65992
47763 74397
47767 98827
47770 52054
52054 47770
47774 43792
47776 41909
47786 8836
47787 45904
47794 1406
47794 70281
47796 74808
47798 34188
47798 60990
60990 35070
60990 42244
60990 52311
60990 78836
60990 84522
47805 29992
47808 74047
47814 99290
67868 29691
67868 32163
67868 47823
67868 48888
70194 32163
70194 47823
70194 48888
70197 32163
70197 47823
70197 48888
90643 32163
95711 32163
95711 47823
95711 48888
99504 32163
99504 47823
99504 48888
47826 7010
47826 35664
47827 46348
47833 54726
47833 72650
54726 72650
47836 14838
47844 12108
47844 38359
47844 39136
47845 57791
47846 72657
47847 91042
91042 47847
47851 16664
47855 80429
80429 76770
47856 22073
47856 56196
47856 91035
47861 18655
47862 5052
47862 14537
47862 20571
47862 21135
47862 36461
47862 39336
47862 44832
47862 54856
47862 68429
47862 78778
47862 82873
47862 83287
47863 41609
47863 78692
47865 34049
47870 28365
47875 86394
47876 61527
47879 31163
47879 65827
47883 40898
47885 38127
47886 45425
47899 8879
47899 22668
47899 59469
47899 91606
47899 91718
59469 99309
70401 47900
70401 87120
47902 21150
47907 24307
47908 76880
76880 47908
47909 36292
47910 86508
47916 44875
47919 47040
47920 16981
47920 83737
47920 87763
47928 37826
47932 10158
47932 49119
51545 47937
51545 81981
47938 48255
48255 47938
47946 95385
47947 32317
47948 41909
47953 16868
47968 41909
47968 90119
47970 1826
47971 72290
72290 47971
72290 54052
47972 37719
47972 45547
47972 60010
47979 71883
47980 43792
47982 83999
47984 37107
47985 31281
47985 53823
53823 31281
47992 40272
47992 63555
47996 409
47996 38541
47997 20888
47997 41498
48003 15229
48003 97540
48007 22975
48009 33214
48009 45818
48012 37374
48015 54147
48016 35773
48016 59982
48017 19268
48017 60843
48017 82367
48020 23526
48020 50401
48021 15143
48025 56852
48026 54361
48027 40033
48027 96828
48031 14672
48032 55365
55365 82137
48039 77959
48040 44972
48058 7314
48064 31503
48066 78456
48071 31413
48075 58104
48077 87027
48080 3674
48097 23526
48103 53267
48109 36292
48109 65716
48110 19359
48116 34434
48116 43940
48116 92123
48117 36292
48125 27236
48127 27598
48127 54147
48127 96839
48131 86299
48139 14499
48142 4457
48142 75797
48144 79463
79463 48144
48145 98962
48148 62701
48152 41909
48159 55424
55424 7314
48161 97534
48162 7314
48165 49583
48167 94795
48169 31503
48169 40257
48170 38246
48181 62049
48191 94657
48192 0
48192 11342
48198 6078
48199 89226
48205 69403
48207 37035
48207 83021
48209 84725
48210 2142
48210 35253
48218 90893
48220 89069
48222 91303
48224 51683
48232 83772
83772 48232
83772 72881
48236 1657
48236 18974
48236 44898
48238 3611
48238 20645
48238 32340
48238 46051
48238 87808
87808 3611
87808 46051
87808 48238
48247 12108
48247 38359
48253 10747
48254 76969
48257 10675
48257 40453
48263 36515
48264 22806
48264 31807
48264 69778
48264 85434
48267 28670
48269 25655
48269 58068
48270 85372
48273 65326
48276 71
48276 52006
52006 71
52006 48276
48277 31068
48280 76243
48284 99036
48286 85379
85379 48286
48289 90061
48291 52182
48291 81179
48291 87459
48292 13478
48292 48298
48294 43620
48294 51177
48294 83216
51177 83216
48304 18102
48304 83027
48305 86078
48306 12958
48306 24783
48308 12963
48308 80429
48310 4547
48311 5241
48311 84319
48311 92840
48312 57932
57932 48312
48315 70053
48324 55637
48329 42625
48332 27946
48335 28047
48336 66009
66009 48336
48342 22231
48342 50950
48343 50802
48343 63708
48343 99082
50802 48343
50802 63708
50802 99082
63708 48343
63708 50802
63708 99082
48344 27162
48344 61782
48345 40803
48347 28670
48350 84548
48366 41909
48372 14809
48372 61293
48372 68690
48372 73473
48372 81719
61293 14809
61293 48372
61293 68690
61293 73473
61293 81719
68690 14809
68690 48372
68690 61293
68690 73473
68690 81719
73473 14809
73473 48372
73473 61293
73473 68690
73473 81719
81719 14809
81719 48372
81719 68690
81719 69087
81719 73473
81719 80876
48375 30836
48380 28124
48380 84654
48380 86490
48384 71854
48394 89272
89272 48394
48395 68825
48397 71510
48397 80032
48399 41909
48403 57791
48407 8316
48411 2500
48411 2607
48411 4027
48411 11535
48411 80626
48416 48414
48417 90893
48418 21154
48420 35662
48426 4005
48427 27491
48427 93609
48428 57537
48428 61540
48435 97184
48438 32163
48438 48888
48438 83686
48440 14672
48441 36247
48441 57404
48445 63381
48445 98567
48448 6572
48458 85398
48460 17510
48465 12052
48465 25048
48466 91035
48471 7314
48472 45425
48494 72730
72730 48494
48495 21707
48495 38162
48495 41328
48495 90161
48495 94430
90161 94430
48499 73904
73904 48499
48501 37035
48501 83021
48508 74722
48514 8316
48518 72767
72767 48518
48521 68167
68167 48521
48524 79333
48526 67875
48535 63031
48536 57791
48543 44922
98922 48546
48548 98799
48569 80898
48570 29389
48570 40818
48572 93278
48578 65050
48578 80484
65050 48578
65050 80484
48586 90374
48588 9810
48596 9810
48596 48588
48599 57791
48600 8989
48601 82929
48602 93906
48603 36292
48603 59324
48605 57791
48617 45064
48619 81084
48619 87968
48619 91918
81084 87968
81084 91918
87968 81084
87968 91918
91918 81084
91918 87968
48620 99036
48624 82383
48626 94442
94442 1001
94442 48626
48628 84531
48628 89952
50749 21682
50749 95137
48631 84440
48632 90415
48640 10577
65124 48643
65124 68275
65124 72421
65124 81883
48648 95984
95984 48648
95984 95877
48653 87147
48657 4678
48657 5786
48660 47083
48660 70508
48660 99761
99761 47083
99761 70508
48662 63583
48662 68365
48662 79963
48662 84344
48662 99398
48664 84350
84350 48664
48668 69628
48676 16930
48682 54485
48683 40033
48683 96828
66333 48691
48693 17547
48693 47927
48695 21682
48699 91463
48709 38532
48709 45425
48711 84548
48714 3446
48717 17518
48721 74397
48722 67121
48725 77547
48731 3903
48731 53149
48734 56155
48736 73595
73595 33334
73595 43922
48739 11780
48739 52779
48739 98812
52779 11780
52779 48739
52779 98812
48744 8316
77115 48746
48750 21042
48758 61110
61110 48758
48763 19854
48763 50077
48764 732
48764 33112
48766 60238
48766 72106
48766 79679
60238 72106
60238 79679
79679 60238
79679 72106
48771 21140
48775 17547
48775 47927
48776 39364
48777 57791
48781 54690
48781 73497
48786 77889
48789 79708
48789 95493
95493 79708
48792 10008
48792 82102
48795 2912
48798 5657
48805 2028
48805 21682
48813 6404
48815 54147
48819 5314
48822 23677
48822 68116
48822 74397
48822 87909
68116 23677
68116 48822
68116 74397
68116 87909
48823 37612
48823 37714
48823 64694
48824 54147
48832 15967
48832 82889
48835 62701
48836 3170
48836 9590
48836 20514
48837 92911
48841 37777
49092 48845
86086 48845
96733 48845
48847 30534
48850 7314
48856 46929
48856 63097
48856 71859
48858 80101
48860 93716
48863 27913
48870 7314
48878 48746
48880 86084
48885 99078
99078 48885
48887 42633
48889 52119
48893 87550
48895 67751
48897 49999
48897 68269
49999 48897
48903 17269
48904 1218
48905 92604
48908 48758
48912 57768
57768 48912
48914 69060
48914 91915
48916 45425
48918 51692
48927 21682
48927 83977
48937 45425
48946 19045
48946 32655
48946 39152
48947 84548
48949 74397
48954 28759
48954 39934
48954 77927
48955 99822
48966 26465
48966 90770
48968 78244
48970 85372
64978 2931
48973 56357
48974 77945
48974 80115
77945 48974
77945 80115
80115 77945
48978 70157
56459 49620
94355 48984
94355 56192
94355 80016
94355 87491
97549 48984
97549 63206
99941 63206
99941 65105
48988 3828
48988 60078
48988 63983
48988 71412
48989 57590
48989 59531
57590 48989
59531 48989
48990 2285
48990 26273
48990 71755
48996 99372
49000 58801
49004 95122
49005 31968
49010 14328
49016 82968
49023 90645
90645 49023
90645 94798
49024 32163
49024 48888
49033 32163
49033 65091
49033 67286
65091 32163
65091 67286
49036 94768
94768 49036
49042 82747
82747 49042
49045 23308
49045 35555
49045 72517
49046 2028
49046 21682
49046 94941
94941 2028
94941 21682
94941 49046
49050 61711
49050 92431
61711 49050
61711 92431
92431 49050
92431 61711
73240 49058
49059 73521
49065 83975
49070 7314
49071 21682
49077 82315
49078 296
49078 74224
49081 27259
86617 9889
86617 49087
49088 64657
49091 27600
49091 81864
49093 280
49093 60558
49095 827
49095 17123
49095 32163
49099 93627
49104 30837
49109 21879
49109 22115
49109 50732
49109 65316
49109 76969
49109 86078
49109 90293
49109 96298
49109 97283
49110 35954
49113 95185
49115 16558
49115 66982
49115 81445
49117 41299
49117 63121
49117 88970
55946 40674
55946 49124
55946 95001
49126 98320
98320 49126
49135 80884
80884 49135
49140 3388
49140 43018
49143 68156
49147 7314
49148 19352
49148 59653
49151 69000
49160 48652
49168 47759
49175 12304
49186 83342
49188 36292
49189 8177
49189 36292
49190 16545
49190 41909
49190 73696
49195 21876
49195 22663
49195 31758
49195 46117
49195 94869
71119 49199
49201 36292
49204 84561
49205 59225
59225 49205
59225 76548
59225 82375
59225 97417
53513 49206
49213 12958
49215 26355
49217 62278
49217 69191
62278 25594
62278 49217
62278 69191
69191 49217
69191 62278
49221 41131
49223 8345
49223 43017
49223 87890
49225 21735
49226 47176
49226 71552
49228 89067
49229 10383
49229 81399
49230 30846
49231 83216
49233 78244
49233 88863
49235 72016
49236 25186
49238 88005
88005 49238
49240 54686
49248 28015
49257 87555
49258 35500
49258 71468
49261 63600
49264 10932
75418 49267
49269 4864
49272 61386
61386 49272
49278 31746
49278 67585
49278 82506
67585 31746
67585 49278
67585 82506
49280 45425
49284 74397
49289 61527
49296 67503
49296 71011
49296 84868
67503 49296
67503 71011
67503 84868
71011 49296
71011 67503
71011 84868
84868 49296
84868 67503
84868 71011
49301 1045
49301 91704
49310 17019
49310 28602
49310 68250
49310 79882
68250 22416
68250 24189
68250 35662
68250 43002
68250 65407
49313 81674
81674 48480
49314 22879
49320 97720
49322 20205
49322 85500
49322 89167
49323 31225
49327 4738
49327 29678
49328 14672
49330 50221
49330 77007
50221 49330
50221 77007
77007 49330
77007 50221
49331 66656
66656 49331
49336 55448
49340 74601
49340 93383
49341 81790
49342 51306
51306 19290
51306 49342
51306 53987
51306 54292
49355 63311
49355 90391
49358 44731
49358 63822
49358 74875
49358 81711
49358 90228
49366 11223
49366 68836
49366 96060
68836 11223
68836 49366
96060 59008
49374 9763
81051 49375
81051 92240
81051 98804
98804 49375
98804 81051
98804 92240
49377 8746
49377 83832
49377 90493
83832 8746
83832 49377
83832 90493
49380 54147
49383 34275
49385 15982
49385 37238
49385 99496
49386 83839
83839 49386
49394 28030
49399 1826
49400 50402
49403 56258
49407 43229
49407 51995
49411 49303
49420 82105
82105 49420
49431 63350
49441 32163
49441 48888
49442 55965
49445 8994
49445 19480
49445 64010
52693 49446
52693 86180
86180 49446
86180 52693
49447 54147
49448 70828
49448 80689
80689 49448
80689 70828
49454 1826
49463 14645
49463 83270
83270 27074
83270 68324
83270 98256
49464 53114
49465 17412
49468 82685
49471 61796
49475 6511
49475 52990
49475 59088
49475 80505
52990 59088
49476 42725
49480 70061
49486 70626
49492 32597
49492 35952
49492 36919
49500 51061
49500 86811
49506 43601
49506 50732
49511 28991
49511 34825
49511 63540
49515 20194
73830 49519
49527 60225
49527 69962
69962 49527
69962 60225
49529 6236
49531 41122
49533 16868
49535 6349
49537 17547
49537 47927
49539 32163
49539 48888
49541 1670
49541 23746
49541 66542
49541 66613
66613 93906
49543 72981
72981 49543
49545 10241
49545 14598
49545 59696
49546 85628
49547 21682
49547 90728
54626 49552
49555 65866
49555 90523
49563 14672
49570 3654
49570 5314
49570 15883
49579 11834
49585 65721
49587 49447
49590 39260
49595 18408
49597 86621
49598 2048
49598 7896
49600 45425
49602 43979
49602 89014
49604 66300
49615 33336
49615 48603
49615 65198
49619 3699
49626 1615
49626 34420
49626 74601
49626 96415
96415 1615
96415 35143
49636 50411
49641 45699
49644 52434
49644 74290
49647 80626
49650 5981
49654 42714
49654 83894
49660 53844
49669 85950
85950 49669
49670 46912
49680 99324
49685 66375
49689 11806
49692 22231
49692 50950
49694 40763
49697 87062
49700 14789
49700 89411
49701 97535
97535 33237
49704 48164
49710 51995
49720 95323
49729 29992
49733 11970
49738 9351
49738 40400
49744 81674
49745 93830
49749 63588
49749 70311
49749 92785
49762 66206
49773 6161
49773 23355
49778 70469
49784 65326
49784 93868
49787 9267
49795 67757
49795 87253
87253 1622
87253 2494
87253 2913
87253 9104
87253 21882
87253 67866
87253 97956
49799 23454
49806 49393
49817 38703
49823 52641
49830 65207
49830 77732
65207 49830
65207 77732
77732 49830
49831 73907
73907 49831
49834 80091
49838 26098
49838 45263
49838 66379
49838 82494
66379 7278
82494 7839
82494 97257
49844 84573
49844 88765
88765 49844
49847 58801
49856 73968
73968 49856
49858 35147
49858 68245
49860 78244
49860 88863
49861 94542
49862 7314
49865 18226
49868 16915
49870 69841
49876 16868
49876 73060
73060 16868
73060 49876
73060 56182
73060 87445
49877 28313
49882 64478
49883 845
49883 98830
49884 29481
49888 46659
49895 9244
49895 71394
71394 9244
49896 38822
49904 93965
93965 49904
49906 42636
49909 16868
49913 57791
49917 70053
49919 74397
49920 68513
49922 55316
55316 49922
49926 74077
49926 79036
49929 54789
49943 42599
49943 93743
49946 68405
68405 49946
49949 20081
49959 65183
49963 16102
49963 45199
49964 47271
49968 83464
49968 90861
83464 49968
83464 57786
49972 1641
49972 53182
95358 95793
95793 95358
49976 14904
49976 29940
49976 56556
49976 69298
49979 49125
49980 82741
82741 49980
49983 35664
49985 13285
49986 27254
49986 81886
49989 66531
49989 97175
66531 49989
66531 97175
49991 17667
49991 66392
49991 72503
50005 90919
50006 74254
50006 86025
50006 88540
74254 88540
86025 88540
50007 67670
67670 50007
50008 54147
50012 8316
50013 32163
50013 48888
50014 23005
50015 31122
50015 53407
53407 31122
53407 50015
50017 59825
50022 8329
50022 13073
50022 59448
50022 61820
50022 78021
50022 78516
50024 54147
50027 8316
50034 41909
50034 71325
50038 45425
50039 27916
50039 88911
50056 25626
50057 67299
50059 52082
50059 80532
52082 50059
52082 80532
50061 11002
50061 24545
50061 29101
50061 41944
50061 54450
50061 73902
50061 80853
50061 84971
50061 86605
50061 90278
50061 91562
50061 98400
54450 93155
73902 9094
84971 91562
84971 98400
91562 966
91562 66637
91562 86605
98400 86605
50065 67725
50065 94104
67725 94104
94104 67725
50068 54373
50070 56618
50070 57521
50079 48973
50081 50847
50081 94554
50086 42021
50086 75364
50089 35141
50092 827
50092 32163
50092 63332
50092 75700
50094 35994
50094 51403
50094 54924
50100 23913
50102 40780
50109 32163
50109 48888
50111 55056
55056 50111
50112 48733
50114 2585
50114 32032
50114 67371
50122 37696
50123 66873
50124 14354
50126 5270
50126 74397
50126 91228
50126 94929
94929 5270
94929 74397
94929 91228
50128 23089
50128 38612
50128 61340
50133 81580
81580 50133
50134 35485
50134 61256
50134 67128
50134 70212
50135 58075
50138 79939
85040 27658
50146 28645
50146 36292
50149 45425
50151 20695
50151 21682
50152 8578
50157 61925
50157 95308
61925 95308
95308 61925
50166 62466
50168 46932
50172 15683
50175 59207
59207 75870
50178 9311
50179 18425
50179 20303
50179 22007
50179 64543
50180 52213
50180 94236
52213 50180
52213 94236
94236 50180
94236 52213
50183 49845
50183 55701
50184 16332
50189 51626
50189 61105
51626 47688
61105 96871
50194 47363
50194 50286
50196 91247
50436 777
50436 50207
50220 52100
50224 18197
50229 83759
50232 30847
50241 56573
50248 57791
50248 68488
50250 89487
50257 71693
50259 10158
50259 49119
50260 42529
50260 79114
50260 96151
50262 40773
50262 61357
50262 74523
61357 40773
61357 50262
61357 74523
50264 56234
50264 74397
56234 50264
56234 74397
50265 18346
50273 18396
50279 75130
50280 23526
50280 29225
50281 23526
50281 50401
50282 57613
57613 50282
50285 65313
50288 40150
50289 7314
50297 2607
50301 78630
50301 82730
78630 50301
78630 51517
82730 50301
82730 78630
50303 95334
50305 6236
50310 32163
50310 48888
50319 2607
50320 18989
50322 62701
50325 47326
50331 92604
50340 17723
50346 58539
50346 63451
50350 98535
50357 23171
50357 65829
50363 5787
50366 85305
50366 86078
85305 86078
50370 4626
50370 59001
50370 70358
50373 21588
50373 64964
50374 47472
50376 46929
50376 63097
50376 71859
50378 83323
83323 50378
50385 80966
50386 61959
50390 54147
50390 85902
85902 54147
85902 92471
50395 7448
62590 13490
62590 50397
50399 46223
50409 86084
50412 12108
50412 38359
50415 78244
50416 10145
50416 20190
50419 55929
53017 22042
53017 27619
75351 50420
50426 40050
50426 98773
50429 46866
50429 73637
50431 90317
50434 60137
50438 4652
50443 6733
50443 34592
50445 82552
82552 50445
50448 70669
50459 4407
50462 86621
50466 7314
50480 31765
50480 47376
50480 83880
50480 92042
50501 54895
50506 55580
50509 5208
50509 48096
50512 53410
50514 16981
50514 87763
50515 72956
72956 50515
50517 22416
50517 24189
50520 67847
50521 17667
50526 63993
50531 88087
50534 7853
50534 47329
50537 58428
50538 7314
50538 29542
50545 75263
50546 75283
50546 78175
75283 50546
75283 78175
78175 50546
78175 75283
50551 19838
50551 37555
50559 14874
50559 31031
50561 54147
50565 86147
86147 50565
50568 56677
50568 76695
50569 96614
50571 7568
50571 16474
50571 39173
50571 91047
50588 15622
50588 43542
50590 81208
50596 50345
50596 54251
50604 36292
50604 96506
50607 62574
50610 18408
50613 29555
50625 23227
50625 43252
50625 63254
50625 88767
50635 13285
50646 61077
50647 67556
50649 91011
50655 31771
50655 54490
50656 80349
80349 50656
50657 54361
50659 89496
78454 10009
50667 43792
50668 31134
50669 14897
50684 42074
50687 11831
50689 17412
50692 7314
50692 59285
59285 7314
59285 50692
50696 73480
50703 8485
50705 96378
96378 50705
50715 17166
50721 79333
50723 70061
50728 98477
98477 22128
98477 22870
98477 50728
98477 71633
76769 50732
76769 91931
76769 93164
91931 23324
91931 36104
91931 43601
91931 50732
91931 93164
93164 23324
93164 50732
93164 58023
93164 91931
50735 28888
50738 15005
50739 18646
50742 72666
50742 76969
50744 3679
50745 97759
50746 53139
50746 74417
74417 53139
50747 32163
50747 48888
95137 21682
50753 89289
50758 28803
50761 16877
50761 45503
50763 40041
50769 84898
84898 24222
50773 67248
67248 78530
50777 29904
50779 51732
50781 60842
50785 68997
50785 72111
50785 77858
50785 83215
68997 72111
68997 77858
83215 72111
83215 77858
50792 94657
50795 60424
50798 39988
50806 36292
82760 50810
82760 87910
50817 18170
50817 19232
50818 36464
50818 91322
50819 45063
50819 68825
50820 88629
50822 0
50822 11342
50828 39450
50830 52092
50830 61861
50830 76438
50836 65403
50838 84207
84207 50838
50839 79865
50840 18500
50846 17324
50846 24438
50848 70496
70496 50848
50850 38253
50851 43934
50856 26352
50856 26678
50858 23764
50860 97720
50865 45742
50865 77957
50870 27
50870 32163
50873 61282
50875 91493
50881 14858
50885 73088
54612 50888
50893 44537
50895 13996
50895 32163
50895 33185
50895 39682
50897 43792
50899 41354
50900 92672
92672 50900
92672 99671
50910 74397
50914 80934
50920 74397
50922 63738
50922 76420
63738 76420
63738 97283
50931 2028
50931 21682
50931 42345
50932 10731
50932 25547
50932 64705
50934 56164
50934 91810
50941 57791
50941 58331
58331 50941
58331 57791
50949 4547
50949 54693
54693 4547
50952 26672
50956 80325
80325 50956
50959 30561
50962 59046
50964 59704
50964 91841
59704 58373
91841 59704
50968 15982
50968 37238
50968 99496
50970 84094
50973 9216
50977 18501
50979 97607
50980 72143
72143 50980
50983 51423
50983 64577
51423 30837
64577 30837
64577 50983
64577 51423
50986 6554
50986 32163
50986 55153
50986 63332
50987 43225
50991 37936
50997 72890
50998 22007
50998 80868
50999 73296
51000 44112
51010 90364
90364 51010
51015 12202
51015 47157
51015 73590
51017 86911
51017 88419
51024 80626
51031 73480
58003 70103
58003 72133
64651 77941
76426 480
79964 94645
51041 11756
51045 26255
51046 53275
51046 74927
53275 74927
74927 53275
51049 55917
51049 72626
51049 86813
55917 51049
55917 72626
55917 86813
72626 51049
72626 55917
72626 86813
86813 51049
86813 55917
86813 72626
51051 42469
51052 62367
51052 92291
82807 51053
51066 64432
51073 25907
51074 7314
51076 86078
51078 54821
51083 6422
51083 61880
51087 26048
51087 52009
51087 61667
51087 65331
51088 20160
51088 52377
51088 70880
51088 97478
70880 36376
51090 69545
51090 88298
51090 99402
69545 51090
69545 88298
69545 99402
99402 51090
99402 69545
99402 88298
51092 43456
51101 74523
51106 30948
51108 30789
51124 6559
51124 7334
51124 52540
51126 46237
51131 9244
51132 65326
51153 55999
51156 87147
51168 88165
88165 51168
51173 14366
51173 23774
51173 24196
51173 51295
51173 54086
51173 58675
54086 88193
51178 21673
51181 69403
51186 63556
51198 827
51198 16356
51198 32163
51198 63332
51198 75700
98365 51199
51200 3074
51200 43602
51200 80885
80885 51200
51203 5236
51214 98757
98757 51214
51215 38336
51215 90542
90542 51215
51216 44597
51216 51040
51216 68465
51229 11901
51229 24707
51233 91035
51234 66066
51234 86289
66066 1405
66066 12538
66066 39467
66066 53267
51235 57791
51239 11834
51241 68168
51248 74397
51249 41283
51251 38808
51255 41909
51255 67642
67642 41909
51256 59163
59163 51256
51259 92053
51272 29654
51278 37107
51279 47297
51282 21682
51282 99579
99579 21682
99579 51282
51284 65924
65924 96396
51287 7432
51291 68823
51291 70359
51291 84307
68823 51291
68823 70359
68823 84307
70359 51291
70359 68823
70359 84307
84307 51291
84307 68823
84307 70359
51292 88989
51296 67602
51298 55023
51299 79669
79669 51299
51300 1049
51300 3496
51300 19373
51300 93721
51302 28587
51303 58422
58422 99826
51304 294
51305 4552
54292 24737
54292 51306
51311 8316
51313 3838
51313 77460
51313 80892
51317 65937
51321 19455
51321 98598
51330 57479
51337 40806
51343 943
51348 40372
51349 86625
86625 51349
51356 62701
51357 77265
51366 2818
51366 4439
51366 10778
51366 14674
51366 34748
51366 51976
51366 60067
51366 80184
51366 86613
51976 60067
51976 63095
60067 51976
60067 63095
51369 55708
51372 43648
51373 80745
51373 94544
80745 51373
80745 94544
94544 51373
94544 80745
51375 29088
51380 97283
51383 51495
51383 71659
51388 42798
62289 51389
62289 57479
51393 50837
51397 69645
51398 10709
51409 8892
51410 84678
84678 51410
51411 32163
51413 34823
51414 98266
51416 45001
51417 40819
51417 55964
51429 66882
51430 62757
51436 30424
51438 97735
97735 2375
97735 39467
97735 41209
97735 88298
51439 19985
51439 65336
51441 7884
51441 74639
51442 31746
51445 74397
51447 3520
51447 4161
51447 12958
51447 39715
51451 79521
79521 51451
51453 2982
51453 57286
51454 36024
51454 54412
51454 68215
68215 36024
68215 51454
68215 54412
51460 1826
51463 83288
51468 52151
52151 51468
95650 50402
95650 51475
51479 13587
51479 17098
51479 52839
52839 44171
51485 17667
51493 14341
51493 59185
51493 71275
59185 14341
51494 13793
51494 67090
51494 68245
51497 72841
51499 84525
51502 12430
51505 18009
51506 8979
51508 41909
51508 79423
79423 41909
79423 51508
51509 69868
51511 92263
51515 16112
51517 50301
51517 78630
51520 48432
51522 23122
51522 41909
51524 73402
55270 32163
55270 32727
55270 38381
55270 48888
51534 20612
51549 33950
51549 69101
51554 45425
51561 17806
51561 64809
51578 64667
51588 97759
51589 70053
51605 90893
97882 51606
51609 5208
51609 48096
51610 73558
73558 29287
51611 61328
51611 91713
51611 94677
61328 94677
91713 51611
91713 94677
51613 92624
51622 82206
51624 83216
51628 75584
51630 53350
51632 94334
51639 2986
51640 7314
51641 59654
51645 48340
51649 55712
51651 89037
89037 51651
51658 74397
51675 36292
51675 62158
51682 57791
51684 52099
51684 58428
51690 71557
51699 4627
51699 58213
51699 64856
51699 68584
51704 76116
51706 83329
51707 38160
51707 47040
51714 94247
51715 73224
51717 98541
51724 88543
51730 67397
51734 66213
51736 39066
51736 66124
51740 41909
51742 25864
51742 52416
51742 54102
51744 25973
51744 79518
51750 56831
51751 32959
51754 36560
51755 13967
51759 26017
51762 38428
51764 37194
51764 71157
51765 94542
51771 86213
51782 47359
51785 65192
51788 22128
51791 71614
51791 87853
51795 36292
51795 44161
51804 99199
51807 66609
51808 8641
70295 36666
70295 51812
51813 53247
51815 59892
51816 75803
75803 51816
51821 41110
51821 64778
64778 88596
51829 68038
51830 23199
51831 35809
51838 52691
51854 48409
51854 81190
51857 3147
51858 80489
51859 55359
51859 85994
51862 47297
51868 41909
51869 41909
51873 61764
51877 16868
51882 29433
51882 51061
51883 2607
51884 32171
51884 78605
51891 8316
51908 36496
51909 23864
51909 84765
51912 32163
51912 48888
51914 1536
51915 9161
51915 31746
51919 1543
51920 9759
51920 45370
51920 91883
51925 66758
51925 68399
68399 51925
68399 66758
51932 68639
51934 37076
51934 91967
51934 95263
91967 95263
51937 10742
51938 25103
51945 77135
51946 57791
51946 68488
51950 77115
51957 80381
51960 7314
51972 45952
51972 89669
89669 45952
89669 51972
63095 51976
63095 60067
51977 79333
51981 87551
87551 72528
51985 290
51985 9111
51985 15236
51985 53952
51985 73386
53952 15236
53952 73386
51987 5314
51987 81291
81291 5314
81291 51987
51990 7948
51990 10018
51990 25174
51990 33862
51990 46373
51990 62211
51990 88693
51994 14601
51996 54351
51996 57791
54351 57791
54351 79468
52001 8316
52007 73416
73416 52007
73416 65187
52016 28302
52016 49462
52016 93527
52017 94657
52019 32163
52019 74857
74857 32163
74857 52019
52020 53386
52020 95896
52023 87901
52023 89107
52027 32163
52027 48888
52030 49566
52033 23422
52036 85716
85716 61122
52040 73939
52044 447
52044 28290
52044 67689
52044 77780
52044 93772
52044 95510
93772 67689
93772 77780
93772 95510
52045 77990
52046 17412
52056 81947
52058 36292
52060 60474
52069 64110
52074 7794
52074 37991
52074 79776
84649 50062
84649 52078
84649 85400
84649 90598
86607 50062
86607 52078
86607 90598
52079 64657
52080 33332
52080 46593
52080 73898
52083 5995
52087 46725
52094 53741
93377 52100
52104 23526
52107 58441
52108 95983
52108 97619
52109 35767
52109 62711
52111 8316
52116 63866
52118 57791
52131 14672
52132 74523
52133 242
52133 75761
52133 97399
52137 2593
52137 33438
52150 28123
52150 90367
90367 28123
90367 33862
52162 82400
98212 49818
98212 52171
52174 74289
74289 52174
52175 15798
52176 53708
53708 52176
52178 62269
52181 48002
52181 71101
52183 55581
55581 52183
52188 27600
52191 29327
52191 32163
52195 29992
52196 46673
52197 60859
52201 61649
61649 37690
61649 52201
52202 8316
63156 12422
63156 52204
52207 48733
52210 9209
52210 12563
52210 47931
52210 84764
52210 98871
52212 60998
60998 52212
52214 42797
52215 11442
52225 49082
52226 66392
52228 62746
52228 63042
62746 52228
62746 63042
63042 52228
63042 62746
52233 32163
52233 32727
52233 38381
52233 48888
52236 57791
52238 32163
52251 3093
52257 59283
52261 85377
85377 22002
52263 55673
52270 65977
52278 85428
52280 59971
52280 90383
90383 52280
90383 59971
52282 68919
52287 66841
52288 473
52288 52390
52390 473
52289 81964
52291 84735
84735 52291
52294 707
52294 58318
52296 38240
52297 68154
68154 52297
52298 84889
52299 67858
67858 81010
52305 47297
52309 47395
52309 55833
52309 60897
52310 84080
52313 27010
52322 54361
52323 50213
53276 52324
52327 9545
52327 36292
52327 44161
52328 94657
52332 14674
52333 98063
52341 67197
52342 87355
87355 52342
52343 22686
52343 95215
52346 14617
52346 79076
52347 39711
52348 67031
52351 53688
52351 87944
53688 52351
87944 52351
52356 57791
52360 7309
52360 95436
52364 95851
52366 91977
52368 10745
52368 11835
52375 12719
52378 8316
52382 15427
52412 21345
52413 22648
52413 60204
52414 91460
52422 33010
52422 58016
58016 63014
58016 91588
52424 36292
52425 75406
52428 54111
52429 21575
52440 92953
52442 3395
52442 6111
52447 90420
52447 95999
52451 79586
52454 44153
52454 91822
91822 52454
52460 3512
52460 19619
52466 59971
52466 82963
82963 52466
82963 59971
52470 9810
52470 11243
52476 85445
52500 94293
94293 52500
52502 45425
52526 49829
52526 60424
52526 62254
52526 99045
52530 79050
52535 82101
82101 51482
52536 1614
52544 50732
52545 21508
52545 88639
52546 3170
52546 20514
52548 3916
52549 19993
52549 76687
52550 8979
52552 68173
52558 84440
52561 1532
52561 96298
52561 97436
52565 22309
52565 26123
52567 39503
52567 72663
52569 61016
52569 95597
61016 52569
61016 95597
95597 52569
95597 61016
52571 81335
81335 52571
52577 72013
52587 26587
52588 54147
52588 56844
52588 88036
52589 34410
52589 65313
52597 37156
52597 62518
52601 17723
52617 59057
52622 58526
52622 84804
52622 85529
52622 95608
58526 52622
58526 84804
58526 85529
58526 95608
84804 52622
84804 58526
84804 85529
84804 95608
85529 52622
85529 58526
85529 84804
85529 95608
95608 52622
95608 58526
95608 84804
95608 85529
52632 17446
52632 35379
52632 51352
52643 36292
52658 36304
52659 47914
52662 41909
52665 87146
52672 62367
52674 14672
52676 92546
52678 17398
52678 67542
52680 64665
52682 57791
52682 68488
52683 28869
52687 30836
52687 52796
81258 52691
83285 52691
52692 13737
52692 35071
52692 62854
52702 21682
52704 36292
52705 32163
52705 69543
52715 36292
52715 94957
52718 45425
52723 78007
52723 94082
78007 52723
78007 94082
94082 52723
94082 78007
52724 13987
52729 32506
52729 74397
83085 43164
52736 64537
52739 7679
52740 60096
52740 87322
60096 52740
60096 87322
52741 7314
52744 16210
52744 79983
52745 18022
52745 53790
52747 61535
61535 41910
52749 82087
52754 85370
52766 75135
52771 6428
52772 9249
52774 99093
99093 52774
52777 82312
52777 86508
82312 52777
52781 42734
52782 62775
52782 75216
62775 75216
75216 62775
52783 56650
52787 98962
52790 46946
52790 85797
52793 11013
52793 54359
52800 81056
52800 93777
81056 52800
81056 93777
93777 52800
93777 81056
52801 13142
52801 21854
52801 23477
52801 25776
52801 94510
52805 54147
52809 27913
52810 15013
52810 73498
52812 97710
52815 59290
59290 95960
52817 8011
52817 34020
52817 57791
88508 10333
88508 52819
52822 65183
52824 70146
52825 55112
52829 68825
52830 1392
52832 45463
52833 57791
52833 66073
66073 52833
64027 48757
64027 54147
64027 74397
52848 45609
52854 8272
52854 56591
52866 22448
52869 21682
52869 90753
52869 98108
52881 35814
52888 7215
52888 18614
52888 39685
52895 61527
52896 44051
52902 4327
52911 15347
52912 36394
52912 71580
52914 99584
99584 9079
99584 23962
99584 52914
52915 35230
52915 55107
52917 20923
52923 94682
94682 52923
52924 61168
52926 85942
85942 52926
52927 56723
56723 52927
52936 25108
52936 52755
52946 6873
52949 28768
52949 64096
52954 44922
52959 71252
71252 52959
52962 44875
52963 24670
52967 32163
52967 48888
52969 35266
52974 22909
52974 73651
52975 94657
52976 56303
52978 87951
52985 21259
52989 2982
52989 57286
52997 43792
53004 20189
53004 54147
65733 53016
65733 64115
65733 84220
53022 44879
53022 45401
97850 53023
53025 54078
53037 53468
53037 55793
53037 58118
53040 12526
53043 62367
53048 12958
53049 60865
60865 53049
53053 48106
53054 74513
68270 53055
68270 84767
84767 68270
53060 70046
53061 61114
61114 53061
53066 76462
53068 20499
53073 53267
53077 57622
53080 76969
53084 8748
53084 12765
53084 31867
53084 34012
53094 39315
53094 78076
53096 57600
53096 77422
57600 77422
77422 57600
77422 87812
53097 16259
53103 60713
60713 53103
53119 44538
53119 90551
53121 70932
53124 22549
53124 35346
53126 20101
53136 23618
53137 86078
53141 67082
53144 5079
53147 19791
53147 90893
53148 55162
53155 84873
53155 87551
53155 94773
94773 87551
53158 76559
76559 53158
53159 2841
53169 69947
53170 4027
53171 69846
53171 70504
70504 53171
70504 69846
53172 73521
53176 441
53176 24052
53176 50793
53178 63425
53178 88981
53183 4785
53185 41909
53185 53834
53188 21682
53190 8555
53190 63151
63151 8555
63151 53190
53191 48406
53191 68415
53193 91545
91545 53193
53199 97907
95325 24976
53203 49206
53203 55590
53205 3054
53209 55232
53211 99490
99490 53211
53215 86299
53218 4993
53221 20263
53223 40372
53228 80836
80836 53228
53234 73364
53237 7314
53237 40867
53251 91700
53255 66364
53256 77458
53260 28991
53260 34825
53260 63540
53268 53962
53272 41321
53273 34142
53273 65977
53281 74397
53286 82228
53287 74840
74840 53287
53288 53939
53290 34387
53302 52335
53303 6727
53303 51683
53306 73184
53306 80351
80351 53306
80351 73184
53308 2553
53308 32653
53309 47219
53311 78244
53314 62929
53320 30278
53322 77156
77156 803
77156 7266
77156 53322
53332 39308
53332 43448
53332 85033
53338 85372
53344 84393
53351 3259
53354 17667
53354 97396
53356 3259
53359 41867
53359 76059
53360 51332
53360 63013
53362 10777
53362 17324
53369 76457
53374 96197
53375 36292
53375 65716
53387 9955
53387 39392
53387 41299
53387 88970
53387 97856
97856 19572
97856 41299
97856 88970
53392 84440
53395 18433
53395 63346
53395 88835
53416 43533
53423 45027
53437 66702
66702 53437
53460 60538
53460 62139
62139 53460
53469 67399
53469 86084
53469 90604
67399 53469
67399 86084
67399 90604
90604 53469
90604 67399
90604 86084
53470 29328
53475 44040
53477 60081
53477 84438
53481 92828
53487 15693
53492 16332
53493 17412
53498 61472
61472 53498
53503 7314
53509 92166
92166 53509
53510 75263
53510 97306
97306 53510
97306 75263
53511 3822
53511 87681
53514 71971
53516 12958
53521 68743
53521 79355
68743 53521
68743 54268
53522 7235
53526 71918
71918 53526
53529 54147
53529 69356
53530 82712
53532 39643
53538 213
53542 34888
53546 17547
53546 47927
53553 80445
53554 71715
53554 93788
71715 93788
93788 71715
86808 27600
86808 81864
53561 60725
53563 85246
85246 53563
53566 34002
53566 59561
53566 74421
59561 301
59561 6092
59561 11018
59561 31746
59561 38571
59561 38939
59561 39364
59561 42894
59561 51503
59561 53732
59561 74421
59561 82506
59561 83758
59561 89407
59561 96965
59561 98505
53567 87253
53569 10224
53578 85372
53579 6907
53579 93602
53581 61073
61073 53581
53583 99465
53584 48627
86507 15374
86507 30837
86507 53594
53595 53027
53595 93147
53599 90603
53600 87278
87278 2483
87278 37586
87278 53600
87278 70923
53601 47268
53605 7679
53606 52365
53609 98631
98631 40502
98631 86521
98631 97085
53615 49830
53618 51075
53623 37397
53623 91940
53624 39201
53626 63425
53626 88981
53628 99773
99773 53628
53631 74397
53633 15910
53634 23089
53635 32163
53638 67397
53638 78654
78654 67397
53640 48733
53647 65067
53647 88781
88781 53647
88781 65067
53648 5270
53648 74397
53648 91228
53650 75186
53652 4993
53653 23810
53657 71355
53660 66844
66844 53660
53666 74397
53676 34100
53676 46780
53676 64150
53677 40806
53678 66158
66158 63831
53684 54147
53699 54786
53699 81208
54786 53699
54786 81208
53703 64094
64094 53703
53707 50732
53707 70040
70040 50732
70040 53707
53712 30836
53713 39270
53725 86508
53726 36292
53731 10024
53731 27598
53732 68015
68015 53732
53733 65935
53737 8531
53737 97887
53738 97851
53743 73318
53743 75682
73318 53743
73318 64268
73318 75682
73318 84759
73318 92646
75682 73318
53747 73640
73640 53747
53748 76878
53758 50768
53760 12744
53764 49740
53769 8316
53770 54147
53775 8062
53775 46069
53775 52145
53775 76180
53775 90665
53786 87462
53799 48509
53801 67397
53813 48986
53813 97187
53817 60628
53824 39786
53825 82906
53832 11319
53832 97283
53841 96415
53842 57596
53843 18850
53845 67285
67285 53845
53848 40751
53851 65080
53855 89302
89302 53855
53856 83435
53863 21682
53868 11780
53868 53964
53869 40975
53870 45436
53872 63709
53874 72421
53876 30457
53888 21682
53892 70053
53895 50129
53895 72491
53895 95068
72491 50129
72491 53895
72491 95068
95068 50129
95068 53895
95068 72491
53904 39000
53909 49987
53915 48466
53915 91035
53916 31134
53919 28535
53919 44270
53926 50957
53929 8545
53941 14915
53941 50765
53944 32163
53946 99585
53950 3366
53950 25398
53955 45821
53955 67719
53957 34844
53963 8127
53963 62826
53963 87783
62826 8127
62826 53963
62826 87783
53967 95562
95562 53967
53973 11018
53973 31746
53978 72888
53978 74123
53986 92252
53988 16492
53991 2737
53991 26583
53996 97283
54002 54298
54298 34976
54298 54002
54004 62701
54006 5005
54025 19374
54034 2686
54043 11806
54045 36292
54052 58321
54053 88185
54059 16317
54069 47166
54074 43002
54074 69459
54075 5895
54075 67416
54075 90726
54075 96212
54075 96534
54076 21889
54077 5333
79684 54078
54079 47688
54079 52212
54079 60998
54080 85100
54082 42400
54082 76173
76173 54082
54083 22683
54083 24810
54083 74856
54085 25717
54085 50518
54085 73190
54085 74150
54089 1536
54090 67673
54090 97599
54092 21295
54092 87461
54093 66367
54093 97547
54094 71361
54098 96897
54100 71477
54100 88328
71477 54100
71477 88328
88328 54100
88328 71477
54110 91327
54113 21682
54119 21875
54119 37796
54123 81480
54124 73880
73880 54124
54135 36381
54137 59702
54142 73491
54142 81502
54142 93902
73491 54142
73491 81502
81502 54142
81502 73491
54144 11752
54144 16306
54145 23299
54146 71531
54146 72884
72884 54146
72884 71531
54148 57130
54165 65716
54173 23655
54173 69161
54173 86168
54179 88520
54183 32190
54183 33016
54183 71446
54184 70833
54188 62161
54189 4630
54189 34837
54189 54147
54189 62979
54189 97262
62979 4630
62979 54147
97262 4630
97262 34837
97262 54147
97262 54189
97262 62979
54191 34206
54191 62567
54202 31746
54203 16868
54207 58003
54210 71509
54211 6335
54212 50711
54219 51683
54221 90702
54221 92384
54221 93593
54226 44688
54230 79442
79442 54230
54231 45952
54234 7314
54235 12957
54238 99165
54239 85372
54241 48314
54241 82699
54244 23304
54245 48985
54247 83216
54249 71
54253 48757
54254 11535
54254 24092
54254 38349
54255 47468
54255 74397
81647 54256
54261 41909
54271 85113
54271 92740
54271 99284
92740 54271
92740 85113
92740 99284
99284 54271
99284 85113
99284 92740
54275 56981
82752 54276
54280 1536
54284 78068
78068 54284
54286 59788
54288 57844
57844 54288
54295 6103
54295 13301
54295 35251
54301 67454
67454 54301
54304 69000
54305 41604
54305 88131
54307 34049
54310 84522
54314 11834
54316 36024
54316 54412
54320 54147
54320 69356
54326 38703
54329 81762
54329 85097
81762 64333
81762 83737
85097 9552
85097 81762
54332 23397
54333 51216
54336 70179
54346 28763
54346 76221
79468 57791
54352 98407
98407 54352
54354 12304
54354 44969
54354 89384
54357 87775
54360 10904
65955 54361
75042 23759
54363 61627
54365 74000
54371 6008
54371 53070
54378 33682
54386 28768
54386 64096
54388 3130
54392 46326
54395 44322
54396 60631
54398 76388
54407 56573
54408 2028
54408 21682
54408 63807
54410 17566
54410 86078
54414 96327
54414 98063
54417 29964
54417 34781
54435 38181
54439 43792
54444 94657
54449 3989
54449 56257
56257 3989
56257 54449
54453 36292
54453 58091
58091 36292
54455 25905
54455 54151
54463 23663
54470 47697
54470 75293
54477 14685
54481 92955
54482 10673
54484 4749
78915 4635
78915 29459
78915 54496
54497 82112
54501 96873
54503 53328
54503 65597
54508 88217
88217 54508
54512 13233
54513 16604
54513 74858
54514 74252
54514 95254
74252 54514
74252 95254
95254 54514
95254 74252
54517 76656
54519 16930
54532 85372
54533 15159
54533 70644
70644 15159
54534 78244
54537 63564
54538 2341
54538 19220
54539 55174
54539 75419
54540 76969
54543 84195
54544 99794
99794 54544
54548 74537
54548 79346
74537 2076
74537 54548
74537 88548
74537 93449
54550 27974
54550 41284
78821 8751
78821 85991
54574 28108
54577 7314
54580 29681
54583 69860
54586 60445
60445 54586
54588 94784
54590 63560
54594 15802
54598 4076
54600 93409
93409 21609
93409 22236
93409 49529
93409 54600
93409 69616
93409 71765
93409 88664
93409 95574
54601 4630
54601 54147
54604 48733
54607 15566
54607 67286
54607 70045
54607 77305
54613 7314
54613 40867
54616 59788
54616 92389
92389 59788
54621 89676
54628 54387
54631 36873
54633 32889
54637 99210
54638 69458
54638 72382
69458 54638
54640 77092
77092 54640
54641 8316
54646 60028
60028 54646
54653 64189
64189 54653
54656 76400
76400 72028
54663 41521
54677 72526
54684 5122
54684 16076
54684 84987
54685 69510
54691 6593
54692 7314
54694 87969
54697 84979
54699 88
54699 27920
54699 95977
54702 81185
54702 98817
54703 70154
54703 83850
89832 55359
89832 85994
54709 79255
79255 54709
54713 18447
54719 57791
54720 51394
54720 86662
86662 51394
86662 54720
54723 61762
61762 67647
54724 23526
54725 86299
54743 7164
54743 19815
54743 91416
54747 43637
54747 65888
54758 8316
54760 89035
54771 89205
54781 85372
54794 72484
54799 7314
54801 56656
54801 83115
56656 54801
56656 83115
83115 56656
76367 22268
54808 40272
54808 63555
54819 39866
54820 32163
54820 63332
54833 36094
54835 42244
54835 52311
54835 84522
54843 25888
54850 13641
54850 31180
54850 84751
54852 38420
54857 23526
54866 39894
54866 81941
54871 10802
54872 49393
54884 40486
54889 13374
54890 27579
54891 2142
54896 57599
54896 84080
57599 54896
57599 84080
54899 18500
54899 92945
92945 18500
92945 54899
54900 214
54900 22874
54900 27134
54900 30320
54902 5314
54902 6427
54902 15255
54908 30956
54910 56375
56375 54910
54917 7314
54919 63566
54919 63672
63566 54919
63566 63672
63672 54919
63672 63566
54927 33320
54927 74148
54929 72139
54931 8316
54932 9777
54932 65668
54933 32163
54933 68164
54933 88645
88645 32163
88645 68164
54938 29698
54938 80020
54942 64017
54943 114
54945 1739
54945 6236
54945 9110
54945 36611
54948 73300
54949 39919
54949 48985
54950 75952
54955 24517
54958 55306
54963 68648
54965 17478
54966 18830
54968 49987
54979 70049
54983 78244
54986 14673
54986 62140
62140 14673
62140 54986
54987 48976
54988 15235
54991 32268
54996 32600
55001 41213
55012 22140
55013 88736
88736 55013
55014 48985
55017 19550
55017 42440
55018 57496
55018 77450
77450 57496
55019 74523
55019 75191
75191 55019
75191 74523
55022 1049
55022 93721
85333 50444
85333 55023
55026 74922
55029 44776
55029 82710
55029 87985
87985 55029
55033 28454
55033 93706
55035 77339
55040 41479
55045 71372
55048 71328
55049 59892
55050 10859
55051 64468
64468 79352
55055 97283
55060 23513
55073 63304
55075 181
55075 8905
55075 9151
55082 59448
55083 71274
55083 93960
55083 98262
55084 24071
55084 74397
55108 71
55108 60070
55108 88500
88500 71
88500 60070
55114 62469
55117 62367
55117 92291
55118 23086
93000 75614
55124 38472
55124 95440
55133 7314
55135 93493
93493 55135
55140 29002
55145 7314
55145 29542
55145 50538
55150 70914
55156 43600
55159 73305
55160 14361
55161 8979
55164 86299
55168 32403
55170 117
55170 59256
55170 83359
59256 117
59256 55170
59256 83359
83359 117
83359 55170
83359 59256
55171 90682
55173 75746
55176 75783
55176 85406
55176 92139
55180 61451
61451 80101
55194 17412
55196 54430
55196 77684
55199 32501
55200 77990
55205 40202
55205 82431
55208 45425
55212 55551
55223 29379
55223 94832
55224 61401
55226 66894
55228 81402
55240 84525
55251 11332
55251 39173
55251 85270
85270 88842
55255 72479
55255 93348
72479 93348
93348 72479
55256 69868
55260 44171
55263 58680
58680 55263
55265 84440
55274 16868
55280 65247
55280 97985
65247 55280
65247 97985
55281 1422
55281 83466
55284 76969
55285 25750
55285 90684
55289 24923
55293 1536
55297 60162
55297 80709
60162 55297
60162 80709
80709 55297
80709 60162
55299 60802
60802 68778
55309 67913
55310 78423
78423 55310
55313 54147
55314 23872
55314 89739
55319 97463
55327 61061
61061 55327
55333 97283
55334 25034
55334 35713
55334 56229
55334 82875
56229 55672
56229 82875
56229 87666
82875 56229
55336 18924
55336 38817
55336 55816
55339 70053
55341 57497
55342 4882
55345 24541
55345 90596
78146 67524
55347 90902
55349 31625
55349 68356
55350 23308
55350 35555
55350 72517
55353 20532
55353 65000
55360 52585
55362 92376
81754 28585
55364 86080
82137 55365
55370 92146
92146 75268
55373 48408
55374 40146
55386 2845
55389 58765
55390 85025
55393 32163
55394 26899
55404 41909
55404 69628
55404 89072
55405 90842
90842 55405
55411 45563
55411 49998
55411 52037
55411 68652
55412 8283
55414 12238
55414 34684
55414 54147
55414 74459
55414 99880
74459 12238
74459 34684
74459 54147
74459 55414
55427 1532
55427 91228
55427 96298
55427 97436
55428 29157
55428 70742
64628 55429
97483 55429
55431 95017
55431 95247
95247 55431
95247 95017
55433 54147
55434 44590
55434 88171
55442 67397
55449 61527
55450 17547
55450 47927
55453 55359
55455 69397
69397 53933
55463 57791
55463 88283
55464 11991
55464 43123
55465 28991
55465 34825
55465 63540
55466 22696
55466 58801
55467 65939
55467 80412
65939 55467
65939 80412
65939 94558
80412 55467
80412 65939
55469 83858
55472 27362
55474 6336
55474 50623
55475 48985
55478 14573
55479 58441
55486 8072
55486 81234
55487 52425
55489 57791
55493 47988
55493 50925
55493 60562
55493 62678
55493 77601
55493 80113
60562 47988
60562 50925
60562 55493
60562 62678
60562 77601
60562 80113
80113 47988
80113 50925
80113 55493
80113 60562
80113 62678
80113 77601
55495 58721
55495 67065
55495 75741
58721 17290
55497 11639
55497 61622
55501 82521
82521 55501
55504 55773
55504 83071
55773 55504
55773 83071
83071 55504
55506 72421
55507 5675
55509 80626
55512 51683
55517 70221
55520 32163
55520 48888
55524 59788
55524 79355
55526 14836
55526 20718
55526 26455
55526 50060
55526 81410
81410 34855
55529 11207
55529 62252
55532 58280
58280 55532
55534 31180
55534 73164
73164 31180
55537 2982
55537 57286
55547 49995
55549 15646
55549 42683
55549 65326
55550 62821
55554 57791
55554 68488
55557 83966
55559 45425
55560 57747
55560 74179
55560 78764
74179 78764
55563 8979
55563 9334
55565 86621
55568 36060
55572 61438
58217 55577
69493 75251
86477 55577
86477 69493
55582 20536
55582 26046
55582 96726
93717 55583
55586 92827
55593 93493
55594 62836
62836 55594
55598 64540
55599 432
55599 18906
55610 827
55610 32163
55613 54147
55618 6559
55618 7334
55618 29860
55618 52540
55620 7096
55623 7016
55624 96659
96659 55624
55629 82834
55635 69892
69892 55635
69892 92252
55641 62701
55643 86299
55645 31746
55653 86299
55664 35151
55664 69701
55664 91035
69701 35151
69701 91035
55672 13874
55672 56229
55672 86408
55672 92207
55675 85372
55678 84018
55687 67687
55690 37882
55690 43899
55690 71296
55703 43821
55706 3259
55707 23086
55709 63000
63000 55709
55711 18409
55713 37246
55713 58136
55714 27692
55720 79556
79556 280
79556 83868
55722 18315
55726 56250
55727 73305
55730 12581
55734 77114
77114 55734
55738 72427
72427 55738
55742 9249
55744 52927
55745 21623
55745 98880
98880 21623
98880 55745
55750 41729
55750 96144
55752 18096
55759 34377
55763 65769
55765 29623
55765 36601
55768 46389
55771 99991
99991 55771
55772 31627
55772 44381
55789 78244
55798 38241
55798 95864
55800 2028
55800 21682
55800 42345
55805 78503
87790 92014
55810 32163
55810 48888
55815 19466
55815 23526
55827 94291
55839 76809
76809 55839
55846 95704
55849 69431
69431 38939
55852 32163
55852 48888
55858 19572
55858 41299
55858 88970
55861 32163
55861 48888
96246 55877
96246 86621
55878 41909
55890 44714
55893 54789
55909 60871
55910 32594
55916 46525
55936 48293
55936 76877
55936 77426
55938 5201
55938 52416
55941 58143
58143 55941
55950 15229
55955 76020
76020 55955
55967 66661
66661 55967
55968 73736
55976 7314
55979 84027
55988 15141
55997 76969
57826 55999
56000 54147
56003 84531
56007 72103
56009 66407
66407 56009
56010 82685
56015 70053
56019 943
56020 81947
56022 18606
56022 59314
56022 83523
56025 92067
56025 97229
92067 26556
97229 81871
56026 3595
56026 91898
56028 76645
56029 20188
56029 99259
56038 68825
56048 36292
56052 60860
60860 56052
56056 81328
56058 17676
56058 32924
56058 80659
56060 39279
56060 59458
56060 81877
59458 39279
59458 81877
81877 39279
81877 59458
56063 41299
56063 63121
56063 88970
56064 32492
56069 8653
56069 37586
56070 84270
56075 31523
56079 65969
65969 56079
56089 95323
56090 78244
56090 88863
56091 32437
56091 72789
56091 84117
56092 9137
56092 11969
56092 19141
56092 19631
56092 40140
56092 74122
56092 79171
56092 89550
56093 54147
56093 69356
56095 72766
56099 22582
56100 22899
56106 17899
56106 74932
56107 943
56111 31765
56111 47376
56111 92042
56112 4478
56112 93228
93228 70211
56119 71175
56119 84295
71175 56119
71175 84295
84295 56119
84295 71175
56122 64008
56122 80626
64008 56122
64008 80626
56137 21682
56138 2351
56138 83679
56150 68151
56150 82484
56153 41909
56153 73696
56154 17412
56154 98604
56160 74397
56160 93825
93825 74397
56162 74733
56163 11092
56163 88170
56168 41909
56169 23526
56169 50401
56169 51922
56174 3035
56177 2386
56177 8333
56178 11566
56179 78726
56182 16868
56182 73060
56183 22566
56189 1532
56189 56392
56189 96298
56189 97436
56392 1532
56392 56189
56392 96298
56392 97436
56192 48984
56192 80016
56192 87491
56192 94355
80016 48984
80016 56192
80016 87491
80016 94355
87491 48984
87491 56192
87491 80016
87491 94355
89720 22073
89720 47856
89720 56196
89720 91035
56198 20935
56198 29791
56200 62506
56202 41909
56202 91415
91415 41909
91415 56202
56207 43792
56208 12798
56210 76695
56211 73652
73652 56211
56212 81328
56217 81011
81011 56217
56222 10816
56224 7314
56224 56327
56232 1683
56240 35346
56246 16332
56246 73190
56253 25906
56254 16785
56265 60772
56270 81306
56271 67413
67413 56271
56275 27174
56275 82396
56279 58539
56282 62931
62931 56282
56287 31116
56287 49755
56287 59811
56287 63246
56296 7884
56296 22054
56296 51441
56296 94272
75082 31564
56308 95588
95588 7916
95588 56308
56314 8495
56315 37719
56315 45547
56315 47972
56315 60010
56318 32163
56318 48888
56332 5088
56332 10333
56332 43217
56332 52819
56332 64725
64725 5088
64725 10333
64725 43217
64725 52819
64725 56332
56343 10577
56346 47252
56346 59308
56346 75597
56350 79036
56353 55100
56355 36292
56359 90597
90597 56359
56364 5936
56364 11051
56364 39987
56368 58222
58222 56368
56384 86613
56388 30541
56394 35242
56400 47688
56400 52212
56400 60998
56412 8316
56414 8329
56414 13073
56414 42758
56414 55197
56414 59448
56414 61820
56414 78021
56414 78516
56414 86699
56415 84600
84600 12112
56419 67617
56419 76612
56419 82245
67617 56419
67617 76612
67617 82245
76612 56419
76612 67617
76612 82245
82245 56419
82245 67617
82245 76612
82245 99307
56420 15168
56420 41909
56426 6407
56437 3054
56437 89030
89030 3054
89030 56437
56439 36393
56439 60214
60214 30548
60214 91579
56452 29323
56452 71647
56452 72218
56465 44966
56466 77823
77823 56466
56469 76112
76112 33112
56470 86299
56474 45616
56476 33226
56476 42810
56476 54078
56491 46955
56491 48302
56491 72966
56492 32163
56493 33038
56505 7916
56505 10711
56505 13372
56505 34856
56505 48651
56505 72305
56505 79692
79692 7916
79692 7991
79692 43242
79692 48651
79692 54597
79692 56505
79692 72144
79692 72305
56508 30199
56509 71371
56513 89289
56517 32163
56517 48888
56523 36046
56523 43456
56523 64506
56523 83096
64506 43456
83096 43456
56524 69163
56526 53267
56526 98210
56535 21682
56538 17566
56538 86078
56539 60060
56541 47297
56547 61800
61800 56547
61800 67182
56549 46887
56549 50004
56549 53174
56552 53139
56568 63238
56569 12958
56570 18408
56576 84813
56576 88665
56582 6258
86738 56591
86738 78902
56592 74014
56595 1536
56595 80788
80788 56595
56598 20799
56598 34167
56602 57791
56603 72906
72906 56603
56604 97112
97112 56604
56607 33823
56609 41909
56611 69143
56611 86985
56611 94394
69143 56611
69143 86985
69143 94394
86985 56611
86985 69143
86985 94394
94394 56611
94394 69143
94394 86985
56612 57764
57764 56612
56621 41909
56621 63008
56621 97849
63008 41909
63008 97849
97849 41909
97849 63008
56628 77547
56641 23293
56642 52204
91789 56650
56652 26139
56657 85372
56662 59879
56663 83324
56664 56589
56667 68293
68293 56667
56669 32864
56671 60984
60984 56671
56673 76662
56678 57130
56680 4740
56683 21682
56683 90728
91611 74744
91611 83737
56686 5766
56686 7882
56686 21039
56686 64119
56686 93826
64119 5766
64119 7882
64119 56686
64119 93826
93826 5766
93826 7882
93826 21039
93826 56686
93826 64119
56689 17858
56690 48986
56690 97187
56691 4552
56694 49845
56701 93650
91516 56705
91516 81990
56709 26048
56709 52009
56709 61667
56709 65331
56710 1263
56712 93754
93754 56712
56715 27804
56715 49599
56715 56761
56720 59971
56720 79273
79273 56720
79273 59971
56727 74877
74877 56727
56739 49987
56741 13996
56741 32163
56741 33185
56741 39682
56742 70376
56742 74397
56742 74706
56742 91228
56746 16910
56756 60424
56756 74716
56757 8161
56763 66908
66908 56763
66908 62203
56765 84518
84518 56765
56766 36197
56776 6423
56776 89272
56784 77084
56784 92825
77084 92825
92825 77084
56785 66721
56785 97399
66721 97399
56791 837
56793 26683
56793 66616
56796 30493
56796 67346
56797 75995
56801 83130
56807 24894
56811 89164
56815 86078
56818 109
56818 16364
56818 36001
56818 49659
56818 72839
56822 24522
56824 52452
56835 76698
76698 56835
56851 43619
56851 90323
90323 43619
90323 56851
92329 56852
56856 27201
56862 64018
56862 72103
64018 56862
56865 3170
56865 20514
56867 13531
56869 2272
56869 88911
56871 18408
56873 58254
58254 42956
58254 56873
56875 14897
56876 93822
56896 4753
56898 20937
56898 90396
56903 71009
56910 0
56910 11342
56919 211
56919 32163
56919 47823
56919 48888
56922 77848
77848 56922
56926 16442
56926 65829
56932 9348
56932 46329
56932 60543
56933 24000
56934 26299
56934 72111
56934 77858
56935 2072
56936 1536
56939 57791
56939 97650
97650 57791
56942 21875
56942 37796
56944 86621
56945 60479
60479 56945
56946 7314
56948 8316
56950 91847
91847 56950
56951 42458
56951 66446
66446 42458
66446 56951
56952 20296
56960 59772
59772 84476
56971 33264
56975 78244
56975 99552
56982 16868
56989 34237
56993 21682
56996 84439
57008 74397
57008 91228
57016 34031
57020 54147
57020 57133
57020 72648
72648 54147
72648 57020
72648 57133
57022 21236
57022 22854
57033 84646
57034 68353
68353 72828
57035 91050
57036 81316
57039 46442
57039 47173
57042 57733
57733 57042
57043 32163
57043 36863
57044 22007
57044 50078
57044 84215
57060 82367
57064 10300
57069 62701
57076 44270
57081 18208
57088 62701
57095 83477
57097 51683
57098 82385
57101 52335
57104 37146
57107 3146
57116 95654
57121 62680
57128 88496
88496 57128
57129 10777
57131 54147
57131 62059
57131 77616
92381 54147
92381 57133
57140 34410
57140 65313
57142 71971
57143 71971
60880 57145
76334 57145
88307 57145
57152 57791
57159 1074
57159 28508
57159 30367
57159 84522
57163 22007
57163 50078
57165 60435
57167 71146
57168 14088
57168 51322
57172 4738
57174 32163
57174 84114
57190 1826
57210 46845
62243 15679
57214 12838
57214 39352
57214 68912
57217 57312
57229 84415
57229 87132
87132 91035
57236 16545
57236 31641
57236 41909
57236 73696
57239 90296
90296 57239
57240 20282
57251 73996
57252 31746
57254 7814
57255 74731
74731 375
74731 57255
57259 67397
57261 30548
57261 94683
57271 68269
57277 85392
57282 2179
57282 23005
57283 48643
57283 68275
57283 72421
57283 81883
57288 23526
57294 57975
57295 17412
57296 97759
57297 41909
57299 5575
57299 42184
57301 12481
57301 67090
57306 4652
57307 97589
97589 57307
57328 77297
57330 25078
57330 28929
57330 36413
57330 43734
57331 51841
57334 85372
57341 95192
57348 66752
57350 62680
57354 63104
57354 75358
63104 57354
63104 75358
75358 57354
75358 63104
57361 79996
79996 57361
57368 28580
57368 82193
82193 70611
82193 96661
57371 54147
57371 99153
57373 29433
57373 51061
57377 60563
57377 96976
57382 33124
57382 85625
57385 76756
57388 49534
57393 28038
57394 32163
57394 48888
57395 54099
57396 48733
57398 71971
57405 30847
57407 6939
57407 12020
57410 7314
57411 60005
57417 49672
57420 51683
57422 45425
57439 92872
57443 60424
57457 6211
57458 36292
57459 75342
57464 97838
57466 59763
59763 57466
57467 14472
57468 52910
57468 63550
57468 66364
63550 57468
63550 66364
57470 16319
59021 57472
59021 83438
57473 88976
57478 28744
57478 80724
57482 73174
57486 75752
75752 57486
57487 49962
57487 69070
57487 70923
57487 80657
57487 82074
57487 96071
57489 6236
57489 64112
57493 50960
57498 73930
57502 24344
57502 35778
57502 56809
57505 65010
57508 50286
57509 3524
57509 48654
57509 74329
57509 88331
57513 20205
57513 85500
57513 89167
57514 33112
57514 50732
57517 32630
57517 51711
57527 56922
57527 58609
57527 77848
58609 56922
58609 57527
58609 77848
57533 9397
57533 47588
57536 18310
57536 41909
57546 24397
57549 40201
57562 7314
57571 3284
57580 69020
69020 57580
57581 11958
57589 5077
57592 59861
57593 88976
57597 48603
57601 59782
59782 69212
57612 45179
57612 45391
57616 42244
60898 13719
60898 57625
57627 8655
57632 48733
57636 24046
57640 99603
57653 63904
57653 78511
63904 57653
63904 78511
57654 83793
83793 57654
57664 5223
57669 99658
57676 28123
57680 67707
57680 93982
57684 62701
57687 10577
57689 23849
57692 38686
57695 14349
57704 63539
57707 52703
57708 69619
57716 8316
57717 50400
57717 90613
57718 53490
57721 947
57721 16564
57724 21266
57724 78498
57724 94657
78498 93109
57729 45447
57737 32163
57740 44106
57750 17806
57750 64809
57753 41909
57753 76161
57753 82018
82018 41909
82018 57753
82018 76161
57756 80567
80567 3217
80567 57756
57769 66752
57783 62701
57784 1532
57784 91228
57784 96298
57784 97436
57786 49968
57786 83464
78383 57791
78383 68488
57794 6078
57798 30837
57798 31180
57798 72092
57802 72419
72419 57802
57804 53586
57805 36733
57807 58541
57808 79963
57808 95433
57813 19053
57828 1536
57830 1532
57830 96298
57830 97436
57835 58656
57836 98816
57837 72668
72668 57837
57839 25561
57839 45078
57839 58971
57839 92561
57847 41909
57849 64490
64490 57849
57858 30551
57859 36660
57862 14672
57865 58970
57865 59892
57867 66102
57875 17858
57879 93346
57883 27927
57884 97759
57890 14789
57890 89411
57891 83628
57905 58541
57905 62915
62915 57905
62915 58541
62915 59212
57909 63655
57909 64758
57909 93150
63655 57909
63655 64758
63655 93150
64758 63655
64758 74397
64758 93150
93150 63655
93150 64758
93150 74397
57914 33943
57915 15981
57915 59462
57915 78279
57915 88747
57926 2721
57926 78830
57931 81069
57935 62729
57935 85504
62729 57935
62729 85504
85504 57935
85504 62729
85504 78084
57939 98397
57940 95016
95016 57940
57941 32163
57941 48888
57943 84113
84113 57943
84113 86969
57949 21682
57949 90728
57953 56677
57955 77228
57961 78244
57966 7235
57971 87380
57974 86224
57980 64791
57986 64379
57986 82045
82045 57986
82045 64379
57987 36873
57989 4690
57989 8329
57991 59842
58001 61946
70103 58003
70103 88710
72133 58003
58005 97399
58008 28759
58009 93253
58010 16251
58010 47308
58010 69130
58013 3794
58013 48976
58013 76532
58023 23324
58023 50732
58023 64870
58024 12108
58024 38359
58024 51487
58036 70179
58045 79763
58054 17398
58054 67542
58057 8197
58057 12024
58057 33881
58062 41042
58062 61900
58065 43918
58070 54276
58072 75660
58073 48497
58083 62701
58085 45425
58087 43792
58094 61839
58096 13875
58096 84837
58099 83132
58099 85062
83132 58099
83132 85062
85062 58099
85062 83132
58110 26621
58117 68833
58117 91009
58124 42341
58128 14903
58128 44444
58128 93953
58128 94050
58130 54243
58130 54448
58139 41909
58145 87429
58147 86078
58148 85694
85694 91477
58149 81328
58150 41182
58155 41299
58155 63121
58155 88970
58159 77503
58162 16875
58165 39364
58165 61100
58171 12850
58173 16868
58175 3512
58175 66775
58175 90948
66775 3512
66775 58175
66775 90948
90948 3512
90948 58175
90948 66775
58178 68082
58181 36292
58187 10210
58187 23211
58187 29826
58190 96370
58198 17518
58201 45425
58203 3446
58204 58749
58207 89289
58209 83975
70145 4627
70145 7431
70145 39806
70145 58213
70145 64856
70145 68584
70145 70361
70145 73168
70145 86191
70145 99916
70361 4627
70361 7431
70361 39806
70361 58213
70361 64856
70361 68584
70361 70145
70361 73168
70361 86191
70361 99916
58219 3791
58219 4627
58219 19453
58219 58213
58219 64856
58219 68584
58220 46531
58223 6550
58223 7002
58223 95651
58226 97623
58231 91025
91025 58231
58233 65829
58234 1406
58234 70281
58235 7314
58235 56456
58235 96974
58238 23526
58238 47600
58238 50401
58243 15581
58243 74604
58248 87429
58249 79471
79471 58249
58251 91966
91966 58251
58263 4027
58269 42714
58269 83894
58270 73638
58272 41909
58276 3170
58276 20514
58277 53267
58282 66791
66791 58282
58286 52935
58294 34049
58299 72414
58305 71971
58309 81789
81789 4694
58311 57497
58314 70286
74298 84319
74298 92840
87467 13581
58328 69940
69940 58328
58330 76119
76119 58330
58339 70614
58344 50956
58344 80325
58346 8347
58346 27252
58346 31101
58346 76484
58347 30847
58350 53267
58350 92961
58360 44972
58362 99247
58367 53495
58369 82074
58373 32989
58374 72013
58379 55007
58382 41909
58398 7314
58398 26801
58404 32163
58411 29519
99826 58422
58426 56650
58429 53353
58432 48006
58432 57791
58436 70263
58436 70474
58436 82264
70263 70149
70263 70474
70263 82264
70474 70149
70474 70263
70474 82264
82264 70149
82264 70263
82264 70474
58439 17667
58439 74904
74904 58439
58444 59783
59783 58444
58447 62701
58449 38253
58449 78038
78038 60321
58451 91491
58453 9802
58455 94677
58457 88734
88734 58457
58459 60565
58459 84671
60565 58459
60565 84671
84671 58459
84671 60565
58460 13314
58467 4000
58467 44966
58467 50605
58473 60468
58475 53267
58475 64354
58480 4667
58484 32163
58484 48888
58487 95487
58502 66289
58504 97283
58510 98151
58511 80808
80808 9533
58512 72377
58512 88357
72377 88357
88357 72377
58528 89289
58537 56928
70367 58539
59212 58541
59212 76971
58542 7314
58545 20721
58550 59672
59672 46871
59672 58550
58561 59030
58561 91478
59030 91478
91478 59030
58564 36822
58565 23598
58571 9207
58571 40166
58581 55023
58590 34434
58590 43940
58591 30548
58591 87674
58597 12958
58597 39715
58598 15345
58599 32163
58599 66722
58599 82706
58599 88412
58602 8316
58603 76385
76385 62496
58611 32163
58611 48888
58613 8316
58614 33590
58615 97283
58620 68806
58620 83679
68806 58620
68806 82157
68806 83679
58621 68904
58622 64060
58624 52365
58626 2028
58626 21682
58627 32785
58627 68676
58629 92634
58631 98595
98595 58631
58637 6559
58637 7334
58637 29860
58637 51124
58637 52540
58638 62701
58645 32718
58645 75562
87675 44780
87675 58651
87675 66633
58653 3170
58653 20514
58653 82917
58654 68147
68147 58654
58655 68827
99830 58657
58659 48733
58663 82282
58665 10672
58667 78050
78050 44989
78050 68745
58668 57537
58668 61540
58670 60876
58681 82623
82623 58681
58682 1536
58686 44267
58686 79250
58686 81624
79250 58686
58688 72576
58691 19455
58691 98598
58696 64999
64999 58696
58700 32163
58700 47823
58700 48888
58706 54088
58714 81208
58728 63171
58728 74470
63171 58728
63171 74470
74470 58728
74470 63171
58729 3054
58730 14980
58734 29295
58742 31503
58748 58375
58761 79648
79648 58761
58766 16910
58770 22005
58770 40753
58770 77608
58770 92823
77608 76973
92823 76973
58780 20283
58781 24553
58783 18635
58783 60539
58786 7319
58791 8316
58799 25420
58799 54147
58805 49845
58811 47989
58821 24220
58821 44688
58822 43333
58831 98753
58832 6658
58832 13853
58832 30602
58833 67915
58833 81796
81796 58833
58835 5339
58835 55254
58835 64554
58842 7314
58842 73448
73448 7314
58857 96650
58858 98604
58866 36292
58870 36700
58870 88373
58874 43792
58875 11945
58875 17153
58877 51230
58879 54147
58879 69356
58884 49987
58887 38978
58888 31627
58888 44381
58891 52140
58895 17192
58900 280
58900 78366
78366 49387
58904 292
58906 25808
58906 80510
58907 5623
58907 44680
58907 94219
94219 5623
58914 7314
58918 22007
58922 4749
58925 98063
58926 90605
58927 74848
58928 98454
58929 78552
58933 30250
58940 74330
74330 58940
58949 45616
58965 7153
58965 32738
58965 82624
58967 5087
58974 54147
58983 93529
59002 74085
59013 94211
94211 7320
94211 38007
59018 35230
59018 55107
59019 90602
90602 59019
59023 97966
97966 59023
59032 95174
59035 36292
59036 30434
59037 23526
59037 50401
59038 95116
95116 59038
59041 35664
59044 64141
59053 77241
77241 59053
59054 11383
59056 32163
59056 42930
59056 48888
59056 91814
59076 98303
98303 59076
59079 94657
59080 47602
59095 36292
59101 84522
59107 60321
59108 64766
64766 59108
59111 53086
59114 50925
59120 69741
69741 59120
59121 97399
59129 80423
59133 85399
59134 25735
59136 61315
59138 54361
59142 88198
88198 73612
59150 13737
59150 35071
59150 62854
59152 17582
59154 94770
94770 59154
59156 72208
59156 98940
59158 55504
59167 76656
59168 30974
59169 32959
59184 73745
73745 3679
73745 28172
59187 43587
59191 21682
59191 45151
59191 73270
73270 21682
59195 1778
59195 23151
59195 68114
59195 88153
59196 4960
75870 59207
59209 68713
59209 83857
59216 65967
59219 55579
76548 49205
76548 59225
82375 59225
97417 59225
59226 74613
74613 59226
59228 64890
59232 41909
59233 12526
59240 2937
59242 14367
59249 34434
59249 43940
59250 52239
59254 48293
59254 76877
59254 77426
59258 40474
59261 32163
59261 37063
59261 48888
59272 53495
59274 32959
59277 54147
59278 30199
59282 61039
95960 59290
59294 72108
59295 9720
59296 76802
59300 49349
59315 24765
59317 9082
59326 10025
59330 64866
59333 27927
59336 87344
87344 59336
59349 1536
59353 38661
59355 47256
59368 5599
59368 10495
59368 16140
59368 56841
59368 62520
59369 97235
97235 59369
59372 29778
59376 88452
88452 59376
59378 87928
87928 59378
59384 2314
59389 43792
59391 36292
59391 51244
59396 51683
59397 21682
59402 59788
59411 85396
59411 99265
85396 6366
85396 44431
59420 42174
59421 85372
59428 38130
74214 59429
59431 23509
59432 99585
59434 96622
96622 59434
59435 5314
59436 23526
59441 54147
59441 57133
59450 25980
59451 14791
59454 89683
59457 569
59465 49217
59465 62278
59465 69191
59465 94049
94049 49217
94049 59465
94049 62278
94049 69191
59466 18396
59466 50273
99309 59469
59474 25963
59474 77868
59476 68466
59478 32163
59478 47823
59478 48888
59486 40598
59488 9196
59488 26353
59488 41909
59488 77423
59492 8316
59504 49845
59508 67786
59510 8260
59510 63505
63505 59510
59513 45425
59520 53705
59523 28172
59523 83834
83834 28172
83834 59523
59529 86071
86071 59529
59533 74286
59538 90792
59538 92360
90792 59538
90792 92360
92360 59538
92360 78159
92360 90792
59539 80532
59541 98600
98600 59541
59542 74397
59547 44977
59549 91947
60357 50732
60357 59552
59553 23404
59556 80634
80634 59556
89407 63676
96965 95116
59563 86818
86818 13445
59565 32163
59566 39467
59566 59786
59566 69080
59786 39467
59786 59566
59786 69080
69080 39467
69080 59566
69080 59786
61666 84092
84092 61666
59574 24860
59574 64946
59578 67393
59585 81089
59589 1536
59590 16682
59590 28129
59590 45327
59590 49105
59591 49146
59592 90311
59593 2142
59593 35253
59595 27704
59596 28365
59602 30233
59603 54053
92315 51115
59607 86947
59610 16263
59613 36623
59619 16332
59619 46904
59619 65046
59619 71953
65046 16332
65046 59619
65046 71953
71953 16332
71953 59619
71953 65046
59630 45883
59630 54332
59638 16332
59638 72719
72719 16332
72719 59638
59645 62701
59648 9312
59655 24970
59656 39561
59658 28363
59658 36711
59658 39364
59658 70150
70150 39364
59662 86682
59663 17899
59663 74932
59665 59545
59665 75559
59667 41909
59667 73696
59669 92033
92033 57479
59670 65422
65422 22128
65422 71633
59674 67300
59675 52655
59677 47688
59678 78938
78938 59678
59682 3704
59691 35573
59694 73402
59699 32163
59699 48888
59699 99913
59700 76164
59703 79926
79926 59703
59705 70304
59711 19393
59711 75649
59713 42021
59713 75364
59714 67366
59718 62273
59721 29509
59721 99113
59722 16868
59725 9502
59729 13874
59729 86408
59729 92207
59736 42388
59747 21682
59747 83977
59750 95885
59756 46411
59759 85372
59761 64643
64643 59761
59765 80415
80415 59765
59771 93745
84476 59772
59778 31865
59784 78504
78504 59784
78504 71761
59785 33194
59787 70921
70921 61425
70921 62395
79492 59788
59790 9567
59790 68278
59798 93413
93413 59798
59813 28148
59819 13153
59819 61285
59830 38057
59833 38808
59839 85295
93886 59844
59862 9083
59862 31393
59867 57793
59867 59208
59871 43757
59871 82592
59871 92988
92988 59871
59876 55592
83639 59878
83639 70356
83639 78924
59884 6236
59884 64112
59886 60529
60529 59886
59890 34431
59894 24966
59894 97719
59896 78078
78078 80829
78078 88683
79017 45201
59900 52348
59903 25608
59905 62493
59905 63155
59905 72456
63155 59905
63155 62493
63155 72456
72456 62493
59907 1067
59907 74328
59908 98397
59920 41909
59923 14672
59924 54147
59924 69356
59927 96331
59933 11318
59935 80988
80988 59935
59941 75880
59941 94542
59941 99487
59947 91331
91331 59947
59950 41909
59950 73696
59959 7648
59965 50810
59965 82760
59965 87910
59966 65611
59966 66713
66713 59966
66713 65611
59969 51175
59972 72586
72586 5090
72586 59972
59974 50638
59976 16910
59978 9097
59978 71106
59984 20400
59986 10021
59986 32163
59989 50378
59989 78019
59993 30657
59995 75759
59997 34707
59997 97924
60006 84417
60007 88993
88993 91828
60029 1958
60036 51614
60039 40821
60039 68327
68327 40821
60045 37264
60047 32163
60059 39048
60068 78380
78380 60068
60074 95965
60075 1512
60075 30634
60079 60983
60088 83112
60089 33757
60092 15688
60092 78281
60094 30836
60100 76327
76327 60100
60101 93493
60101 98063
60102 21682
60102 40765
60105 62059
60105 77616
60109 1536
60115 6111
60116 29654
60118 21037
60123 67214
67214 60123
67214 65007
60124 97336
60125 73648
60126 96614
60128 83214
60129 32163
60129 48888
71687 60134
72142 60134
80236 60134
81679 60134
87177 60134
60135 76969
60144 67773
60152 8138
60163 73571
60178 59788
60178 84779
60179 80483
60181 9986
60186 84925
84925 60186
60187 16101
60192 16545
60192 41909
60192 73696
60195 21682
60195 40765
60203 3038
60203 20922
60203 57227
60203 88163
60205 2031
60205 38455
60215 59429
60220 16078
60224 32163
60239 12958
60245 80314
95135 60247
95135 70943
60249 31560
60251 86974
60252 32163
60256 42157
60261 6885
60261 9810
60261 32612
60261 50841
60261 52099
60261 61319
60261 82689
60262 38822
60266 11013
60266 54359
60277 85400
85400 85295
60283 26511
60283 65250
60283 96132
60286 45425
60293 22410
60293 79440
60293 93351
60294 69380
60294 74397
60295 75605
60304 93870
60308 16299
60311 67397
60312 79316
79316 60312
60313 69356
60315 86463
86463 60315
60317 16454
60317 78019
60317 92124
60319 18226
60337 61323
60337 85986
60338 25827
60340 20400
60341 9678
60342 10025
60350 68744
60355 108
60356 74397
60356 80186
60356 97649
80186 60356
80186 74397
80186 97649
97649 60356
97649 74397
97649 80186
60358 24966
60358 97719
60360 53962
60372 57791
60373 61527
60374 25601
60394 21682
60394 69030
69030 21682
60396 4635
60396 29459
60401 58112
60401 71408
60406 62162
60406 73190
60410 5418
60410 12317
60410 49419
60419 21682
60426 47902
60426 80631
60432 24307
60433 25076
60436 42341
60437 20288
60440 83216
60444 4131
60447 11319
60449 48780
60450 58162
60454 49845
60455 25719
60459 83216
60460 8994
60460 19480
60460 64010
60471 84911
60473 32279
60473 97974
97974 60473
60484 11243
60487 40094
60488 73590
60492 1536
60497 19936
60497 71490
60501 54147
60504 88130
88130 60504
60514 67197
95969 69714
60531 48986
60531 97187
60536 39561
60537 73642
60537 76969
60546 16910
60548 80311
60548 84079
60550 13836
60552 7232
60552 52102
60552 80211
60552 92269
60553 57130
60554 81328
60555 88807
88807 60555
60556 52197
95683 84190
99497 80582
99497 84190
60564 82161
60569 60764
60573 10254
60573 82298
82298 10254
82298 60573
60581 43652
60581 43971
60583 14165
60591 57672
60593 80293
60597 66579
66579 60597
60606 71883
60607 73612
60609 90303
60611 20613
60612 59788
60613 45425
60614 84531
60625 83679
60643 91684
60646 55580
60654 16332
60654 66280
60659 60992
60992 60659
60663 31305
60663 39473
60666 28876
60666 41293
60669 87462
60670 4873
60670 43452
60672 91818
91818 60672
91818 67763
60674 7235
60680 78244
60680 88863
60685 26048
60685 52009
60685 61667
60685 65331
60697 82853
82853 60697
60698 30501
60698 96021
60700 5461
60700 33839
60700 65326
60703 9491
60706 19936
60706 71490
60710 10780
60710 54147
60711 409
60716 2565
60716 2982
60716 57286
60718 3633
60718 68245
60719 65827
60723 86239
60723 89528
60728 85087
60730 71590
71590 1315
60738 2593
60738 33438
60739 40272
60739 63555
60740 53586
60746 30836
60747 74397
60749 19359
60767 32093
60773 38937
60774 45276
60774 61231
60776 4873
60779 66364
60780 78843
78843 87051
60782 64052
60785 596
60788 29252
60788 77960
60791 6188
60792 2164
60796 18918
60798 28636
60801 55403
68778 60802
60803 78244
60807 35066
60810 86325
86325 60810
86325 70686
60816 40020
60816 84717
60820 54147
60823 86515
86515 25261
60831 62701
60841 30309
60845 84196
84196 60845
60846 57791
60847 55230
60848 36497
60848 98498
98498 74399
60850 38473
60850 59559
60850 88862
60853 41909
60853 73696
60854 68825
60861 45699
60861 64857
60861 84646
60861 96322
60867 71756
71756 60867
60868 53356
60872 27928
60872 63763
60874 47624
60877 82095
60889 15229
60889 97540
60891 11639
60891 59424
60891 61622
60894 22822
60894 58017
60894 84654
60900 47355
60905 88018
88018 60905
60907 90911
60912 75699
60912 95323
75699 60912
75699 64191
75699 95323
60917 8689
60921 78824
60925 943
60929 36292
60932 33162
60934 66300
60936 718
60936 36292
60936 71169
71169 718
71169 36292
71169 60936
60961 66396
60962 72037
60965 41540
60966 91035
60978 50844
60978 58251
60978 73590
60982 86101
60986 17667
60987 29228
60987 99929
60994 31061
60995 67634
60997 60981
61004 5766
61004 21039
61005 88104
61007 33457
61007 89842
61009 1536
61012 76232
61013 97227
61015 2349
61018 30366
61019 96318
61021 32163
61029 25746
61029 36243
61029 87061
61029 99407
61030 62701
61031 710
61031 22528
61046 87077
61056 98271
98271 61056
61059 73371
61075 66316
61075 79445
79445 61075
79445 66316
61079 35570
61080 29325
61080 87648
61084 79658
61084 87875
79658 61084
79658 87875
87875 39383
87875 61084
87875 79658
61086 12958
61087 63099
63099 61087
77472 61094
61097 83372
83372 93314
61098 67182
61101 63998
63998 61101
61102 22330
61102 73600
61102 86502
61103 2505
61103 46540
61103 76878
61103 96236
96236 76878
96871 50189
96871 61105
61118 85810
61121 66785
61135 72146
72146 61135
61150 91700
61154 58419
61155 8112
61155 28818
61155 33692
61155 94262
94262 9933
61157 1532
61157 91228
61157 96298
61157 97436
61158 36602
61158 57791
61160 58539
61161 74397
61162 78244
61164 21682
61166 9297
61166 26633
61166 81464
61173 77116
61173 82621
61173 92508
77116 82621
77116 92508
82621 77116
82621 92508
92508 61173
92508 77116
92508 82621
61190 32901
61190 52816
61200 85191
61200 99152
85191 61200
85191 99152
99152 61200
99152 85191
61201 59661
61205 6634
61205 89586
61206 41158
61210 8129
61210 98088
61213 11323
61213 19370
61213 91474
61214 49830
61214 65207
61214 77732
94162 16332
94162 62162
61218 33206
61219 72964
61220 23526
61227 43963
61228 63786
63786 61228
61234 51475
61234 95650
61249 59460
61249 75612
61252 41299
61252 88970
61260 96803
61262 36292
61274 99201
99201 61274
99201 92539
61275 39364
61277 53275
61277 74927
61281 63738
61281 76420
61286 27913
61290 66426
61291 32479
61292 79333
61296 4547
61297 14327
61299 52730
61299 60234
61300 36292
90063 7771
61308 20080
61308 79660
61310 35267
61311 59549
61314 64421
61318 53437
61318 66702
63364 69413
94060 947
94060 16564
94060 98976
61326 67634
61330 11559
61335 16868
61335 44076
61335 58173
61337 41392
61337 99392
61339 1406
61339 70281
61339 73406
61344 22364
61353 54147
61367 1790
61379 54119
61379 77588
77588 26256
77588 61379
61381 30366
61390 21682
61391 14474
61391 36292
61402 36292
61411 16462
61411 18411
61412 91237
91237 21485
91237 61412
61413 11535
61416 92375
92375 61416
61424 16698
61427 23526
61427 50401
61429 60881
61429 66885
61434 87994
61440 86909
61443 35266
98470 34002
98470 45818
61448 42488
61448 65826
61450 71971
61457 17547
61457 47927
61457 67716
61457 92894
67716 17547
67716 47927
67716 92894
61465 22310
61465 77411
61465 95648
61470 18414
61475 66559
66559 75762
66559 85587
61484 91493
61495 62162
61495 73190
61496 67397
61500 74397
61509 57219
61512 34735
61513 70697
61514 40854
61514 84865
61514 94216
84865 94216
94216 84865
61516 47988
61516 50925
61516 62678
61516 77601
61516 89628
89628 47988
89628 50925
89628 61516
89628 62678
89628 77601
61523 31630
61523 74808
61523 85968
85968 74808
61525 90173
62427 61527
61533 46852
61541 48733
61543 80225
61545 12965
61545 44902
61552 23103
61552 76132
61552 99932
61556 34410
61556 65313
61561 81855
81855 28047
81855 61561
61562 90893
61567 6964
61567 53445
61571 9981
61571 29434
61571 36379
61572 63870
61572 92330
92330 55848
61573 20354
61573 88736
61574 9810
61574 11243
61578 334
61588 98938
61591 74397
61601 41909
61601 62120
62120 41909
62120 61601
61610 38914
61611 14409
61615 11958
61617 28876
61617 67487
67487 28876
67487 61617
61633 49029
61636 7215
61636 18614
61636 39685
61637 78833
61643 85681
61651 51299
61651 79669
61654 7448
61654 91925
91925 7448
91925 61654
61658 13071
61661 68238
68238 61661
61664 61762
61665 26279
61671 22128
61673 97184
61675 87813
87813 61675
61676 32163
61676 48888
61678 24788
61683 67002
61683 92176
67002 61683
67002 92176
92176 67002
92176 72459
61685 1536
61689 79050
61702 6939
61702 12020
61720 21682
61720 34086
61725 890
61726 1826
61735 17918
61747 15994
61749 26448
61750 12202
61750 33888
61750 47157
61750 73590
61753 34527
61753 87762
87762 719
87762 34527
87762 61753
61756 41108
61758 74920
74920 18521
74920 28017
61761 87872
61763 16799
61771 16545
61771 41909
61771 73696
61776 12304
61776 56431
61779 67537
61780 70633
61784 18618
61786 68390
61786 73716
68390 73716
61792 70730
70730 39304
70730 61792
61803 82254
61805 32122
61822 74808
61822 79527
79527 61822
79527 74808
61825 24514
61825 37826
61832 71231
61841 50419
61842 30356
61852 88695
61855 1285
61855 28663
61855 32734
61855 96617
61863 74397
61864 75667
61867 60543
61867 91603
91603 60543
61875 6885
61877 5973
61877 7916
61877 72305
61877 93263
61878 12958
61878 39715
61889 76592
61889 82636
61890 70061
61906 4454
61907 52365
61908 49583
61912 19990
61914 84375
61916 6771
61921 43792
61923 99545
61927 73724
61930 71174
61945 99371
61949 16545
61949 41909
61949 73696
61957 41909
61961 31894
61962 32163
61962 48888
61962 68393
68393 32163
68393 48888
68393 61962
61963 28994
61963 42693
61963 92584
61964 73044
79366 61969
79366 65829
61971 31771
61971 54490
61972 24966
61972 97719
61975 71480
61978 74855
74855 29131
74855 61978
61980 6554
61980 23342
61980 32163
61980 63332
61981 42117
61981 95323
61995 57791
62001 7134
62001 22213
62001 36508
62001 57791
62001 92824
62002 83802
62003 66035
62013 24416
62022 9810
62023 74284
62023 87911
74284 62023
87911 71389
62030 24887
62030 86909
62030 98716
93601 29545
93601 62035
62038 50073
62038 85888
62040 94153
62041 46811
62041 84862
62048 43717
62048 90485
62048 96419
62054 7902
62054 58795
79164 35796
79164 38368
79164 62055
79164 87798
62060 6003
62060 54147
62063 58801
62067 6204
62067 43503
62067 55823
62069 14506
62069 39737
62070 36128
62070 92252
62070 94207
62070 98930
62076 43600
62081 32163
62086 15259
62086 76023
62089 25254
62089 31000
62089 60480
62095 8539
62109 19150
62110 49987
62111 22128
62111 83854
62125 45685
62127 28124
62127 84654
62127 86490
62138 21683
62138 32697
62138 33661
62138 66031
62147 96298
62148 37250
62164 21043
62167 64983
62167 66392
64983 62167
64983 66392
62170 4547
62170 93380
62174 55403
62175 8257
62175 20043
62175 55599
62176 52923
62177 97644
62178 55793
62178 98063
62180 1536
62184 69645
62185 78266
78266 25417
62186 40973
62186 50740
62186 83325
62187 5005
62187 15116
62187 67837
62190 32163
62195 59446
62197 48557
62198 24248
62203 66908
62204 67862
62204 70061
62206 79157
62207 81125
62208 32163
62208 48888
62212 41909
62213 21747
62216 86394
62217 94657
62222 62680
62225 74397
62229 82288
62230 30084
62239 21682
62244 57791
93921 62256
62259 2484
62259 7106
62259 11538
62259 13169
62259 15983
62259 23402
62259 31393
62259 34213
62259 37152
62259 59862
62259 66491
62259 83112
62259 99583
99583 1162
99583 31393
62260 35966
62263 70491
62265 99585
62266 68487
62274 91011
62277 57130
62277 68059
62283 64302
62284 17293
62290 16820
62290 45003
62290 60778
62290 73732
62290 77208
62296 73734
62296 86078
73734 62296
73734 86078
62297 15229
62297 97540
62300 14041
62300 98208
62305 10914
62318 28445
62325 41909
62331 61584
62351 85372
62352 67862
62352 70061
62355 91993
91993 28114
91993 62355
62359 38041
62366 96507
62371 63648
62371 80185
62372 28587
62377 3502
62385 71
62385 60070
62386 53051
62387 57791
62389 32624
62390 31658
62395 81089
62395 81900
81900 81089
62398 30110
62401 46452
62407 94800
62414 32701
62416 1189
62416 41909
62416 73513
62416 96530
62417 70841
70841 62417
62430 72126
62430 73042
62434 93930
93930 11901
62444 16868
62446 52434
62446 74290
62448 23526
62460 14327
62463 52186
62464 92121
92121 66029
92121 93822
62467 10219
62480 75196
62487 20391
62487 57791
62495 68825
62495 95241
95241 62495
95241 68825
62504 30976
62511 60563
62511 96976
62512 15259
62512 34315
62512 76023
62515 90919
62516 52730
62516 60234
62517 42241
62517 73500
62519 9533
62519 80626
62521 46420
62523 4898
62523 7575
62523 11198
62524 60008
62526 91035
62529 45609
62536 31180
62541 52365
62546 42828
62548 79554
62551 15592
62556 36197
62557 93529
62559 14674
62562 43792
62569 40451
62569 87318
62570 40456
62582 29258
62582 55500
62582 66192
66192 55500
66192 62582
62596 10778
62599 54709
62599 79255
62602 76990
76990 62602
62603 943
62607 54378
62608 41448
62608 74730
74730 19292
62609 4381
62611 22057
62611 94291
62612 12081
62612 94571
62612 98643
97352 62619
62622 31771
62622 54490
62623 39467
62623 53267
62623 92961
62633 15141
62636 26048
62636 52009
62636 61667
62636 65331
62638 28778
62638 39683
62644 76185
76185 62644
62645 47547
62653 37431
62654 57497
62655 79050
62660 80741
62661 93982
62662 36292
62676 45631
62687 68825
62689 62574
62699 85372
62702 12958
62703 68623
68623 62703
62704 97059
62707 19364
62707 92842
62710 73172
73172 12313
62712 25793
62713 17646
62716 72781
62716 90003
90003 72781
73667 3058
73667 62717
62718 33028
62718 86078
62719 57791
62719 59239
62724 11639
62724 59424
62724 61622
62725 78500
62727 33058
62733 98768
98768 69789
62737 14672
62737 53140
62737 70471
62737 85266
62738 3483
62738 21682
62738 36557
62738 65424
62738 93025
62739 932
62742 61452
62743 3260
62743 15587
62743 44588
62743 86987
62743 88144
86987 15587
86987 84789
88144 15587
62766 19045
62766 32655
62766 39152
62767 57791
62768 81242
62769 24985
62770 55122
62771 80012
62771 94291
80012 81346
62777 84018
62781 52129
62792 43209
62793 82793
82793 62793
62796 93604
62801 28220
62811 75348
62812 31779
62813 31324
62815 12958
62817 61511
62818 63442
62819 57791
62819 68488
96854 62825
96854 69212
96854 76448
62835 18101
62835 30432
62841 4782
62846 14034
62846 40283
62848 88764
62848 99175
88764 62848
88764 99175
99175 62848
99175 88764
98678 62867
62871 85372
62874 33508
62874 48679
62874 87493
62874 91333
91333 33508
91333 48679
91333 62874
91333 87493
62886 84793
62892 79333
62893 31503
62897 58183
62902 39894
62902 81941
62907 94657
62911 4119
62911 71863
62914 46531
70661 87601
76569 4747
76569 60748
76569 70661
62920 34744
62932 96726
62938 38550
62940 4677
62948 44416
62948 64096
62948 70079
62950 96912
62955 1757
62955 77722
62955 98817
62956 16332
62958 86360
86360 62958
62962 38999
62982 9810
62986 26337
62987 58565
62987 71710
71710 58565
62991 76311
62994 15898
62998 13797
62998 25513
62998 83224
63002 94303
94303 9770
94303 82258
63007 60895
63009 24305
63022 95462
63025 27933
63025 77445
63025 78632
63025 85002
63039 82850
82850 63039
63050 68639
63057 86031
86031 63057
63061 27660
63061 33619
63061 43303
63061 51262
63065 10577
63069 19073
63075 75737
75737 63075
63076 83100
63080 73423
63103 28771
63107 54147
63108 3822
63114 955
63114 28000
63114 93674
63127 16981
63127 87763
63128 211
63128 32163
63128 48888
63129 48995
63130 20403
63132 39934
63132 77927
63133 17206
63133 99278
63144 83329
63146 84320
63147 57038
63147 61706
63153 32403
63157 35799
63163 94786
63170 45725
63170 87543
63170 89834
87543 89623
63172 13351
63172 54147
63172 60486
63172 69454
63174 17723
63176 67051
63183 45425
63184 13079
98429 20919
98429 32163
63210 54147
63211 60174
91920 63214
91920 83461
63215 86080
63219 72625
63223 40256
63223 46209
63227 79233
63235 92130
63239 80964
63239 99142
99142 2821
99142 58115
63242 25311
63242 37177
63248 20875
63249 75695
75695 63249
63257 19623
63265 36024
63265 54412
63272 82367
63273 75007
63275 98809
98809 63275
63280 38532
63280 45425
63286 46814
63286 80837
63288 60365
63290 56624
63290 81946
63296 85428
63312 76533
63322 36292
63323 40033
63323 96828
63324 7873
63324 19870
63324 59011
63326 7250
63326 35973
63334 70173
63334 75348
63335 53274
63340 4009
63341 64887
64887 63341
63343 4635
63343 29459
63344 75805
75805 63344
63351 8866
63351 17751
63352 32624
63352 85985
63356 59788
63358 3170
63358 20514
83060 63359
90191 63359
90191 83060
63363 12140
63363 95134
63368 61553
63368 86454
86454 61553
86454 63368
63370 32959
63370 78089
78089 32959
78089 63370
63390 49987
63394 7134
63394 22213
63394 36508
63394 57791
63394 92824
63398 45425
63405 54147
63406 96277
63410 56137
63412 62701
63416 62680
63424 30837
63424 76858
63424 82069
76858 30837
82069 30837
82069 63424
82069 76858
63431 12111
63431 41942
63431 52099
63431 90310
63433 76314
63443 98841
98841 63443
63452 25906
63454 28602
63454 79882
63457 4044
63459 66364
63460 3497
63460 64558
63464 35160
63464 80314
63464 99291
99291 35160
99291 63464
63467 81214
81214 63467
63470 82685
63475 38313
63477 67197
63480 37702
63483 86621
63485 84195
63485 91190
91190 63485
91190 84195
63486 8316
63489 41050
63490 84369
84369 63490
63492 29810
63499 86299
63516 74387
74387 63516
63527 46221
63528 86586
86586 63528
86586 68668
63535 77594
77594 63535
63538 68818
63543 85395
63543 99261
85395 19865
85395 63543
85395 99261
99261 63543
99261 85395
63546 988
63546 59471
63548 62680
63553 72835
63553 80292
63553 81624
63557 84440
63567 55228
63575 16868
63576 32265
63576 99483
63590 12775
63592 53852
63592 57249
63595 93014
93014 63595
63603 47641
63608 27535
63616 49987
63622 44601
63623 27974
63623 41284
63630 15994
63633 3054
63638 14674
63643 40476
63644 12413
63645 48733
63647 5317
63650 28991
63650 34825
63650 63540
63652 67176
63658 55793
63658 96068
63664 58955
63665 84319
63665 92840
63667 69890
63667 93422
69890 28482
93422 28482
63668 82197
82197 63668
63670 4813
63671 55031
63671 77339
63675 1614
71521 4378
71521 63679
63680 39422
63681 30233
63682 74022
74022 63682
63685 85266
63686 48733
63688 7625
63688 87001
63689 62303
63690 46746
63690 88051
63696 32163
63703 81208
63705 27754
63705 49547
63712 66187
63714 21682
63714 90728
63721 99548
99548 63721
63723 26497
63723 91035
63725 17381
63728 2028
63733 72814
72814 63733
63737 3546
63742 35570
63746 24766
63746 46613
63754 71968
63764 7448
63767 24465
63772 4763
63779 10683
63781 7341
63785 65856
63789 6422
63789 61880
63796 73402
63798 5889
63798 88305
63806 50118
63806 78199
63806 94944
94944 50118
94944 63806
94944 78199
63809 45750
63810 32163
63814 53643
63820 74397
63823 61584
63831 21682
63839 48022
63839 96197
63840 8744
63841 99271
63847 70875
63849 52971
63849 53918
63857 59654
79331 63858
63861 50062
63861 52078
63861 90598
63867 46531
63879 88162
63879 89765
63881 9333
63881 16691
63887 35473
63887 43951
63887 70818
92066 59575
92066 90106
92066 94657
63889 38737
63893 72529
63895 81691
63895 95756
63896 73521
63901 86078
63905 55
63905 17137
63905 56626
63905 68873
63906 53829
63909 62701
63913 40162
63918 57791
63919 67397
63922 8316
63922 25331
63930 50020
63931 67719
63935 54373
63936 79938
63951 41909
63951 73696
63952 7553
63952 36598
63953 20458
63956 92919
92919 63956
63966 5005
63969 11543
63969 43734
63977 22227
63978 23308
63978 35555
63978 72517
63980 7537
63980 34192
63981 6078
63981 57794
63982 45462
98015 39822
63985 89168
63988 39367
63988 60736
63988 89411
88410 63999
64001 8316
64001 66876
66876 8316
64002 72439
64012 15256
64012 33916
64013 89091
64014 6501
64015 22310
64016 14321
64020 23901
64020 32289
64020 55482
64020 81981
64022 75268
75268 92146
64026 86078
64036 43225
64043 38656
64045 37290
64047 76912
64049 55007
64051 59788
64056 62680
64064 54147
64068 7314
64072 47657
64074 70061
64080 72711
72711 64080
64085 15736
64085 80002
64092 68064
68064 64092
64098 8316
64099 84529
64105 72738
72738 64105
64106 85001
85001 52099
85001 82592
64109 78722
64109 79243
64114 71449
64115 65733
64115 84220
84220 64115
84220 65733
64116 28587
64117 10672
64118 42920
64121 94673
64122 3725
64122 65116
64122 90320
64125 21566
64125 34809
64125 71507
64126 49758
64127 10797
64127 54147
64127 56775
64127 85585
64128 8978
64128 44089
64128 46362
64128 63662
64128 92868
64129 67386
64130 56174
64134 76425
64139 22227
64144 3054
64144 66058
64148 89007
89007 64148
64151 71971
64163 19933
64163 86041
64170 7314
64171 29157
64173 77681
77681 64173
77681 81242
77681 93450
64175 10224
64176 54147
64181 49583
64183 5945
64185 45425
64187 27588
64191 60912
64191 95323
64194 78244
64197 74371
74371 39406
74371 73845
64207 39364
64208 31393
64212 16880
64212 35976
64212 84067
64217 23871
64218 47765
64218 61063
64220 45616
78852 9111
78852 39388
78852 64223
78852 66281
78852 71885
64225 120
64225 27421
64225 40768
64234 38939
64235 7314
64242 69499
64244 1532
64244 96298
64244 97436
89749 22661
89749 82488
64250 11894
64250 38468
64250 70061
64251 57791
64257 44175
64261 1826
64263 72788
72788 64263
64266 32163
64266 48888
64267 13945
64267 41909
64267 70955
70955 24760
70955 41909
64268 73318
64268 75682
64270 44918
64279 58871
64283 41909
64284 76845
76845 57004
76845 64284
76845 72619
64286 31503
64286 40257
64295 81848
64306 99577
64309 34552
64310 73743
64312 35053
64315 65315
64320 72518
64330 1532
64330 96298
64330 97436
64335 48292
64336 90416
64346 91255
64361 19915
64364 11355
64368 5202
64372 74397
64374 68425
68425 64374
64377 54147
64377 92406
64377 98654
92406 54147
92406 64377
92406 98654
98654 64377
98654 92406
64378 40799
64378 55710
64378 65660
65660 35596
64387 28123
64390 91700
64391 55122
64393 86566
86566 64393
64395 19592
64422 82498
64430 72835
64430 80292
64430 81624
64435 74729
64435 90920
74729 17563
74729 64435
64437 45637
64438 50732
64461 84799
64462 67197
64464 1808
64464 90779
64470 12437
64470 51695
64473 7314
64475 41909
64477 18346
64477 73475
73475 18346
73475 64477
64480 30837
64480 53594
64481 66101
64482 23998
64485 99318
99318 64485
64487 74397
64500 95046
64502 12798
64503 51458
65702 64507
64515 13875
64515 84837
64518 7871
64518 75236
75236 64518
64519 87233
64522 15981
64522 59462
64522 78279
64522 88747
64523 11639
64523 34440
64523 61622
64523 71531
64523 93903
64541 45829
64542 37378
64555 57517
64556 70858
70858 64556
70858 94994
64559 17667
64560 57919
64564 5152
64565 88320
88320 64565
64566 70179
64568 70412
64570 7340
64570 41314
64572 47615
64576 31134
64580 73088
64588 98223
64592 1589
64595 85383
64607 62577
64613 35346
64620 74397
64626 63063
64630 12738
64630 29157
64642 91700
66168 64644
66168 75574
66168 94430
64646 33482
64652 72106
64655 69050
64659 18509
64664 34767
64666 52911
64666 72106
64683 28256
64686 54359
64687 81990
64700 43433
64701 41909
64701 73696
64712 30837
64712 53594
64713 41247
64713 42277
64716 80338
64720 28365
64729 14672
64739 36292
64743 10112
64748 21682
64753 491
64753 10011
64753 21027
64753 23196
64753 64550
64753 83222
64754 22211
64754 64432
64761 75354
64763 24774
64768 53023
64771 17667
64775 92708
64777 685
64777 99127
88596 76694
88596 81068
64780 30990
64783 97184
64784 70053
64795 18953
64795 23788
64795 31652
64797 97326
64798 52416
64799 56591
64801 38856
64804 66914
64805 33104
64810 53267
64810 92961
64811 48143
64813 73099
73099 42182
73099 66210
64814 23089
64817 55122
64820 97283
64822 15046
64827 49987
64829 37826
64837 41909
64837 73696
64842 66363
64845 16332
64845 66280
64850 74397
64853 82357
64858 89380
64872 55127
64874 43832
64875 6236
64875 64112
64875 79666
64875 80971
79666 6236
79666 64112
79666 64875
79666 80971
80971 6236
80971 64112
80971 64875
80971 79666
64877 22128
64882 28777
64885 16332
64885 50184
64892 71773
71773 64892
98721 43000
98721 47470
98721 52353
98721 64911
64915 91998
91998 64915
64916 6154
64916 14055
64916 44341
64920 28365
64936 5981
64936 30424
64936 57745
64936 69224
64936 71636
64936 76980
64936 92875
64936 93415
64940 7204
64947 66364
64951 59559
64960 6211
64960 59442
64965 86480
86480 64965
64967 65703
64971 16076
64974 42469
64981 90789
64982 6426
64982 76539
69484 9697
69484 64988
65001 28611
65001 95455
65002 41299
65002 63121
65002 88970
65005 10025
65007 67214
65014 35865
65015 58956
65016 85428
65019 41909
65022 92645
92645 39439
92645 53534
65026 26587
65032 70061
65036 46196
65037 93870
65038 16868
65038 49909
65038 77177
65039 47665
65039 98042
65042 91195
91195 65042
65057 9014
65057 16868
65059 85582
65068 61862
65070 45810
65070 83321
65073 82387
65073 85183
85183 65073
85183 82387
65081 32614
65082 20515
65082 48601
65087 28902
65087 86936
65089 57351
65090 31746
65090 76896
76896 31746
76896 65090
65093 3205
65093 21682
65093 27659
65093 43861
65095 46270
65098 6111
65100 11639
65100 55497
65100 61622
65110 11119
65110 59899
65110 68479
65110 71151
65110 74354
65111 54361
65114 35346
65120 78674
78674 65120
65122 39196
65122 74397
65125 66375
65129 54082
65137 82213
65140 11834
65142 72009
65161 35151
65161 69701
65161 91035
65182 68824
68824 65182
65185 76314
65185 90282
90282 32163
65190 74399
65195 92263
65196 15006
65199 68245
65206 35874
65206 53479
65208 44577
65210 46881
65212 7438
65212 40474
65214 43225
65214 60234
65215 3171
65226 23526
65232 30956
65232 67197
65235 58286
65235 70296
65238 41909
65238 73696
65251 57791
65270 45425
65270 74776
74776 45425
74776 65270
65271 92061
65274 54147
65276 89223
89223 65276
65277 74397
65279 65326
65282 26336
65282 79556
65300 21682
65301 24071
65301 74397
65301 74706
65301 96298
65312 30837
65312 53594
65317 45315
65318 59425
65320 62680
65327 21154
65328 33194
65332 42797
65332 56476
65335 78843
65337 48249
65338 11948
65343 33049
65346 48892
65355 18453
65355 34676
65355 38740
65355 82127
65356 21140
65358 5005
65360 9593
65360 69645
65361 32163
65361 48888
65363 41909
65363 71325
65365 35761
65365 75469
65365 81853
65365 99319
75469 35761
75469 81853
75469 99319
99319 35761
99319 75469
99319 81853
65378 49987
65380 3483
65380 21682
65380 36557
65380 65424
65380 93025
65384 23198
65384 71221
65398 88384
88384 65398
65401 46521
65401 93808
65404 82592
65406 2601
65406 22318
65409 15689
65409 16669
65409 31629
65409 44927
65409 78711
65411 36292
65415 27912
65417 16545
65417 41909
65417 73696
65423 81179
65425 86402
86402 65425
86402 94663
65430 81436
65432 68740
65432 81399
65433 6111
94300 54147
94300 65437
65440 79478
65440 80107
65449 41091
65450 52859
65450 60783
65451 85383
65466 77265
65471 93379
65481 76379
65483 45425
65487 75365
65487 98657
65488 93232
65493 74397
65494 62701
65496 72126
65502 5766
65502 21039
65503 29671
65505 57031
65511 73306
65519 74397
65521 19318
65522 71328
65525 26960
65526 4547
65527 95255
65537 58678
65539 22227
65539 76344
76344 22227
76344 65539
65543 16868
65548 65935
65557 99929
65560 4898
65560 7575
65570 84261
84261 65570
65582 74576
74576 65582
65583 87262
65589 26847
65592 45425
65592 93681
93681 45425
93681 65592
65594 5236
65598 85372
65601 4730
65601 27341
65601 45035
65602 91889
65608 70830
65619 75350
65619 91122
75350 65619
75350 91122
91122 65619
91122 75350
65622 73939
65627 40164
65627 73401
65634 13111
65634 96627
65635 3395
65635 6111
65637 93588
93588 65637
65643 39702
65647 58801
65649 8316
65653 97881
65663 43792
65664 31564
65679 71066
71066 65679
65687 54686
65697 88804
65697 89146
88804 70336
88804 89146
89146 4114
89146 73260
89146 88804
65698 54147
65699 89289
65712 41213
65712 66509
65712 86396
65715 40451
65717 7541
65720 99287
65723 90061
65726 79050
65734 49506
65734 50732
65734 52544
65735 89097
65742 76551
65748 87458
65748 99499
87458 65748
87458 99499
99499 65748
99499 87458
65749 31797
65749 76782
65749 82712
76782 53530
65752 1536
65755 93947
65759 83435
65760 41433
65764 86299
65766 96350
96350 65766
65771 70061
65777 64263
65777 72788
65778 54147
65783 2268
96294 49987
65805 75628
75628 65805
65806 60222
65814 37107
65830 54373
65831 13996
65831 32163
65831 33185
65831 39682
65833 74400
65837 7314
65838 71309
65840 8316
65845 30836
65847 6111
65852 42798
65853 31305
65853 39473
65854 34294
65854 59878
65854 70356
65854 78924
80561 65856
65860 78402
65861 23103
65861 76132
65861 99932
65865 66364
65868 13857
65872 24563
65872 32163
65876 43792
65877 71880
65879 19387
65879 99092
65880 41909
65881 67345
67345 65881
65882 43051
65887 98637
98637 65887
65889 54638
65889 69458
65889 72382
65890 18462
65893 31355
65893 58389
65894 31066
65894 63204
65894 68831
65895 41909
65895 73696
65901 36464
65901 91322
65906 72017
96396 30001
96396 65924
65932 2028
65932 21682
65932 79662
94558 36771
94558 61988
65949 67634
65952 9533
65952 80626
65956 32163
65956 46338
65956 76019
65956 87040
76019 32163
76019 65956
65960 95445
65962 6111
65968 15884
65973 78643
78643 62296
78643 65973
78643 86078
65976 32163
65976 92012
65978 79333
65980 56756
65980 60424
65981 14672
65982 84107
84107 65982
94493 65985
65988 60255
66000 1826
66003 17723
66004 83975
66008 52129
66016 21682
66016 83977
66018 9447
66018 54147
66030 12879
66030 49870
66030 69841
66032 10445
66037 73190
66038 83966
66043 32163
66043 48888
66048 4760
66052 14613
66055 4893
66055 16868
66055 18306
66059 14672
66059 53140
66059 70471
66059 85266
66076 48643
66076 68275
66076 72421
66076 81883
66077 26956
66079 36769
66083 48749
66083 86299
66094 25542
66094 80136
80136 25542
80136 66094
66097 69323
66097 97864
66098 36873
66100 21682
66100 86655
86655 21682
86655 66100
96365 66102
66103 30434
66105 69212
66107 16868
66108 81811
66118 44998
66118 61333
66118 84285
84285 44998
84285 61333
84285 66118
66123 57312
66129 70875
66130 89912
89912 66130
66139 4888
66139 8219
66139 44039
66140 96059
66142 6311
66144 78710
66147 81638
66148 25690
79558 66150
66161 62793
66161 82793
70200 66162
66164 96322
66173 43934
66173 65732
66179 2603
66179 67332
67332 66179
66181 8316
66181 98054
98054 8316
98054 66181
66183 40274
66189 26712
66193 16515
66193 19753
66193 27204
66193 98549
66193 99876
66194 76463
76463 66194
66196 78614
78614 66196
66197 23460
66205 13679
66210 73099
66214 16664
66216 54147
66217 81208
66221 2415
66223 2159
66233 49987
66235 7932
66240 54147
66242 7106
66260 9312
66261 66143
66261 72106
66270 13809
66277 52931
66277 61100
66279 85602
66279 95450
85602 66279
85602 95450
95450 66279
95450 85602
66282 8316
66290 19286
66291 18659
66291 71032
66292 32163
66292 48888
66293 17660
66301 72447
66304 80293
66306 32163
66309 72421
66312 70833
66315 16930
81256 66316
82129 66316
66318 65547
66319 58017
66319 84654
66321 67783
67783 66321
66322 84440
66327 54147
66331 36292
66331 65716
66332 47166
66332 79766
66340 91082
91082 66340
91082 84811
91082 90941
66342 6784
66343 17053
66343 17126
66344 57791
66344 68488
66349 68825
66354 16101
66366 56554
66369 13289
66370 39934
66370 77927
66372 84669
66378 62680
66384 84209
84209 66384
66385 32163
66385 48888
66387 14672
66390 16868
66393 95872
66395 77731
66397 48012
66398 8316
66399 61623
66417 964
66418 5889
66418 88305
66420 83898
83898 66420
66429 67263
66432 1473
66436 41147
66437 56573
66440 92076
92076 66440
66442 30484
66449 8316
66449 28782
66451 80808
66455 8329
66455 13073
66455 59448
66455 61820
66455 78021
66455 78516
66462 75200
66470 97283
66481 41909
66482 84399
84399 66482
84399 73886
84399 88583
66485 46438
66485 70495
66486 41620
66490 77505
66500 22416
66500 24189
66502 89095
66506 35083
66506 36257
66506 48538
66517 57791
66523 80880
80880 66523
66528 67137
67137 94486
66530 35151
66535 21682
66535 43110
66537 37002
66537 96921
66538 50512
66538 83574
83574 50512
83574 66538
66540 40291
66540 41011
66540 82110
66541 79628
66553 7314
66553 91066
91066 7314
91066 66553
66565 62680
66573 38999
66575 6426
66575 76539
66580 86473
66589 63919
66589 67397
66593 98613
66595 21682
66606 57791
85702 62724
66610 96721
66618 62589
66622 91867
66626 27819
66628 3170
66628 16991
66628 20514
66628 23852
66630 74397
66631 60843
66636 69839
66637 14034
66637 78840
66637 91562
66640 2142
66640 35253
66643 92038
66644 11319
66645 32088
66651 5894
66651 32296
66655 17412
66664 836
66675 48052
66684 54361
66685 4898
66685 7575
66688 96026
66692 25319
66693 43792
66694 21682
66694 44659
66694 47343
66694 76210
66694 90996
66695 89409
66696 75007
66698 65827
66699 23422
66703 28778
66703 41909
66707 29659
66710 86078
66726 99371
66736 60754
66736 97197
97197 60754
97197 66736
66739 14014
66741 7314
66741 29542
66745 62493
66749 66421
66753 28994
66753 42693
66753 92584
66759 79682
66760 48733
66765 75304
66768 82003
66769 67121
66772 30837
66773 18501
66800 64652
66804 32190
66804 33016
92433 66814
66817 74397
66818 12108
66818 38359
66818 90750
66818 95010
95010 12108
95010 38359
66819 79455
79455 12082
79455 19972
79455 83841
66845 73480
66847 13678
66852 23849
66855 99237
66862 33098
66863 15005
66865 79752
66867 75879
66870 36393
66874 3284
66874 18537
66874 19149
66874 88863
66875 70261
66879 33033
66879 98155
66884 939
66884 79050
66884 98289
66890 73505
66892 89168
66893 63596
66896 16910
66899 41213
66899 66509
66899 83436
83436 11643
66900 58944
66905 8779
66906 43792
66916 7314
72604 22231
72604 50950
66919 7235
66927 7314
66933 13365
66933 38667
66933 77806
66935 82206
66937 71219
66937 89839
71219 46348
71219 47827
66946 70875
66947 12191
66948 65329
66948 95097
66963 43209
66970 5423
66970 68825
66973 24887
66973 86909
66973 98716
66977 4854
66983 70056
66984 43928
66984 58657
66984 89409
66988 32268
66990 63763
66994 72106
66994 73812
73812 66994
73812 72106
66996 3680
66996 21486
66996 88710
67004 1406
67004 70281
67013 16239
67013 36326
67018 98196
98196 31068
98196 31514
98196 39391
98196 86508
67022 74397
67022 97720
67026 60008
67039 73851
67044 54147
67049 41909
67050 74397
67055 45425
67057 41909
67058 18392
67058 96938
67062 27552
67062 39346
67077 9244
67079 6236
67079 78811
67079 95546
78811 6236
78811 67079
78811 95546
95546 6236
95546 67079
95546 78811
67083 24669
67083 80519
67088 74822
67095 18447
67096 6236
67096 30133
67102 10148
67102 94430
67106 4027
67107 70519
67107 96989
70519 67107
96989 67107
67108 93293
93293 67108
67111 51075
67117 91277
67119 96726
67132 41909
67136 74510
67136 83235
67139 41909
67144 41909
67148 13007
67150 97283
67151 80794
67153 54789
67153 92731
92731 54789
67173 74614
74614 67173
67183 81074
67187 14674
67192 19769
67192 83744
67192 88845
67193 65304
91808 9111
91808 67195
67199 12958
67203 91573
67205 41909
67213 88905
88905 67213
67215 22028
67217 8316
67218 83261
83261 67218
83261 98505
67222 26371
67222 86197
67229 48733
67238 44604
67240 31134
67241 62701
67245 44441
67247 28778
67247 31900
78530 97790
67249 60951
67252 68317
68317 67252
67259 83405
83405 45425
67267 34525
67271 45425
67277 1826
67280 54147
67281 40493
67282 732
67282 1183
67288 54787
67288 64956
67292 65925
67292 67655
67292 88321
67293 28124
67293 84654
67293 86490
67294 69197
67296 23086
67311 71971
67313 73813
67315 9427
67315 37385
67317 96865
96865 67317
67322 50499
67328 20961
67342 17431
67342 81887
67347 89299
67347 97078
67350 23103
67350 76132
67350 99932
67357 45201
67363 19073
67363 77234
77234 19073
77234 67363
67364 74397
67365 21682
67365 54811
67367 5314
67377 31474
67378 26107
67383 59430
67400 46531
67401 19352
67403 18854
67403 61511
67404 11243
67410 26728
67414 76658
67422 54147
67422 71350
67422 93750
71350 54147
71350 67422
71350 93750
93750 54147
93750 71350
67426 15229
67426 97540
67431 27
67434 94381
94381 67434
67437 16868
67437 48667
67440 72547
67440 74397
72547 67440
72547 74397
67449 30837
67450 32086
67450 81001
67450 89536
67453 68109
68109 67453
67458 6236
67462 65447
67465 19439
67467 718
67467 36292
67467 78952
67472 92846
92846 67472
67476 24518
67478 21682
67478 99579
67479 52129
67480 25535
67485 20069
67485 92351
67488 7314
90615 67498
67500 50068
67500 54373
67504 4898
67504 7575
67506 68242
67506 74822
68242 74822
67510 27772
86537 28548
67513 82500
67513 98945
82500 89496
98945 67513
67516 20397
67516 65935
67516 81326
81326 51040
81326 65935
81326 68465
67517 42469
67517 64974
67519 64142
67519 69528
67521 69212
67522 9533
67522 82511
82511 9533
67525 10236
67525 64432
67525 64754
67531 2293
67531 16600
67531 21726
67531 35346
67531 65114
67531 99720
99720 35346
67538 15229
67538 97540
67543 20531
67543 48033
67551 70968
67561 27045
67562 75131
67562 89270
67567 67286
67575 24340
67575 41909
67575 81358
81358 24340
81358 41909
81358 67575
67581 3105
67584 45425
67588 97759
67591 16057
67592 65216
67594 58486
67595 28602
67595 62701
67595 93893
93893 62701
67603 68715
67603 88855
68715 76010
88855 76010
67613 24307
67618 41436
67620 11780
67620 53964
67620 56823
67620 75764
75764 11780
75764 53964
75764 56823
75764 67620
67622 14619
67622 21682
67622 39469
67622 48630
67623 75369
75369 67623
67625 24904
67627 10165
67627 39599
67629 32163
67629 47823
67629 48888
67631 72108
67636 1720
67638 82211
67638 85711
82211 85711
85711 82211
67645 73402
67652 60876
93850 67654
93850 91035
67657 68078
68078 67657
67658 74397
67660 5782
67661 27060
67661 52775
67665 54361
67666 23089
67669 15981
67669 59462
67669 78279
67669 88747
67671 6950
67680 57791
67685 68273
67693 69536
69536 67693
67712 39448
67728 68825
67736 58801
67740 89613
89613 67740
67742 67103
67746 11207
67746 62252
67747 57791
67750 62367
67752 41929
67753 8316
82838 4576
67758 26606
67761 75122
67763 91818
67764 84190
67765 48984
67765 63206
67765 97549
67776 3210
67780 35346
67780 77605
67789 32163
67791 41909
67791 69628
67795 27496
67798 48976
67804 57791
67804 59239
67810 15755
67810 19804
67811 69252
67811 74888
74888 67811
67815 37240
67815 57791
67816 61706
67817 51890
67822 72017
67825 35678
67826 42725
67827 67197
67830 1826
67832 63307
67832 82062
82062 67832
67835 78274
67842 56928
67842 58537
67849 54895
67850 70154
67850 83850
67853 61511
67854 17401
67854 23187
81010 61642
81010 67858
67861 13071
67870 74741
74741 67870
67873 7896
67879 24307
67885 82685
67886 22333
67891 32163
67891 48888
67907 17536
67909 46237
67914 74397
67917 65827
67917 74260
67919 3904
67919 97985
67921 98604
67925 4466
67927 72793
67927 76391
72793 67927
72793 76391
72793 76924
76391 67927
76391 72793
67936 60502
67937 26547
67944 43605
67950 28886
67954 58428
67954 83966
67955 14354
67956 63862
67957 7873
67957 19870
67957 59011
67960 8316
67962 90074
67963 35343
67968 69070
67970 54789
67970 92287
92287 54789
92287 67970
67973 54485
67979 89281
89281 57032
67980 50286
67981 30645
67990 89519
89519 67990
89519 76668
67997 30837
67997 53594
67998 87189
67998 98353
98353 87189
67999 70211
68000 86621
68001 6629
68001 36100
68004 94067
68007 13238
68008 43396
68010 56174
68012 98334
68018 45425
68025 11027
68025 55602
68029 26107
68046 54787
68046 64956
68053 61081
68065 53164
68072 50180
68072 52213
68072 94236
68073 89610
68081 96546
96546 68081
68083 70061
68086 87820
87820 68086
68091 8545
68093 99379
68110 55122
68111 34775
68115 32821
68115 71114
68129 40026
68134 42218
68135 58539
68137 86153
68141 37375
68141 42356
68141 95874
68143 14673
68146 43600
68158 18408
68160 38432
68160 71844
68160 88383
68162 71450
68170 44764
68174 57496
68174 68395
68174 88095
68395 57496
68395 68174
68395 88095
88095 57496
88095 68174
88095 68395
68177 83852
68178 32163
68178 48888
68180 47355
68180 73911
68181 69618
68181 91101
69618 65302
91101 65302
68183 17398
68183 67542
68186 2825
68188 53495
68189 14672
68200 7314
68207 71946
68207 93215
68211 8744
68218 27843
68218 90768
68222 70802
70802 68222
68225 83080
68227 49845
68232 55905
68232 66592
68236 17518
68236 66861
68241 11077
68241 38817
68241 55816
68243 25507
82587 68245
68248 63648
68248 80185
68249 39364
68251 72421
68252 33770
68252 77424
68253 23086
68255 92259
68257 21252
68257 59837
68261 49718
68261 67197
68261 95226
95226 49718
68263 56897
68274 29455
68274 80626
68277 42244
68277 52311
68277 84522
68283 76425
68287 85999
85999 68287
68302 59446
68304 8743
68304 33008
68305 22310
68305 77411
68305 95648
68311 84572
84572 68311
68314 0
68314 11342
68319 69918
68319 86621
69918 68319
69918 86621
68321 18392
68321 96938
68331 8735
68336 13037
68336 82920
68351 77389
72828 6424
72828 63975
72828 68353
68360 23074
68360 57596
68363 827
68363 32163
68363 80518
68363 84421
80518 827
80518 32163
80518 68363
80518 98868
68364 55594
68364 62836
68367 53586
68381 56186
98524 29340
98524 68382
98524 84765
68383 41909
81437 68384
81437 95050
74317 24066
74317 36197
74317 55818
74317 68385
68386 1068
68388 17398
68388 67542
68398 63199
68406 3284
68409 79333
68418 91791
91791 49827
68421 86271
86271 68421
68424 54147
68434 65302
68436 36464
68436 91322
68445 55359
68445 85994
68446 45425
68449 90204
90204 68449
68453 44688
68460 72103
68462 27486
68462 75033
68462 84194
68474 13809
68474 22128
68474 35459
68483 65081
68484 76984
76984 68484
68486 93808
68489 9761
68489 70982
68489 91997
68495 8746
68495 90493
68496 36319
68497 44868
90313 68499
68505 73990
73990 68505
68506 56920
68506 86322
86322 68506
68507 68732
68508 52935
68511 49845
68511 92159
92159 49845
92159 68511
68516 8216
68517 73402
68518 74397
68518 96298
68523 533
68523 3082
68523 65690
68526 38139
68526 48498
86027 1889
86027 13116
86027 68528
68529 48349
68530 2975
68530 22790
68530 54488
68532 83731
83731 68532
68534 96029
96029 68534
68538 41909
68540 33007
68540 91360
68541 16868
68541 48667
68544 4295
68550 44112
68560 92684
92684 10821
68563 4038
68563 7314
68566 34510
68566 55907
68568 85372
68572 89289
68579 46067
68586 63359
68590 19152
68608 74513
68609 67399
68609 86084
68612 81316
68613 92974
68617 99263
68619 37504
68619 99605
68620 93626
68620 94677
93626 68620
93626 94677
68621 71968
68626 15259
68626 76023
68631 99890
68633 32163
68633 48888
68636 54361
68638 9573
68645 9196
68645 41909
68654 8316
68661 31765
68661 42403
68661 47376
68661 74668
68661 83880
68661 92042
68668 86586
68669 63539
68670 1594
68670 73259
68671 37777
68671 89206
68671 96197
68678 10997
68678 52099
68694 33590
68697 34275
68701 55231
68701 73786
73786 68701
68704 3899
68710 87980
68719 59429
68722 8316
68726 52416
68739 48579
68739 74694
68739 97605
74694 83735
74694 89239
68748 66765
68748 69104
69104 66765
69104 68748
68749 78511
68751 70833
68753 4841
68753 46412
68755 29433
68755 51061
68772 22862
68773 81932
68775 91710
91710 83855
68779 76185
68783 51110
68784 59460
68784 75612
68787 43792
68794 21682
82157 68806
82157 83679
68807 89649
79467 68818
68820 14673
68822 11448
68828 11092
68828 88170
68832 71755
68840 51614
68842 76314
68846 59999
68858 12019
68862 73305
68881 85905
68882 64990
68884 52099
68889 31556
68889 74397
68889 96432
68898 10874
68898 20578
68898 77160
68901 50
68901 58412
68903 65665
68907 32959
68910 74215
74215 68910
68913 7314
68915 21682
68938 64657
68945 41445
68946 30847
68947 8316
68954 34101
68955 10889
68955 11538
68957 51408
68961 9533
68961 32514
68961 80626
68962 32616
68966 32507
68966 86219
68971 25519
68971 82477
68976 83094
68978 53743
68978 73318
68978 84759
84759 73318
84759 75682
68981 21266
68981 94796
94796 89842
68982 14885
68982 60400
68982 70242
68983 70909
70909 43600
68985 61147
68986 57791
68991 13748
68992 75813
69001 77939
77939 69001
69003 31225
69017 7314
69018 12108
69018 38359
69021 55793
69021 95862
69021 99701
69024 83139
69024 96859
83139 96859
96859 41214
96859 83139
69034 49811
69040 84382
69042 52520
69045 30309
69045 74600
69055 76645
69058 55793
69059 7310
69059 82943
69062 19561
69062 95090
69069 60876
69072 54913
69072 83843
69076 32624
69077 1737
69077 8853
69077 50076
69081 15693
69087 14809
69087 48372
69087 68690
69087 73473
69087 81719
69095 41299
69095 88970
69102 54830
69103 42437
69108 48193
69108 48733
69112 32959
69123 68513
69126 34011
69126 71644
69128 63233
69131 93228
69136 82768
69136 87555
82768 69136
82768 87555
69142 88785
69142 97759
88785 69142
88785 97759
69144 70211
69144 93665
69144 98778
93665 69144
93665 70211
93665 98778
98778 69144
98778 70211
98778 93665
69160 84577
69170 55673
69182 7627
69182 56132
69188 91345
91345 69188
69189 17667
69196 16422
69201 70965
69202 24066
69202 36197
69202 55818
69202 68385
69206 38469
69206 81653
69209 53051
69214 39504
69216 37602
69216 99388
99388 37602
69219 98063
69225 50402
69227 89001
89001 69227
69228 19300
69228 40996
69236 52671
69237 24242
69243 31771
69243 44094
69243 54490
69245 9616
69257 2635
69257 45399
69259 2028
69259 21682
69262 89776
69263 42184
69264 54147
69271 52351
69275 67397
69275 78654
69276 77944
69282 36024
69282 54412
69288 42939
69288 49898
69288 73642
69293 85266
69294 54343
69299 20612
69308 34757
69313 27927
69318 15911
69319 91050
69322 84522
69325 82370
69327 7314
69327 58705
69328 7539
69336 2982
69336 57286
69336 85513
69338 30837
69338 53594
69341 65222
69343 47391
69345 67622
69352 1536
69357 7714
69360 37240
69360 57791
69362 41909
69369 16332
69369 73190
69371 87326
69375 76916
76916 69119
69376 92333
92333 69376
69378 36385
69379 67397
69382 16332
69382 74929
69384 24518
69387 13645
69390 73521
69391 82385
69392 51382
69394 31420
69404 106
69404 46965
69404 90064
90064 106
90064 46965
90064 71747
69409 39144
69416 43976
69416 54511
69416 76366
69417 90606
90606 69417
69436 8458
69436 92738
69445 4088
69445 38426
69448 19547
69448 29779
69448 37238
69451 12705
69453 2982
69453 57286
69453 85513
69461 97793
69462 50639
69466 45425
69469 45425
69470 17055
69472 24761
69473 20841
69495 26354
69502 55112
69508 28220
69509 9906
69513 13490
78838 38262
78838 69521
69530 8218
69532 77847
77847 69532
69533 96059
69537 85003
85003 69537
69540 93916
93916 33884
93916 39059
93916 47059
93916 67105
69544 14672
69549 82913
69549 97944
69551 34237
69552 37238
69554 42388
69556 74669
69557 57791
69559 88919
88919 69559
69572 54147
69582 82370
69584 7314
69588 16868
69588 72063
69588 75843
72063 16868
72063 69588
72063 75843
75843 16868
75843 69588
75843 72063
69596 76854
69602 21682
69608 62821
69614 17667
69615 51040
69615 73788
69615 74403
69617 9080
69617 66033
69621 90578
69623 30427
69636 68466
69649 20258
69649 60038
69656 8655
69656 9461
69656 18339
69656 21609
69656 29688
69656 51199
69656 59247
69660 79278
69660 81484
69660 91628
69660 96042
69663 1536
69670 12148
69672 41909
69679 33571
69688 78244
69692 943
69697 65339
69699 9358
69702 85608
69705 36292
69705 62158
69708 40646
69710 78244
69712 18408
69730 75760
69730 98290
98290 69730
98290 77826
69731 36830
69734 29799
69739 8316
69755 63556
69757 29220
69761 87462
69762 88600
69763 75684
75684 69763
69764 74397
69765 14174
69766 22672
69766 78517
69766 84564
69767 69868
69771 76059
69772 7314
69782 11015
69783 6728
69783 71698
69784 84696
84696 69784
69791 57531
69807 86621
69811 81311
69816 21682
69820 4635
69820 29459
69822 29232
69822 74397
69825 30356
69828 78948
69828 97308
69832 64428
69840 2912
69849 21991
69852 71208
69853 9637
69854 47297
69857 10681
69859 70911
70911 69859
70911 81034
69861 51497
69865 24207
69865 47168
69867 42025
69867 54147
69867 56775
69873 37222
69874 14571
69875 31771
69875 54490
69878 21506
69879 2912
69880 66364
69881 22538
69881 45195
69885 1242
69885 8793
69885 12179
69885 15097
69885 18670
69885 46058
69894 1714
69894 43228
69896 12333
69904 28356
69904 58321
69905 85372
69912 28123
69912 84956
84956 28123
69917 10104
69929 33194
69935 42114
69944 1536
69946 36726
69950 57791
69952 76675
69956 48985
69960 31305
69960 39473
69968 48646
69971 26705
69971 86078
69977 20186
69981 41909
69982 15320
69999 61997
70001 50732
70009 8316
70012 25746
70012 36243
70012 87061
70012 99407
70015 74397
70019 19024
70019 62162
70019 73190
70020 54147
70021 98154
70023 15680
70024 41774
70024 71183
70026 7412
70026 58592
70034 42021
70034 75364
70041 54057
70042 81514
70052 70493
70493 70052
99075 11382
99075 59788
99075 70056
99075 89578
70057 3611
70063 8457
70063 82408
82408 59808
82408 78493
70064 9802
70065 84774
70066 75054
70066 84345
70073 63310
70077 63359
70082 25493
70084 47472
70087 14165
70089 66548
70090 24966
70090 97719
70094 55132
70094 78144
70096 46442
70096 47173
70100 44279
70102 10511
70102 54147
70104 50026
70121 14672
70126 21682
70136 85372
70138 25841
70143 31408
70149 70263
70149 70474
70149 82264
70151 63862
70155 84222
70171 76777
76777 24473
76777 58812
70172 35746
70182 15825
70182 57791
70182 99759
70183 41909
90650 70192
93344 70192
70193 46854
70195 80314
70204 65521
70206 1945
70206 4048
70206 9581
70206 18013
70210 65971
70223 8545
70234 95152
70236 7596
70236 69083
70243 31658
70243 63287
70254 89515
70259 94640
94640 66624
70260 19452
70262 48002
70268 93070
93070 70268
70271 94657
70275 21281
70288 5121
70288 49006
70293 27486
70293 75033
70293 84194
70303 46551
70308 8545
70309 7539
70313 40679
70316 71165
70322 36292
70323 57791
70325 85527
85527 70325
70326 74181
70330 7314
70330 30465
70332 1826
70333 38365
70335 97399
70336 88804
70336 89146
70346 38181
70351 69356
70360 82802
82802 70360
70371 27819
70371 51683
70371 58652
70371 60523
70371 83744
70377 56262
70381 12653
70381 73401
70389 86107
86107 70389
70394 52931
70394 61100
70395 69196
70399 25719
70405 11092
70405 88170
70407 39391
70407 96856
96856 31068
96856 86508
70413 50827
70413 78520
70432 15891
70432 36292
70433 99379
70434 40150
70438 3339
70447 1826
70451 113
70451 28363
70451 39364
70456 43792
70460 20712
70461 77801
70468 98223
70477 25315
70477 81286
70483 54148
70483 57130
70492 11659
70492 97283
70500 77339
70501 7314
70503 76680
76680 26852
70505 56282
70505 62931
70506 97175
70510 17537
70513 11387
70520 15714
70527 28455
70527 79050
70528 89468
70535 86204
70539 33445
70554 36292
70567 32509
70568 61
70568 2050
70568 39550
70587 50408
70590 5863
70590 36312
70592 85523
81220 40336
81220 70597
81220 85276
70599 81983
81983 70599
81983 92480
70602 57791
70603 41909
70603 87664
87664 41909
87664 70603
70608 8316
70611 82193
70616 52260
70616 54824
70618 11145
70618 93783
97752 70626
70627 4625
70630 15283
70635 54171
70639 15464
70640 32163
70640 48888
70643 20434
70643 53989
70643 67751
70646 5889
70646 88305
83065 40798
83065 70647
70649 65216
70663 9249
70675 84522
70680 40628
70686 86325
70692 87147
70712 92043
92043 70712
70713 22764
70716 29109
70717 80298
70717 95334
80298 70717
80298 95334
70721 41000
70722 58595
70731 7588
70732 50543
70736 70061
70738 53852
70738 57249
70738 96981
70739 74123
70743 70053
70744 42064
70744 58053
70746 41909
70752 8316
70755 57791
70759 62261
70761 7314
70779 67725
70779 94104
70782 48976
70782 94340
94340 48976
70783 36292
70787 87540
87540 15919
87540 57032
87540 61115
87540 70787
87540 87871
70788 49011
70788 84000
70789 89837
89837 70789
70791 12081
70794 56778
70799 79236
70805 46949
70811 16730
70811 32163
70811 48888
70822 81019
70827 70053
70831 4898
70831 7575
88326 70833
70834 82834
70838 42826
70843 17798
70843 24233
70843 41909
70843 78535
70843 99954
70847 44331
70857 92210
94994 70858
70860 17597
70876 88126
70877 19817
70879 12411
70885 41909
70889 25632
70889 89977
70891 18299
70895 53193
70896 62701
70904 36078
70904 53518
70904 92754
70904 97283
84746 70905
70906 35141
70907 16868
70910 56650
81034 69859
81034 70911
70913 25103
70917 51614
70924 23764
70927 4763
70928 15046
70929 7916
70929 48651
70929 72305
70939 34945
70941 89765
70952 59788
70952 96454
96454 59788
70958 30948
70963 32163
70963 48888
70963 88310
70967 78244
70972 62680
70973 13549
70973 29505
70977 38207
70977 92095
70989 36292
70996 8744
70999 44662
71015 79451
79451 71015
79451 88985
71016 20373
71021 8316
71021 70608
71028 84771
84771 71028
71029 99829
99829 16907
99829 98969
71031 9339
71035 60365
71036 50286
71039 3388
71039 43018
71045 57644
71053 32163
71064 75196
71069 13569
71069 65025
71071 68384
71071 95050
71074 71919
71074 94058
71919 71074
71919 94058
94058 71074
94058 71919
71075 47665
71075 98042
71077 59788
71077 84779
71078 22204
71078 73795
71078 78814
73795 22204
73795 78814
71081 84630
86591 5668
86591 71088
71090 85372
71092 31503
71092 40257
71093 71726
71094 95886
71095 48068
71098 718
71098 36292
71098 78952
71107 54243
71107 62293
71110 6084
71111 82270
82270 71111
71112 15571
71112 28448
71118 8316
71118 40880
71121 53045
71123 39854
71123 59029
71124 26822
71129 45033
71129 52864
71130 42021
71130 75364
71132 22128
71134 61627
71142 30837
71142 37164
71142 98559
98559 30837
98559 37164
71148 44972
71150 32163
71153 75909
75909 45667
75909 54147
75909 71153
75909 79095
71156 26614
71156 89889
89889 26614
89889 71156
71158 23526
71158 27986
71158 50401
71168 55122
71176 99888
99888 71176
71177 69329
71179 45425
71180 15082
71180 30266
71180 76652
71180 89842
76652 25812
71186 3054
71191 58749
71194 90049
90049 71194
71195 58438
71196 25212
71196 89786
71200 62680
71206 14041
71206 98208
71207 16868
71215 64539
71220 95221
71223 21246
71230 17662
71235 36231
71235 90911
71240 42734
71244 60247
71244 70943
71255 58689
71255 82406
71268 42783
71273 14475
71276 88863
71279 5108
71279 84522
71297 17169
71298 65016
71300 11958
71301 73677
71303 68448
71321 66269
71321 70700
71322 57130
71333 69864
71333 86301
86301 69864
86301 71333
89615 36292
71345 3791
71345 4627
71345 19453
71345 58213
71345 64856
71345 68584
71348 77740
71348 92499
77740 92499
92499 71348
92499 77740
71349 21631
71352 34882
71360 15256
71378 943
71380 8011
71380 57791
71383 49987
71388 19374
71390 30585
71390 71087
71407 10194
71407 23953
71407 54847
71407 81118
71407 85582
71414 31181
71414 82486
82486 31181
82486 71414
71418 53609
71418 94439
71421 32163
71421 48888
71422 48976
71423 20006
71425 95323
71432 22231
71432 50950
71434 20612
71436 65315
71437 4547
71442 72220
71447 37722
71447 51614
71452 68125
71454 19474
71456 28768
71456 64096
71469 13285
71470 72979
72979 71470
71474 73287
71483 74397
71492 72699
72699 71492
71499 55122
71500 71633
71500 74468
71500 77881
71500 90992
74468 13809
74468 71500
74468 71633
74468 77881
74468 90992
77881 71633
77881 74468
90992 71633
90992 74468
71505 25746
71505 36243
71505 87061
71505 99407
71511 50093
71512 45425
71518 83435
71529 96380
71532 15005
71537 5936
71537 11051
71537 39987
71537 67508
71541 39061
71541 57791
71541 67747
71560 99731
99731 71560
71565 74123
71566 57791
71575 32163
71595 85295
71600 31180
71605 32022
71607 16868
71608 89788
71610 63564
71617 12481
71617 49503
71619 58917
71623 23211
71629 35434
71631 18197
71634 7319
71637 20721
71639 48749
71640 40848
71641 1311
71641 86406
71642 55232
71645 5765
71645 66044
86212 29323
86212 71647
86212 72218
71650 89289
71652 40717
71652 84594
71656 4775
71656 57375
71661 7314
71666 40692
71674 70693
71676 5005
71676 15116
71676 67837
71676 74104
71677 69723
71679 32163
71679 57737
71680 9805
71682 14896
71694 17728
71694 63564
71702 48368
71703 83154
71704 74472
71704 85548
74472 85548
85548 74472
71707 15259
71709 78244
71712 52172
71712 54826
71721 11443
71739 59773
71742 8316
71744 60495
71747 106
71747 46965
71747 90064
71758 18408
71761 78504
71763 12958
71764 53267
71769 65716
71772 16545
71772 41909
71772 73696
71776 6685
71776 86712
71791 6254
71791 89868
71798 78813
71800 26385
71800 59971
71802 59971
71807 45425
71810 41909
71810 76191
71813 44820
71815 57791
71816 84224
71818 7314
71827 89132
89132 2483
71833 74397
71838 33316
71841 28876
71846 50641
71855 10777
71856 92709
74991 63423
79461 7317
79461 27694
79461 71860
71861 26470
71861 99242
71862 86613
71864 15684
71866 71971
71866 78394
78394 71971
71868 5623
71875 99036
71876 32163
71876 48888
71877 32163
71877 48888
71878 0
71878 11342
71878 38716
71884 50647
71890 9080
71890 66033
90935 71896
71897 42800
71901 91787
71905 32163
71905 48888
71905 91814
71908 91238
71909 53498
71915 30624
71922 8197
71924 1826
71928 28407
71928 60805
71928 71056
71928 81359
71933 26964
71934 22718
71934 76969
71935 81811
71938 23211
71940 41958
71945 39122
71955 11958
92254 71962
71982 24448
71984 22063
71987 96429
96429 71987
71991 91035
72001 72331
72331 72001
72002 99235
72007 21038
72008 37421
72008 76757
82328 72009
72015 42993
72015 72010
72015 98959
72021 12958
72021 39715
72022 78749
72023 26705
72023 86078
72024 88185
72025 24687
72028 76400
72031 2088
72031 65021
72032 54147
72043 69323
72043 97864
72044 88223
88223 72044
72045 75202
72045 81578
75202 72045
75202 81578
81578 72045
81578 75202
72046 76066
72051 31108
72053 98447
72055 63400
72057 74397
72062 69589
72068 18392
72069 47799
72070 52129
72078 4357
72080 7656
72080 75865
72081 63790
72085 76700
72096 1696
72096 10872
72096 39014
72098 69403
72100 29854
86528 72111
86528 77858
72113 70173
72113 75348
72115 59342
72118 11443
72130 16785
72137 9533
72137 80626
72138 86762
72138 92167
72150 22691
72150 41909
72150 71325
72150 79603
72153 35447
72156 33682
72165 19817
72169 28588
72175 19658
72180 54147
72180 69356
72182 22577
72182 99945
72191 8502
72200 4898
72200 7575
72200 89157
72201 2231
72205 41909
72210 25186
72214 8316
72222 10672
72228 53872
72231 15489
72231 31968
72231 42036
72231 78159
72231 98211
72239 35878
72243 27917
72243 73393
72246 22478
72246 47764
72246 87481
72246 95154
72247 93090
93090 72247
72249 63892
72251 48494
72251 72730
72259 63333
72263 82940
72271 58763
72276 74984
74984 68664
74984 72276
72303 7314
72303 26568
72308 62367
72308 92291
72309 31972
72309 32932
72310 16986
72315 63140
72315 75582
72321 21872
72321 82718
72326 23086
72336 45810
72336 83321
72338 11697
72342 10254
72347 61108
72349 11664
72349 23322
72349 43942
72350 41014
72350 45939
72350 77217
72353 11780
72353 53964
72353 56823
72353 80345
80345 11780
80345 53964
80345 56823
80345 72353
72355 10475
72355 35570
72358 48299
72359 24312
72376 62939
72381 8316
72383 51142
72393 14055
72393 33801
72394 56559
72398 38937
72402 87630
87630 72402
72403 78244
72409 41909
72409 62682
72411 42117
72411 95323
72417 95932
72424 3170
72424 20514
87056 72439
72450 83761
72451 86078
72453 51683
72459 61683
72459 67002
72459 92176
72473 3435
72481 45425
72496 79333
72498 29232
72498 74397
72501 99579
72509 92018
72520 3685
72520 73989
72520 76431
72520 97522
72528 87551
72530 22011
72530 24558
72534 40763
72539 89
72539 19476
72543 26582
72546 23089
72548 54727
72550 29433
72550 51061
86173 12439
86173 60011
86173 72553
86173 73221
72558 20718
72559 96008
96008 15883
96008 72559
72560 14672
72561 79157
72564 63824
72569 1826
72582 4635
72582 29459
72587 43792
72594 17152
72594 36406
72594 54232
72597 16332
72597 74929
72610 85372
72613 56637
72616 87147
72617 14245
72629 28991
72629 34825
72629 63540
72631 36292
72631 94332
94332 36292
94332 69242
72632 63983
72635 83435
72637 78929
72638 24781
72639 58148
72643 34544
72645 47274
72646 3170
72646 20514
72651 12455
72651 41909
72651 91403
72652 34107
72652 65515
72653 17877
72658 64894
72658 98063
72660 15919
72660 61115
72662 78514
72673 97283
72676 53831
72676 82116
72684 25331
72686 22899
72693 95805
72700 67045
72706 13007
72712 26614
72721 78929
72723 36060
72725 86901
72726 73884
72728 8837
72728 32812
72729 11648
72729 20932
72729 66623
72734 39375
72741 73503
72742 91573
72743 47468
72745 67305
72747 14694
72747 18729
72748 21262
72748 50518
72750 31093
72754 22909
72754 73651
72757 23299
72762 75783
72762 78244
72762 85406
72762 88863
72762 92139
95143 72775
72777 14476
72777 75566
72790 19038
72790 65617
72790 96510
72791 16868
72791 66055
72810 7248
72811 54100
72811 71477
72811 88328
72818 71389
72823 62701
72824 85698
72825 5766
72825 21039
72826 28986
72829 55235
72831 8316
72834 15005
72836 91904
72837 85870
85870 72837
72840 90915
72844 46627
72848 36292
72848 44161
86129 47288
86129 68741
86129 72859
72862 9802
72873 66392
72881 83772
72882 44972
72883 47355
72883 88869
72885 96370
72892 8290
72893 94537
94537 99053
72894 75942
72896 52335
72898 7314
72900 48892
72902 54147
72908 54099
72916 31180
72917 22833
72920 19491
72920 72414
72926 53130
72947 31440
72947 39460
72947 52100
72947 93377
72951 1070
72951 11354
72951 12118
72952 7314
72954 11092
72954 88170
72958 14672
72958 53140
72958 70471
72958 85266
92359 48196
72965 35601
72965 73842
72973 3065
72982 2867
72983 87242
87242 72983
72984 32163
72988 34444
72992 86508
72999 32437
72999 72789
72999 84117
73000 28777
73000 41909
73000 90438
73002 23198
73002 71221
73003 91914
73004 21235
73010 94786
73011 74397
73012 59788
73013 18967
73016 53301
73018 33999
73018 57791
73019 73873
73873 73019
73022 30837
73022 53594
73023 7314
73023 66289
73026 98375
98375 73026
73028 72890
73038 44572
73039 68448
73045 33926
73053 14227
73055 76221
73056 34192
73058 8197
87445 16868
73063 99251
99251 73063
73064 11791
73067 59222
73067 89745
73068 84425
73069 57791
73069 96451
96451 7796
96451 34020
96451 57791
73076 97283
73080 94123
94123 73080
73083 76425
73084 39564
73084 68717
73089 18500
73091 41130
73091 86737
73093 11319
73094 21241
73094 64311
73096 83478
83478 73096
73102 87872
73107 57791
73108 71372
73108 98570
73118 31419
73121 60758
73124 10953
73132 13862
73132 68245
73138 79810
79810 73138
73140 74397
73140 88243
88243 74397
73142 5657
73150 41909
73156 3054
73167 6452
73167 93144
73178 14672
73178 53140
73178 70471
73178 85266
73179 8316
73181 1536
73182 53943
73182 75555
75555 53943
75555 73182
85135 73184
73188 41909
86746 25717
86746 50518
86746 73190
86746 74150
73193 61635
73193 84522
73197 69868
73200 97977
73201 34410
73201 65313
73202 35662
73204 43345
73204 53051
73205 94677
73208 97319
97319 73208
73209 30654
73209 65506
73212 20115
73219 84457
84457 26141
73220 27625
73220 89763
73222 16868
73222 82216
82216 16868
82216 73222
73223 32265
73223 99483
73229 9249
73239 65326
73242 15837
73250 49845
73253 74397
73254 1656
73254 40369
73254 84201
73256 24514
73256 37826
73261 45425
73262 2865
73262 33583
73262 41909
73275 33091
73284 75985
75985 73284
73288 21707
73290 48516
73297 31894
73301 99261
73309 66518
73313 1532
73313 96298
73313 97436
92646 73318
92646 75682
92646 84759
73321 78762
78762 73321
73323 32163
73323 48888
73325 17547
73325 47927
73337 80429
73338 42952
73338 84963
73342 16868
73344 7314
73346 32773
73346 92082
73348 74559
73348 78451
74559 73348
74559 78451
78451 73348
78451 74559
73349 82541
73355 57531
73358 10592
73366 47697
73366 75293
73366 94655
73381 37250
73387 11092
73387 88170
73389 70154
73389 83850
73391 59865
73395 45820
73395 99036
73398 18723
73398 95435
73400 15240
73408 33757
73412 604
73414 60873
73418 27641
73418 96240
73419 21711
73419 64115
73431 47391
73434 26065
73437 59761
73437 64643
73440 82370
73443 29434
73444 1532
73444 96298
73444 97436
73449 48096
73462 54147
73471 81453
81453 38716
94959 73480
73482 74320
73483 91881
73488 63196
73489 60871
73495 95323
73496 57791
73502 1401
73502 31077
73504 38789
73504 43833
73506 95344
95344 73506
73510 67197
73511 42469
73511 64974
73511 94119
73514 57351
73516 94080
73529 70292
73531 69192
73531 73429
73534 96827
73557 52492
73561 74397
73569 12297
73577 74397
73579 30186
73579 34713
73580 10436
73580 36292
73586 36873
73592 2491
73603 44155
95121 73604
73605 50279
73605 75130
73609 22771
73609 39561
73609 74114
73609 92821
73615 18856
73616 33028
73616 62718
73616 86078
73617 86078
73618 35746
73618 89070
89070 34431
73619 75896
75896 73619
73620 22661
73631 0
73631 11342
73632 17332
73632 29849
73639 65118
73644 85608
73646 63333
73650 32163
73650 48888
73654 74397
73657 4351
73657 22771
73658 15188
73665 8744
73673 17590
73681 70875
73687 9189
73687 31176
92603 99037
73693 32820
75145 73695
73697 11341
73697 48237
73703 44378
73703 83319
73725 24688
73729 6873
73729 52946
73739 45952
73742 32163
73742 87961
73746 95436
73750 80338
73751 92082
73752 72654
73753 41909
73754 7314
73759 21682
73768 41909
73768 76626
76626 41909
76626 73768
73775 36623
73782 27913
90392 73789
73791 10681
73794 7314
73804 31881
73804 80266
80266 40784
73810 30837
73810 35346
73815 60885
73816 70693
73818 21490
73823 32163
73826 77965
73828 96331
73829 55981
73832 18408
73840 8545
73840 78212
78212 15587
73844 13108
73849 78244
73853 95505
95505 73853
73862 76768
73868 48749
73883 13417
73883 54529
73886 84399
73892 77572
73895 47297
73896 91787
73897 4627
73897 58213
73897 64856
73897 68584
73914 22230
73917 96195
96195 73917
73920 17667
73920 66392
73922 23088
73922 45619
73922 49216
73933 57791
73934 2733
73934 66519
73937 20432
73937 80347
73943 13505
73943 87899
73943 99379
73944 7028
73954 78244
73962 23000
73976 76194
73976 99905
99905 76194
73987 88611
73992 62471
73999 41678
74006 4547
74010 52204
74012 30847
74013 54054
74016 48006
74016 57791
74018 56157
74018 67751
74019 41186
74036 97326
74039 29608
74044 5766
74044 21039
74045 32163
74045 48888
74050 77249
74070 23005
74087 10565
74087 56459
74088 13996
74088 32163
74088 33185
74088 39682
90693 23303
74098 9898
74098 74397
74099 89279
89279 74099
74102 59146
74105 70693
74117 54147
74117 96837
74118 52416
74118 57808
74118 61544
74121 23423
74124 37019
74127 52951
74129 1536
74130 41958
74130 45633
74130 47609
74130 56081
74130 95703
74132 4873
74135 44392
74136 62367
74141 33618
74144 96331
74151 28642
74152 74974
74974 36292
74157 17412
74159 77882
77882 74159
74164 2207
74167 9244
74167 49895
74178 87382
87382 74178
74189 60182
74201 33871
74201 83080
74206 85980
74212 53035
74226 12547
74226 77526
77526 12547
74238 29369
74246 32163
74262 16868
74262 48667
74268 41799
74270 54147
74271 83072
83072 74271
74274 83822
83822 74274
74283 6236
74299 76120
74304 58977
74305 92608
92608 74305
74306 23526
74308 45629
74325 23502
74334 78706
74336 70061
74336 95365
95365 70061
95365 74336
74339 16602
74339 32163
74339 37040
74339 48888
74339 62617
74350 78244
74353 89323
89323 74353
74361 40465
74366 76768
74380 3191
74380 99865
99865 74380
74385 3985
83849 74399
74409 41213
74409 66509
74411 32163
74412 55588
74423 280
74424 27492
74424 84879
74427 70154
74427 83850
74432 39364
74432 82278
74433 48909
74433 67231
74436 69090
74439 31746
74439 82506
74440 15259
74440 76023
74441 93820
74446 66146
74448 67730
74448 72305
74448 90919
74449 26617
74450 13734
74450 41909
74454 81242
74454 84616
74462 54147
74469 49987
74469 62110
74477 7314
74480 18299
74490 20080
74490 94348
74491 62377
74492 61800
74496 21573
74496 58000
74505 30658
74505 44528
74505 49206
74509 75013
75013 74509
74511 57791
74515 211
74524 54147
74528 68384
74528 95050
74530 93830
74531 60725
74534 75048
74535 49830
74535 77732
74538 25100
74538 69648
74538 93829
74548 67484
74552 90837
74555 74250
74556 37576
74556 94863
74562 78244
74571 88081
88081 74571
74575 45425
74578 53267
74578 98210
74584 10545
74584 77907
74588 99540
74594 16332
74594 73190
74598 31146
74606 8316
74609 92614
92614 30849
74612 78400
78400 32503
78400 33900
78400 74612
78400 98739
74619 15258
74619 95775
74620 4630
74620 54147
74622 77327
74627 78244
74627 88863
74630 54243
74630 54448
74630 58130
74632 83216
91006 48487
91006 75378
74641 75919
74641 79355
75919 33377
74642 91913
74643 33112
74646 60008
74650 4547
74650 90281
74651 32952
74651 97985
74653 5005
74653 15116
74653 67837
74661 77367
77367 74661
74672 82671
74675 31981
74679 7314
74683 58917
74691 97703
97703 74691
78365 15888
78365 24071
78365 74397
78365 74706
78365 96298
74707 14673
74710 16202
74710 78038
74712 70052
74712 70493
74738 85681
74740 39144
74742 23757
74744 83737
74744 91611
74745 67634
74747 12540
74749 96516
74752 27004
74754 29433
74754 51061
74754 51882
74755 31134
74758 81227
74758 93415
74759 32163
74759 48888
74760 93657
74761 71705
74771 78244
74775 21682
74779 74397
74782 28123
74794 9810
74794 48588
74806 4547
74809 82068
74809 84522
82068 84522
74810 50164
74810 96727
74818 62574
74819 79966
74820 41909
74825 69939
74827 54910
74827 56375
74828 8316
74835 71
74835 60070
74836 70787
74837 88586
74838 54060
74842 78610
74842 82610
74849 57791
74850 79333
74851 68466
74854 65934
77462 16604
77462 74858
74863 13771
74866 21682
74866 91862
91862 21682
91862 74866
74867 9566
74869 92443
74873 9482
74880 21470
74882 31968
74884 10672
74886 7314
74887 5766
74887 7882
74887 21039
74887 38253
74887 64119
74887 93826
74889 24066
74889 36197
74889 55818
74889 68385
74891 82367
74895 4547
74895 17326
74899 9553
74899 42024
74899 60655
74900 88161
88161 79746
83633 12522
83633 74901
74909 66088
80493 17478
80493 74911
74913 64650
74914 3170
74914 20514
74926 80101
74938 10398
74939 74123
74949 94657
74954 11501
74954 84716
74955 87908
87908 14346
74957 19605
74964 96428
74965 34357
74968 16375
74968 49669
74968 85950
74975 25261
74975 36259
74978 31180
74990 81269
74997 96887
74998 3400
75009 32173
75014 83531
75014 88167
83531 75014
83531 88167
88167 75014
88167 83531
75019 32163
75019 58650
75022 58595
75022 70722
75028 31186
75029 39592
75029 50301
75029 63881
75029 78630
75030 94006
94006 75246
75032 52416
75035 61863
75035 74397
75043 46751
75046 91700
75047 72108
75055 87993
75056 87889
75057 81328
75075 56357
95831 34039
75088 90558
90558 75088
75094 42558
75098 1536
75099 41162
75099 46076
75104 25518
75118 79071
79071 75118
75125 20612
75133 88979
75133 93813
88979 75133
88979 93813
93813 75133
93813 88979
75136 16554
75149 47271
75164 17778
75164 33472
75170 55359
75170 85994
75179 99392
75181 32163
75181 48888
75181 88310
75185 16910
75187 88809
75189 97172
75192 64868
75192 71858
86661 75196
75198 3679
75199 55359
75199 85994
75201 5251
75204 36292
75204 62158
75205 16868
75217 26497
75217 91035
75221 9533
75221 92400
75225 31414
75226 57791
75226 68488
75229 59520
75234 99520
75240 98619
75241 10781
75241 33998
75241 97942
75243 28225
75244 84439
75245 91904
75259 31180
75259 81094
75269 8979
75271 37250
75276 11247
75276 16103
75276 16696
75276 35781
75276 52663
75287 84481
75291 42244
75291 52311
75291 84522
75295 27362
75298 5146
75298 7248
75298 10298
75298 20209
75298 20419
75298 22833
75298 40092
75298 72917
75298 76830
75298 84710
75306 76616
75311 96271
75323 13992
75323 36292
75332 25294
75333 62701
75334 92805
92805 75334
75335 98066
75337 36292
75343 37475
75349 6315
75359 92591
92591 75359
75362 65617
75362 96510
75366 79050
75368 7679
90534 18033
90534 48531
90534 75372
75375 54361
75382 8250
75384 48517
75384 86501
75393 55175
75416 21682
75426 84531
75429 2982
75429 57286
75436 8101
75437 43792
75445 13836
75453 34632
75453 73602
75455 28336
75455 31393
75459 36292
75471 54664
75475 41321
75479 79333
75486 48976
75495 59971
75495 97661
75496 98864
75504 86621
75506 20816
75506 35637
75506 66962
75507 38958
75507 59917
75518 3679
75518 28172
75519 55580
75528 45425
75530 54147
75532 67397
75541 45425
75545 79424
79424 75545
75547 62701
98510 59545
98510 75559
75575 30201
75575 42113
75575 50379
75576 40272
75576 63555
75577 65313
75580 33194
75581 33641
75581 45708
75581 50530
75586 60887
75586 85707
75586 92860
85707 60887
85707 75586
85707 92860
92860 39367
92860 60736
92860 89411
92860 91602
75589 97762
75595 3284
75602 97283
75604 41768
75604 84040
75606 86078
75610 17416
75610 26048
75610 52009
75610 61667
75610 65331
75614 73345
75620 9495
75620 63941
75625 36700
75625 88373
75629 5201
75631 45425
75632 47566
75632 95950
75636 85372
75650 6204
75650 43503
75650 55823
75657 24201
75662 46672
75670 69520
75670 94357
75677 1536
75679 41299
75679 63121
75679 88970
75680 70284
75681 83554
75681 87318
75688 49682
75690 46746
75690 88051
75701 57401
75705 79392
79392 75705
75709 26353
75709 41909
75709 56453
75709 69628
75709 79510
75709 89072
79510 41909
79510 75709
75713 82296
82296 75713
75715 15891
75715 36292
75722 31180
75730 80293
75732 24192
75735 24440
75735 29758
75738 22682
75738 56588
75738 87916
87916 22682
87916 56588
87916 75738
75740 82685
75743 94291
75747 21682
75755 72421
83007 86197
75769 17667
75778 21787
75778 25300
75778 30556
75778 75581
75780 947
75780 16564
75780 69413
75784 59906
75789 63004
75802 60764
75816 62701
75826 98962
75836 74397
75839 74486
75839 89597
75842 39430
75849 46531
75857 2982
75857 57286
75857 78313
78313 2982
78313 57286
75874 1536
75875 8316
75876 4230
75881 60424
75884 22011
75884 24558
75885 48756
75886 22886
75886 96640
75895 81202
81202 75895
81202 90725
75901 5864
75902 3040
75914 95455
75922 41433
75928 18882
75928 19984
75930 32163
75932 80558
75933 38005
75934 53035
75945 75365
75947 5918
75947 6101
75957 94657
75965 45425
75971 4635
75971 29459
75982 11639
75982 55365
75982 60891
75982 61622
75983 42776
75988 40655
75988 57703
75988 81177
75993 32020
75993 62378
75994 23408
75994 57791
75994 66853
75996 73396
75997 38391
75997 88600
75998 20673
75998 31792
75999 20611
75999 21018
75999 67729
75999 85270
76004 56258
76005 75186
76014 74733
76026 16868
76026 48667
76031 71462
76037 5603
76037 59070
76037 89625
76043 97283
76045 9533
76045 80626
76052 47312
76052 67397
76061 2483
76061 9104
76061 28007
76061 28700
76061 30551
76061 34467
76061 54903
76061 59987
76061 70923
76061 78038
76061 80657
76078 72399
76087 21682
76089 86790
86790 76089
76092 19860
76093 21682
76107 63973
76107 85990
85990 63973
85990 76107
76110 35956
76113 38895
76113 39023
76123 21682
76137 35553
76137 61315
76140 54361
76142 9533
76142 80626
76142 85792
76143 39364
76144 33445
76155 57791
76160 46237
76167 25924
76168 51694
76170 74397
76175 84440
76177 74397
76196 6771
77186 76203
94756 76203
76214 29778
76214 41855
76214 54147
76222 10453
76222 27469
76223 85372
76226 54895
76231 52923
76231 62176
76233 5766
76233 21039
76233 95772
95772 5766
95772 21039
95772 76233
76238 57791
76242 83542
76244 1536
76247 65940
76254 7849
76256 9126
76256 87809
76267 99757
76268 74397
76269 9339
76269 47616
76270 10516
76284 87282
87282 76284
76287 57791
76289 6254
76289 89868
76295 15655
76295 54147
76295 60506
76295 61490
76301 74397
76303 74397
76319 72421
76321 21149
76321 75753
76323 75995
76325 9810
76325 11243
76338 19364
76338 92842
76339 76079
76342 77347
76342 86409
77347 28472
77347 48028
86409 76342
86409 77347
76348 46652
76351 46436
76354 56677
76354 76695
76355 23089
76372 74397
76372 82841
76372 91228
82841 74397
82841 91228
76375 59161
76377 85737
85737 51638
76383 34020
76383 44820
76384 92229
92229 76384
76390 8329
76390 59448
76390 61820
76390 78021
76390 78516
76392 8403
76398 61337
76403 90986
76407 37136
76407 44323
76408 45425
76413 68245
76414 28851
76428 3791
76428 4627
76428 19453
76428 58213
76428 64856
76428 68584
76434 34632
76434 73602
76435 92259
76451 84891
76456 16332
76465 73521
76470 86085
76482 72421
76483 32163
76487 93658
76497 2607
76498 19325
76498 25990
76499 34206
76499 62567
76500 54147
76508 76447
76512 58003
76515 94998
94998 76515
76527 21571
76527 56143
76527 76524
76535 91904
76541 93212
76542 41909
76543 32163
76544 10777
76561 30779
76561 34002
76561 89407
76562 3685
76562 73989
76562 76431
76562 97522
76571 3497
76571 64558
76573 25100
76573 69648
76573 76789
76573 93829
76789 25100
76789 69648
76789 76573
76789 93829
76583 48618
76583 58427
76583 71964
76587 82685
76589 70817
76589 86629
76590 10777
76606 24976
76609 29157
76609 93868
76615 87088
76619 12957
76619 54235
76621 88610
88610 37022
76623 31538
76629 8085
76629 90880
76632 62479
76633 36292
76633 62158
76636 14750
76636 73642
76636 76969
76638 36292
76643 1424
76643 47082
76644 69887
76663 20923
76667 6236
76667 13396
76668 89519
76677 73996
76692 98860
98860 76692
78063 56677
78063 76695
76704 53231
76720 94067
76735 92348
92348 76735
76736 66885
76736 96128
96128 66885
96128 76736
76741 24066
76741 36197
76741 55818
76741 68385
76745 79959
76747 21039
90108 76757
76764 77505
76771 3167
76771 57791
76774 64333
76774 83737
76776 99970
76778 13537
76778 26941
76778 46440
76791 57791
76800 51683
76801 86078
76804 67197
76807 8779
76808 60543
76810 3284
76812 62121
76815 67397
76818 90119
76820 43792
76822 30837
76827 67511
76832 19936
76832 71490
76833 21682
76833 83977
76840 45155
76840 70049
76840 84446
76840 93736
93736 71861
76853 36292
76856 60876
76861 6213
76861 30198
76861 37905
76865 7314
76866 51614
76867 68825
76875 37576
76875 94863
78051 76879
76881 58541
89757 13595
89757 51801
76890 84551
76893 67634
76898 29433
76898 51061
76901 9729
76901 95355
76906 60649
76908 11639
76908 61622
76911 15918
76911 36292
76911 89615
76919 57432
76920 62701
76922 74408
76923 32163
76923 48888
76928 29238
76929 80641
76930 43637
76930 65888
76931 36872
76931 98335
76936 90988
76945 52434
76945 74290
76945 84420
84420 52434
84420 74290
76947 45425
76954 38361
76958 61527
76959 55327
76959 61061
76961 60540
76972 10219
76975 15883
76986 16222
76986 22338
76991 79156
79156 76991
76994 31771
76994 54490
76998 81154
76999 36744
76999 92854
77004 76251
77006 6345
77006 79168
77013 7314
77013 62191
77014 88053
88053 7655
88053 7916
88053 10711
88053 46314
88053 48651
88053 72305
77026 16868
77037 2028
77037 21682
77037 63807
77044 17412
77057 48133
77060 57130
77060 60991
77065 75669
77067 87233
77071 30356
77081 93604
77089 36197
77099 67540
77101 62701
77102 88992
77108 43600
77121 49491
77130 57791
77132 4071
77136 69127
77139 41022
77140 76629
77153 17547
77153 47927
77158 56012
77158 94353
77158 98486
77159 76629
77168 47140
77176 7314
77176 21682
77176 32163
77176 41909
77176 54147
77176 57791
77176 64963
77176 74397
77179 74397
77182 62426
77183 34275
77191 74513
77196 1532
77196 36496
77196 96298
77196 97436
77200 93098
77203 47481
77203 61555
77204 28759
77204 39934
77204 77927
77211 21173
77211 35151
77211 91035
77214 22567
77218 95006
77219 41909
77219 85426
77220 24887
77220 86909
77220 98716
77221 25100
77221 69648
77221 93829
77227 10777
77230 4668
77230 32163
77235 78244
77236 65353
77239 48006
77239 57791
77240 67751
77240 77958
77958 67751
77252 62640
77256 80040
77257 52416
77257 54102
77263 57791
77263 93770
93770 57791
77273 37156
77273 62518
77279 77397
77397 56987
77397 59085
77281 60725
77282 22231
77282 50950
77288 8746
77288 90493
77289 911
77289 17265
77292 16446
77293 78244
77294 50093
77299 77547
77301 81617
81617 77301
77303 21682
77303 83977
91012 77308
77319 36197
77324 76236
77331 47040
77341 19581
77341 51731
77349 8748
77349 12765
77349 31867
77349 34012
77350 11892
77350 50854
77351 47634
77352 95700
77370 18657
77370 23688
77372 29156
77372 89229
77386 69443
77388 23005
77394 45425
77400 9638
77401 25518
77408 82335
87812 57600
87812 77422
77432 9111
77432 67195
77438 23211
77443 89289
77446 42193
77454 38731
77455 10441
77455 32163
77455 72110
77457 41909
77466 86204
77473 39527
77482 41899
77483 71174
77488 57312
77492 49021
77493 7314
77493 62191
77498 76075
77508 10781
77508 33998
77508 97942
77510 3038
77510 20922
77510 57227
77510 88163
77513 6856
77513 47036
77520 19643
77520 39535
77527 48733
77531 1973
77531 26600
77531 38973
77531 41466
77531 52571
77531 60134
77531 60477
77531 71687
77531 72142
77531 72775
77531 79906
77531 80236
77531 81335
77531 81679
77531 82962
77531 87177
77531 95143
77533 57791
77537 17332
77539 85001
77540 49742
77540 51390
77544 82214
77551 93639
77551 96516
93639 77551
93639 96516
77553 12540
77554 1285
77554 28663
77554 32734
77559 409
77562 51230
77563 17590
77564 18392
77568 16868
77575 1889
77575 13116
77575 68528
77597 76924
77597 86299
77602 99150
77603 36204
77603 80960
77603 95649
77609 5751
77610 6084
77619 93163
93163 77619
77636 23307
77639 70186
77645 49145
77656 49146
77659 82370
77661 17547
77661 47927
93450 77681
77688 22094
77692 29476
77697 54147
77697 69356
77698 8485
77700 6458
77704 836
77710 37146
77712 68466
77713 83487
77730 59434
77730 96622
77736 72421
77738 57485
77739 98312
98312 77739
77743 22007
77743 80868
77744 22448
77746 4773
77746 42299
77752 70261
77753 94657
77754 47391
77757 55730
77762 20543
77762 94800
77764 3054
77765 13825
77765 55030
77768 17412
77769 11373
77769 90428
77773 62324
77774 20718
77776 54854
77776 83704
77778 40094
77781 8316
77784 93443
77791 93447
93447 77791
77794 57791
77798 48243
77810 47297
77822 99237
77825 6084
77827 40853
77830 50732
77835 4763
77837 4547
77837 54693
77840 84636
77867 72305
77871 76969
77875 42714
77875 83894
77879 26048
77879 52009
77879 61667
77879 65331
77885 17412
77887 85843
85843 77887
77892 70448
77892 88917
88917 70448
77893 74181
77900 53267
77902 15793
77903 4038
77903 68563
77906 27913
77909 85372
77912 13875
77912 84837
77914 62680
83637 77917
77918 80761
77922 92335
77925 93651
77930 36495
77930 50827
77937 97541
77943 82022
77946 8316
77950 60609
77950 90303
77956 32163
77956 48888
77962 742
77962 89195
77968 49527
77968 60225
77968 69962
77974 20650
77974 81109
77979 7314
77998 12958
77998 95704
78002 7996
78003 69329
78008 57312
78010 81947
78011 57992
78017 3091
78018 48976
78020 11207
78020 62252
85188 78021
86474 6097
86474 41212
78029 98937
78032 99037
78037 23306
93299 98729
78047 56839
78048 64096
78052 74733
78061 66289
78069 21042
78070 63804
78081 34355
78082 51230
78084 57935
78084 62729
78084 85504
78093 19936
78093 71490
78098 183
78108 74397
78109 21819
78111 46978
78122 4763
78123 38004
78124 18513
78134 37003
78134 42097
78136 7314
78142 28768
78142 64096
78143 7314
78145 96742
78147 65310
78148 50551
78151 23526
78154 22982
78161 8101
78165 77339
78166 16682
78166 28129
78166 49105
78169 5236
78172 45983
78173 34777
78180 16498
78183 32163
78183 48888
78189 21682
78189 90753
78189 98108
78198 54147
78208 36033
78211 21682
78211 83977
78213 31874
78218 8316
78227 32512
78232 53386
78232 83250
78232 95896
78235 97283
78248 44479
78248 88709
78248 98935
78249 8316
78255 83858
78258 19874
78265 1614
78270 12958
78271 13490
78271 83760
83760 13490
83760 78271
78286 8970
78286 91787
78287 31535
78288 44739
78290 1566
78294 33347
78296 26142
78296 55000
78299 51683
78302 4635
78302 29459
78304 66487
78305 51683
78307 29778
78307 88162
78317 17394
78317 43979
78317 89014
78322 85742
85742 78322
78323 45425
78332 35905
78332 99089
78336 7932
78358 91700
78360 78922
78922 78360
78372 20727
78376 17667
78376 65421
78376 66502
78378 10021
78378 32163
78378 81529
81529 10021
81529 32163
81529 78378
81529 93395
78379 77617
78382 10807
78382 40374
78385 17858
78386 21039
78388 3685
78388 73989
78388 76431
78388 97522
78389 83435
78393 60843
78395 8201
78395 20116
98739 84570
78404 3284
78404 75595
78406 27491
78406 93609
78409 12115
78409 69326
78415 32163
78415 48888
78417 22884
78419 27355
78419 87234
78420 82685
78422 36713
78431 20069
78431 67485
78431 92351
78440 12481
78441 9482
78445 74397
78452 45425
78453 23005
78463 35728
78466 62913
78468 43414
78468 59952
78471 47297
78473 41909
78474 56637
78477 51364
78483 6095
78483 20504
78488 21028
78489 94007
93109 94657
83457 78500
78501 91804
91804 60964
91804 78501
78502 83960
78510 57791
78515 90490
83680 4690
83680 70648
78518 79682
78523 93844
93844 78523
78525 28782
78525 71118
78528 80089
78529 80998
80998 78529
78533 95323
78536 81994
81994 78536
78537 30580
78537 46882
78545 81133
81133 78545
78547 32163
78547 48888
78547 78756
78756 32163
78756 48888
78756 78547
78551 16677
78551 17705
78551 34193
78551 65869
78551 93415
78553 5005
78553 49872
78554 54147
78555 68213
78555 90857
78556 57791
78556 68488
78557 82920
78562 43715
78572 22231
78572 50950
78574 74397
78577 18520
78577 34215
78583 92053
78588 11443
78591 16332
78591 73190
78592 18343
78599 26428
78604 17982
99478 78606
78615 16210
78615 79983
78616 7314
78617 1515
78617 26253
78618 8316
78620 97283
78623 91491
78628 1654
78628 58686
78628 79250
78641 3392
78645 18646
78653 41909
78653 51508
78655 49900
88796 78658
78662 26048
78662 52009
78662 61667
78662 65331
78664 41909
78667 75131
78667 89270
78670 75135
78682 26847
78689 84080
78696 76969
78698 21682
78715 48102
78719 827
78719 32163
78720 36197
78730 62498
78731 98913
98913 78731
78738 5647
78738 19575
78739 5342
78739 59971
78746 19810
78746 63483
78746 75504
78746 86621
78746 95807
95807 86621
78752 53051
78758 59772
78767 41909
78774 16868
78780 58667
78786 79451
78789 7314
78797 45425
78803 70030
78806 36292
78812 17667
78812 97404
97404 17667
97404 78812
78815 51285
78818 2714
78818 21362
78818 22210
78818 29088
78818 51375
85991 54571
85991 73292
78828 23526
78831 49845
78832 62252
78837 25626
78842 63348
87051 78843
78846 83216
78848 67537
78850 16267
78850 41739
78850 42783
78856 15919
78856 61115
78860 69868
78861 11738
78861 25008
78861 28981
78861 41433
78865 11780
78865 53964
78865 56823
78869 24788
78871 37926
78871 62367
78873 50545
78873 75263
78878 41909
78878 84964
78878 94205
84964 94205
94205 84964
78881 77259
78881 95615
78883 55007
78889 31503
78890 40402
78890 92755
78894 23899
78899 88899
78899 91035
88899 91035
78902 56591
78905 87147
78906 87306
78906 99896
87306 78906
87306 99896
99896 78906
99896 87306
78919 87953
87953 78919
78926 97286
97286 78926
78928 29327
78928 32163
98627 65935
78930 49624
78933 21140
78940 39919
78940 48985
78940 54245
78941 3958
78941 15263
78941 32163
78941 48888
78941 79367
78941 86526
78949 57791
78950 86941
78951 72434
78954 36292
78954 44161
78955 34410
78955 65313
78960 23502
78962 41213
78969 73439
78977 72872
78977 95592
92272 35472
92272 76378
78987 9297
78987 26633
78987 81464
78994 74397
79007 30837
79007 53594
79008 17705
79018 43792
79020 32627
79026 8177
79026 36292
79027 45425
79032 89289
79035 17412
79040 2982
79040 57286
79041 43792
79048 73984
97757 79050
79051 19763
79051 80521
79056 88600
79060 90707
90707 79060
79062 88729
88729 79062
79063 54361
79069 13809
79069 71633
79072 57130
79072 60991
79074 12115
79074 69326
79083 54147
79083 94810
79090 35761
79090 81853
79091 29491
79093 86204
79094 28023
79096 41909
79097 32163
79098 96860
79099 5981
79099 67090
79099 84023
84023 5981
84023 79099
79105 78244
79108 30174
79108 38893
79117 7314
79125 42549
79125 68809
79126 24066
79126 36197
79126 55818
79126 68385
79130 42221
79139 82942
79139 85373
82942 85373
79141 39181
79144 42443
79149 79667
79150 38789
79150 43833
79150 73504
79153 87559
79174 3284
79175 60673
79180 67197
79184 77625
79186 54147
79187 96102
79187 97977
96102 79187
96102 97977
79188 14672
79190 3505
79191 76029
79191 94460
79194 59788
79194 84779
79196 2086
79210 47107
79213 27913
79214 7314
79219 31662
79219 40033
79219 96828
79229 85640
79235 50059
79235 52082
79235 80532
79242 827
79242 32163
79242 84421
79245 53267
79251 62504
79253 21469
79253 30939
79253 38432
79269 53488
79272 34862
79282 78244
79284 34049
79293 40856
79293 43156
79293 88464
88464 40856
88464 43156
79299 6634
79299 89586
79302 57389
79304 71883
79305 12108
79305 38359
79326 43979
79326 89014
79328 8644
79334 71006
79336 42469
79337 280
79339 91689
91689 79339
79340 36596
79341 19706
79341 60109
79347 23526
79347 87239
87239 23526
79350 95107
95107 79350
79351 92733
79354 77731
79357 22007
79357 80868
79358 15981
79358 59462
79358 76530
79358 78279
79358 88747
79362 99268
99268 8129
99268 98088
79376 5108
79376 84522
79377 70061
79378 12013
79378 32163
79378 39682
79378 48888
79381 20549
79381 54510
79390 76969
79397 39634
79402 11174
79402 41044
79402 89351
79415 97102
79416 89652
79416 90919
79417 17723
79420 38763
79420 57791
79420 99209
99209 57791
79422 1737
79422 8853
79422 50076
79435 92843
79448 29356
88985 79451
79453 73590
79459 21485
79476 30404
79479 64672
79487 86125
79494 91726
79497 15484
79498 16868
79499 4898
79499 7575
79503 74397
79503 82841
79503 91228
79512 54147
79516 40709
79516 63498
79517 12366
89258 25973
89258 79518
79519 19043
79524 21682
79526 17547
79526 47927
79529 74397
79532 26497
79532 91035
79539 70039
79545 51040
79545 68465
79548 16545
79548 41909
79548 73696
79557 81748
79557 84738
81748 79557
81748 84738
84738 79557
84738 81748
79568 51614
79570 388
79570 63658
79579 29714
79579 72041
79581 67650
79581 92975
79585 6307
79587 83216
79594 96614
79599 91493
79600 96876
79605 28759
79605 39934
79605 77927
79608 29778
79608 54147
79618 73346
79618 92082
79625 81948
79629 45425
79630 32163
79631 38716
79631 59164
79636 91700
79642 23497
79653 16545
79653 41909
79653 73696
79654 42341
79661 31180
79661 98872
98872 31180
98872 79661
79663 43760
79668 66388
79668 84204
79671 86089
79675 1998
79675 18408
79675 42214
79676 29230
79677 16332
79681 15883
79685 99765
99765 79685
79689 1536
79690 38651
79691 31444
79694 27993
79694 50058
79695 89223
79698 59446
79699 41213
79701 54147
79701 60501
79704 45952
79706 85608
79711 98764
79712 75263
79713 41909
79713 76161
79717 41909
79717 71325
79724 41909
79726 36135
79729 48393
79738 31837
79738 41895
79748 43600
79755 29325
79755 61080
79755 87648
79759 71139
79759 82913
79759 97944
79762 50732
79771 97283
79773 29992
79773 47805
79784 2607
79784 93231
93231 2607
79787 56777
79787 96322
79788 14135
79788 40482
79792 81325
81325 79792
79800 16910
79802 82506
79803 23635
79803 26821
79803 44877
79803 80670
80670 23635
79811 23526
79811 29225
79811 50401
79820 7314
79821 41909
79821 73696
79827 30836
79828 54147
79838 47406
79839 23713
79846 34039
79851 46831
79853 40146
79856 15030
79856 34543
79856 50084
79856 64884
79858 68467
79860 10239
79860 12852
79860 40144
79860 91011
79861 22534
79875 1043
79875 45715
79877 60862
79878 58580
79880 91038
79881 36733
79890 81328
79896 11874
79897 77522
79903 42721
79907 73184
79907 82426
79912 6463
79917 47747
79923 18208
79929 58859
79929 65031
79935 71161
79937 80293
79943 87233
79956 59346
94645 97853
79965 60688
86926 1165
86926 79971
86926 80512
79973 48733
79985 53023
79986 26996
79986 56269
79987 4547
79993 18014
80003 79352
82613 80023
80024 10489
80026 22692
80027 16981
80027 87763
80029 85608
80030 53495
80034 25103
80036 62680
80049 36292
80055 72650
80058 86847
80060 51040
80060 64651
80061 70687
80062 81391
81391 80062
80064 36292
80065 9810
80065 48588
80068 14102
80068 14218
80068 71954
80080 99237
80081 97173
80082 84439
80094 41213
80095 50732
80097 64216
80100 13313
80105 33262
80110 15034
80110 25721
80116 18599
80118 85753
80121 50286
80122 42607
80122 43963
80123 47083
80123 70508
80129 65547
80130 21198
80131 17412
80141 26204
80142 3236
80147 36016
80149 1889
80149 13116
80149 13663
80149 68528
80149 82881
80150 72442
80150 80705
80150 86128
80705 72442
80705 80150
80705 86128
80153 16442
80153 65829
80159 80380
80175 17108
80175 88884
80181 84705
80182 7314
80183 54147
80191 99730
80199 63199
80202 24605
80207 38802
80207 49103
80209 84653
84653 80209
80213 18408
80216 90303
80218 39364
80223 98858
80224 34434
80224 43940
80230 14672
80241 17805
80241 80238
80245 14294
80251 16868
80254 84774
80258 80626
80265 79662
80268 74397
80276 18331
80287 43792
80288 58603
80288 66139
80288 76385
80289 54147
80297 61869
80305 4544
80305 31063
80305 60731
80307 62498
80309 66518
80316 12958
80318 90303
80320 7314
80320 26568
80326 23086
80329 30846
80331 14630
80331 96775
80336 74397
80340 26371
80346 68836
80348 52235
80353 35500
80356 11829
80358 67263
80360 35794
80361 7314
80369 21682
80369 37457
80376 48599
80376 57791
80383 48733
80385 45425
80394 21682
80398 62162
80398 73190
80420 73427
80424 16332
80424 21262
80426 50017
80430 42474
80436 33194
80451 88840
80454 32163
80458 30759
80460 25108
80460 52755
80461 63594
80467 95779
95779 80467
80468 73451
80474 35066
80477 8329
80477 13073
80477 59448
80477 61820
80477 78021
80477 78516
80482 59788
80485 16614
80490 6236
80498 91700
80508 57791
80513 22204
80513 24306
80513 78814
80514 9466
80514 48975
98868 827
98868 32163
98868 68363
80520 36197
80525 87133
87133 80525
80528 12497
80530 10493
80530 21682
80530 83977
80535 23979
80535 65842
80535 84439
80537 84440
80543 27928
80543 62492
80543 63763
80544 84335
84335 80544
80547 82946
80550 71387
80552 41931
80553 54727
80553 72548
80555 15788
80556 94693
80556 98959
94693 23002
94693 80556
94693 98959
80557 99036
80562 16203
80562 37702
80563 35570
80566 41909
80570 85608
80571 6428
80585 86394
80586 7180
80588 9461
80590 537
80595 54147
80598 31987
80598 54276
80598 81816
80600 34206
80603 58323
80606 70875
80610 76253
80613 22007
80615 17504
80627 1508
80637 37676
80637 70472
80638 22438
80644 6084
80650 83216
80663 69868
80667 6236
80667 64112
80675 8316
80700 68245
80703 28902
80703 86936
80711 47168
80711 69865
80730 11476
80730 47297
80736 82701
82701 80736
80737 26265
80740 15005
80752 89612
80759 4547
80766 37353
80769 9556
80773 34434
80773 43940
80775 42734
80781 39564
80784 41909
80785 568
80786 49948
80787 76059
80789 54147
80792 37243
80792 41909
80797 12756
80799 1536
80804 26614
80811 61527
80815 14736
80815 40423
80815 55420
80822 91979
91979 80822
80835 25880
80835 79428
80840 68925
80844 1532
80844 91228
80844 96298
80844 97436
80861 96726
80862 4488
80862 14005
80862 28236
80866 41260
80866 94657
80876 14809
80876 48372
80876 68690
80876 73473
80876 81719
80883 58017
80883 84654
80900 18620
80900 32163
80902 62045
80903 64565
80903 88320
80904 98329
80907 26700
80907 50080
80909 16620
80909 36154
80912 43333
80918 16271
80921 16910
80929 40233
80930 57791
80931 54147
80933 87205
80933 87899
80933 99379
87205 80933
87205 87899
87205 99379
80940 16868
80947 8316
80950 10453
87125 35960
87125 80951
80956 23409
80956 25315
80963 65089
80970 50732
80978 58449
80986 34556
80986 64535
80987 60843
80992 83216
80997 54147
81009 5339
81009 55254
81009 64554
81012 16868
81012 53301
81022 81700
81700 81022
81024 7314
81035 92548
92548 81035
92548 87213
81038 41715
81039 17267
81039 41909
81039 71325
81040 46237
81041 7314
81053 3044
81066 67839
81071 68359
81076 27600
81078 98068
81081 10921
81092 83759
81096 51413
81096 53627
81098 59246
81101 87799
81101 98968
87799 81101
87799 98968
98968 81101
81103 81438
81438 81103
81110 80626
81112 57791
81116 6747
81131 16868
81139 29557
81139 97985
81147 39153
81148 6784
81167 931
81168 79333
81181 67305
81189 23211
81192 54361
81194 13200
81194 58577
81197 30424
81197 35685
81197 42586
81197 65869
81200 85046
85046 81200
90725 81202
81206 21037
81209 68497
81213 7932
81217 81293
81293 81217
81219 74541
81229 35448
81232 16868
81235 48906
81245 36640
81252 96516
81265 59290
81267 40806
81274 81616
81616 81274
81276 14660
81276 51263
81276 70890
81278 12498
81278 49856
81294 82926
82926 81294
81300 41681
81301 16981
81301 87763
81304 50732
81304 64870
81312 11013
81312 54359
81314 16557
81315 55226
81315 96059
81319 85681
81321 30257
81321 83791
81322 42251
81334 36723
81336 80021
81338 74501
81341 38703
81343 48494
81343 72730
81351 48455
81357 943
81366 20321
81366 93616
81366 94736
81372 66543
81374 1596
81380 14474
81390 83679
81394 84050
81397 85372
81398 48976
81403 8011
81403 27353
81403 57791
81403 90059
81407 20083
81407 36197
81411 23526
81414 35267
81418 5650
81418 31218
81422 53966
81423 83758
81427 36082
81428 89834
81428 95989
81429 96197
81430 28767
81435 39866
81435 54819
81442 12435
81447 66186
81449 319
81449 55490
81451 51329
81456 32163
81456 92012
81462 41909
81462 71325
81472 93301
81473 57596
81473 87602
87602 57596
81475 70545
81481 1285
81481 28663
81481 32734
81482 72414
81482 84355
84355 72414
81488 45984
81488 50567
81490 89314
89314 81490
81493 57315
81493 94738
94738 57315
94738 81493
81498 43792
81499 90091
90091 81499
81500 34849
81500 84994
81509 57130
81511 16558
81516 15350
81516 78253
81522 45918
81523 16868
81523 48667
81526 1308
81527 89611
93395 10021
93395 32163
81532 718
81532 36292
81532 65716
81532 99718
81537 57791
81537 66517
81538 89867
89867 81538
81541 26048
81541 52009
81541 61667
81541 65331
81541 96453
96453 26048
96453 52009
96453 61667
96453 65331
81542 45494
81548 32610
81548 39733
81548 60317
81549 81315
81556 3170
81556 20514
81560 73648
81561 47391
81571 55007
81571 89023
89023 55007
81573 63423
81581 8982
81585 29778
81585 54147
81591 86204
81598 94625
94625 81598
81604 41909
81604 73696
81605 11780
81605 53964
81610 9295
81610 55916
81613 27840
81623 4626
81623 59001
81623 70358
81627 3679
81627 92955
81628 40973
81628 50740
81628 83325
81629 86613
81631 85915
81632 71
81632 9194
81632 84554
81640 14689
81641 11442
81646 28455
81646 79050
81652 98521
81655 2531
81655 29017
81655 76690
81657 91463
81658 16691
81658 18556
81658 38838
81659 7621
81659 49178
81659 91044
81660 62399
81664 97283
81665 78541
81668 84522
81671 30637
81678 32624
81684 22577
81684 99945
81687 79464
81695 75203
81698 41909
81701 41213
81712 2982
81712 57286
81712 85513
81713 46442
81713 47173
81717 2562
81717 16127
81721 8316
81727 62680
81728 39894
81728 81941
81735 32999
81735 66135
81735 80729
81750 16868
81755 48489
81756 15883
81765 32163
81765 48888
81766 55606
81767 23678
81775 88629
81781 39600
81781 94657
81785 92252
81787 42714
81787 83894
81788 28272
81788 93263
81795 69163
81802 33282
81842 61056
81842 98271
81846 55173
81851 34046
81854 89406
89406 4339
81857 15141
81861 15236
81861 82800
81861 85680
81863 45184
81870 69631
81871 25601
81876 9689
81876 10577
81876 59569
81878 52453
81879 49830
81879 77732
81891 57537
81891 61540
81892 19548
81892 84340
84340 19548
81913 31134
81914 62367
81920 81354
81922 25345
81926 8316
81955 22208
81956 23526
81958 9447
81958 54147
81966 10333
81966 52819
81974 85996
85996 81974
81976 92601
92601 35976
92601 47688
92601 81976
81979 86832
81980 40265
81980 65412
92480 81983
81985 81167
81995 24465
81995 82206
82001 74397
82004 54147
82009 5340
82009 72106
82009 85924
82016 24766
82019 53150
82032 5930
82035 70626
82055 49393
82060 98817
82065 61401
82071 92332
82077 23086
82083 13372
82086 85198
82086 97426
85198 82086
85198 97426
82099 16635
82109 35573
82109 42487
82109 50206
82115 57224
82119 13238
82120 72305
82120 90919
82120 94041
94041 72305
94041 90919
82123 57849
82123 64490
82126 3704
82131 39993
82131 49218
82133 86621
82141 10742
82154 8385
82160 41909
82164 77403
82166 955
82168 54147
82173 82819
82819 82173
82174 50496
82177 47297
82180 58763
82198 45629
82198 56558
82205 0
82205 11342
82207 92617
82208 81672
82209 70472
82212 52730
82215 87039
82227 67397
82229 62701
82230 41909
82231 30240
82231 91827
82233 17026
82233 75062
92551 82238
82253 19398
82259 21682
82265 19914
82265 90945
82266 7314
82268 26927
82268 48757
92374 82278
82279 508
82279 70616
82279 98187
82280 3807
82280 26360
82280 42354
82286 54147
82286 70418
82289 58539
82290 90821
82290 93517
90821 73932
90821 93517
93517 89207
93517 90821
82292 31968
82292 49005
82297 33999
82297 57791
82299 74123
82301 9339
82305 41909
82306 74600
82310 20194
82317 67397
82318 54147
82324 32181
82330 15046
82337 44820
82341 43669
82341 95810
82343 34049
82354 58539
82364 97172
82371 57791
82373 18514
82376 38752
82378 23308
82378 35555
82378 72517
82379 29327
82379 32163
82381 64432
82381 99250
99250 64432
99250 82381
82386 41909
82389 60871
82392 3170
82392 20514
82392 97324
97324 3170
97324 20514
82393 34525
82394 1400
82394 67614
82410 12435
82410 64866
82410 73454
82415 22007
82416 27687
82419 37459
82419 82979
82421 57791
82424 52308
82435 28141
82435 53972
82436 7321
82436 37167
82436 51425
82444 74363
82448 1471
82452 48691
82453 7314
82456 74397
82460 7314
82463 21682
82463 83977
82464 83513
82464 95536
83513 95536
95536 83513
82466 9810
82470 62701
82474 83975
82480 17982
82488 50732
82492 99251
82495 83816
82496 20288
82501 78244
82502 47804
82503 54359
82505 4547
82509 13499
82509 33206
82513 37575
82519 48437
82523 33672
82523 49993
82524 98099
98099 82524
82526 64858
82539 74397
82540 57791
82545 66101
82547 7314
82549 43792
82551 27497
82561 9810
82562 27588
82571 14876
82575 86204
82580 36292
82582 17412
82586 21682
82589 10333
82589 52819
82598 19906
82599 99256
99256 82599
82602 95463
82603 85495
82605 68713
82607 7663
82607 23858
82607 36945
82609 44780
82612 47305
82612 88760
88760 54997
82620 67537
82622 56677
82628 42241
82628 73500
82630 9533
82630 80626
82634 13079
82637 4652
82637 57306
82643 86898
82649 12420
82655 943
82662 21682
82662 83977
82669 10010
82674 2982
82674 57286
82679 62821
82680 30707
82680 91881
82682 35761
82682 81853
82688 68825
82694 3047
82694 7225
82697 54802
82702 2503
82702 34208
82702 83134
82714 91271
82715 72421
82724 1406
82724 70281
82735 31785
82735 96012
96012 31785
96012 82735
82739 2986
82744 78244
82756 66392
82786 41909
82805 50518
82811 77339
82816 12958
82842 47956
82842 63374
82843 19455
82843 98598
82844 231
82847 41909
82848 25392
82848 33105
82848 75116
82851 8989
82857 32163
82857 48888
82858 11901
82870 86621
82872 31068
82880 25858
82884 87581
82885 13771
82886 36292
82910 16785
82915 71
82924 14690
82924 27715
82930 5332
82932 68466
82934 4763
82934 40751
82945 4898
82945 7575
82948 73716
82950 60673
82952 64872
82952 98332
82955 3170
82955 20514
82971 42458
82985 78579
82985 91877
82991 34849
82991 84994
82995 84827
82998 16660
83002 4547
83002 17326
83004 473
83004 52390
83005 94348
83009 25290
83009 53705
83024 65310
83025 42703
83038 52099
83044 30847
83048 95008
83049 14499
83051 30233
83052 827
83052 32163
83052 53349
83052 63332
83058 87685
83063 69733
83069 8316
83075 77959
83079 8316
83083 74397
83089 83801
83801 83089
83104 44572
83122 99049
83123 74830
83131 9329
83136 89496
83137 34142
83137 65977
83138 32635
83142 30342
83142 90504
83144 32163
83147 79997
85412 82206
83152 39842
83153 5005
83155 68745
83158 26930
83161 38543
83162 65748
83162 87458
83162 99499
83164 25066
83165 57791
83167 97117
83168 8316
83170 35954
83170 42144
83171 15840
83171 32163
83171 48888
83172 80749
83174 27419
83178 48435
83180 43792
83182 83186
83189 41909
83189 73696
83190 28172
83200 58375
83201 8735
83201 74397
83206 62680
83207 43792
83210 4547
83210 17326
83220 22964
83220 42114
83233 18500
83233 43523
83236 96187
96187 1933
96187 7454
83241 25919
83241 86111
83254 86078
83259 56922
83259 77848
83260 2753
83260 92180
83262 92405
92405 9268
92405 83262
83264 10083
83264 20608
83264 37510
83264 51829
83264 59352
83264 68874
83264 76804
83264 81090
83267 74397
83279 48406
83279 55793
83280 13771
83283 11614
83290 5314
83295 34312
83297 40327
83299 6529
83300 24397
83305 18408
83313 55122
83314 91486
83315 16868
83317 59207
83326 88397
83326 91244
88397 83326
88397 91244
91244 83326
91244 88397
83327 90787
83330 85193
83330 97759
85193 83330
85193 97759
83331 33551
83331 59425
83334 60656
83334 70804
83351 7311
83351 40970
83356 38766
83356 85823
85823 38766
83360 21682
83360 83977
83363 86702
83367 7314
83367 49147
83368 2912
83368 69316
83370 8457
83370 31968
83370 44825
83373 70154
83373 83850
83381 52141
83383 32122
83383 72155
83400 74397
83401 11958
83407 78180
83416 85763
85763 83416
83421 62680
83422 30836
83434 63123
83440 73305
83442 99285
83446 28991
83446 34825
83446 63540
83449 45425
83451 28759
83458 35770
83458 86084
83460 67634
83470 20400
83473 81101
83473 98968
83474 70934
83475 32190
83475 33016
83475 71446
83480 78244
83486 8989
83489 91035
83491 18850
83495 17930
83495 86042
86042 17930
86042 83495
83497 52416
83497 54102
83515 21819
83526 74400
83527 62367
83527 81624
83528 35267
83532 86215
83533 93375
93375 3040
93375 60073
83534 35964
83534 54796
83535 90488
83538 68374
83539 51377
92387 83542
83545 68175
83547 3813
83547 14704
83547 32418
83547 66405
83553 24465
83560 62377
83560 89440
89440 62377
89440 83560
83561 2259
83561 7184
83561 44972
83563 16910
83566 4249
83567 3170
83567 20514
83567 97324
83569 1536
83570 15034
83570 25721
83578 51614
83584 42469
83599 80626
83601 57068
83604 80626
83605 7314
83607 62729
83608 21682
83611 1149
83611 62567
83616 44688
83621 8653
83630 36292
83636 25907
83646 17418
83647 29981
83647 33546
83647 36292
83647 66614
83647 82481
83652 711
83669 50933
83674 94657
83677 67634
83678 65732
83678 66742
83678 74209
93654 83679
94073 83679
98140 83679
83690 49786
83691 44252
83693 34632
83693 73602
83696 63279
83697 55007
83701 93843
83705 72872
83705 95592
83707 86078
83709 92778
92778 83709
83716 14672
83721 7314
83722 4635
83722 29459
83723 49987
83728 32509
83732 30185
83739 4645
83739 58430
83739 69949
83741 53939
83754 25393
83754 54147
83757 4547
83765 5314
83766 67431
83775 8316
83777 32163
83777 35447
83787 1068
83790 20293
83790 55152
83794 39878
83794 50677
83800 49784
83800 93868
83804 11548
83805 31068
83805 65665
83806 43232
83810 27355
83810 87234
83813 96123
83815 3482
83815 95565
95565 3482
95565 83815
83825 9597
83825 41909
83825 60980
83829 57485
83830 27974
83830 41284
83835 53037
83835 53468
83835 55793
83835 58118
83846 31181
83846 71414
83846 82486
83847 67190
89960 70154
89960 83850
83855 91710
83862 95605
95605 83862
83864 67634
83866 42698
83866 81760
83867 1298
83867 7124
83867 14592
83867 15999
83867 37262
83872 32163
83872 48888
83879 41321
83883 60634
91617 1673
91617 83884
83887 57791
83891 72360
83893 46630
83895 50286
83896 94043
94043 83896
83897 73402
83899 79899
83902 96629
83907 54358
83908 14041
83908 98208
83909 57791
83912 25502
83912 30099
83912 48001
83918 86204
83923 78244
83924 89232
83929 43792
83940 36366
83948 16446
83948 91467
83958 71205
83959 57791
83964 47047
83972 41788
93241 83975
83979 17412
83979 36935
83980 88727
88727 83980
83987 7314
83988 56459
83994 6559
83994 7334
83994 29860
83994 52540
83997 4425
83997 39106
83997 76058
84007 34849
84007 81500
84007 84994
84008 89658
89658 84008
84011 64737
84017 57791
84029 46817
84030 8316
84031 4864
84034 36292
84036 1876
84036 68245
84038 37107
84041 84548
84047 6236
84048 46237
84049 25717
84049 50518
84049 73190
84049 74150
84051 77861
84061 68938
84064 88840
84073 4005
84073 59454
84073 64552
99628 78523
99628 93844
84075 14920
84077 38571
84078 96317
92728 19877
92728 31463
92728 40780
92728 46417
92728 49502
92728 66029
92728 76104
92728 82367
92728 95089
84081 49911
84085 83761
84088 72106
84089 31288
84090 78489
84095 71555
84097 63568
84098 44966
84098 56465
84101 25441
84101 68637
84102 73522
84111 68506
84123 8316
84124 1398
84132 59788
84133 84522
84134 23422
84134 34055
84138 52032
84141 17043
84141 84923
84143 8316
84144 943
84147 94918
94918 84147
84154 40372
84154 53223
84156 18530
84159 4635
84159 29459
84171 70464
84175 55327
84175 61061
84180 21682
84182 16910
84183 6306
84187 68733
84188 75305
84193 80626
84199 76436
84203 6771
84208 61820
84210 35069
84210 56378
84210 78158
84210 93403
84212 31180
84214 68466
84228 17547
84228 47927
84231 8527
84236 91933
84236 98397
84238 55929
84239 70061
84242 55642
84242 79620
84246 92173
92173 84246
84252 64023
84262 31068
84262 73258
84264 62701
84266 77339
84276 78244
84277 5314
84278 88359
88359 84278
84288 86239
84288 89528
84291 34411
84294 41909
84296 2982
84296 57286
84297 98549
84303 5252
84303 22280
84304 29085
84306 23647
84313 29281
84324 12965
84324 44902
84327 80311
84327 84079
84328 98231
84331 60543
84333 41909
84337 32597
84337 35952
84337 36919
84351 27532
84351 58503
84356 64547
84359 32163
84368 5088
84368 10333
84368 43217
84368 52819
84378 62619
84378 66014
84378 82576
84383 36940
84383 66879
84384 84267
84387 18331
84388 74397
84395 41909
84396 2028
84396 8285
88583 84399
84401 10453
84406 943
84407 62929
84418 6078
84418 57794
84426 48489
84433 21359
84437 81760
84443 13909
84443 52325
84444 4547
84447 5766
84447 21039
84455 59654
84459 73402
84467 49925
84474 8779
84474 66905
84475 34849
84475 84994
84484 32163
84486 55132
84486 78144
84487 14175
84487 16868
84487 61807
84493 5005
84493 15116
84493 67837
84508 28123
84514 4635
84514 29459
84517 18500
84520 74510
84520 83235
96843 55663
84535 55121
84537 25186
84542 51683
84545 6236
84545 64112
84552 57791
84555 21722
84562 827
84562 32163
84562 75700
84566 81069
84567 23052
84568 81993
84574 1189
84574 41909
84574 73513
84574 96530
84576 976
84576 62078
84585 20011
84585 40983
84590 4240
84590 57791
84592 36292
84597 98058
98058 67313
98058 73813
84607 40646
84614 78906
84614 87306
84614 99896
94523 42324
94523 81242
94523 84616
84617 14121
84622 76194
84622 99905
84623 85372
84624 17412
84641 83435
91133 7310
91133 82943
84650 24281
84655 8316
84661 32163
84661 48888
84663 5252
84663 22280
84666 80712
84666 98046
84667 18500
84667 97188
97188 18500
97188 84667
84674 38702
84677 83216
84684 64324
84684 99922
84687 32163
84697 93301
84703 68191
84706 14145
84714 66435
84715 96277
84720 45425
84721 3339
84724 89289
84729 955
84732 58537
84732 85694
84755 58224
84756 94657
84761 43339
84762 16877
84762 45503
84763 34838
84763 83541
84768 53023
84769 32718
84769 75562
84770 9117
84770 16687
84770 49432
84772 34434
84772 43940
84773 20966
84773 60764
84773 75802
84773 88002
88002 60764
84777 31305
84777 39473
84781 59484
84785 30941
84785 83444
84791 30551
84791 88417
88417 84791
88417 93095
84800 66667
84802 32163
84802 48888
84803 57580
84803 69020
84806 39364
84808 41909
84808 69628
84808 89072
84811 50450
84818 8316
84835 21682
84835 90753
84835 98108
84841 45425
84844 45425
84860 24424
84874 40762
84874 93918
84877 95090
84881 27369
96096 84883
96096 93277
84884 88564
84886 6433
84886 37499
84887 37236
84887 80944
84893 38949
84895 44972
84902 39744
84904 70591
84906 90531
90531 7235
90531 84906
84908 16868
84920 6236
84933 46438
84933 70495
84935 45425
84942 7314
84957 804
84959 99210
84967 38241
84975 44040
84977 17412
84980 12108
84980 38359
84981 9428
84983 99717
84985 63199
84988 42916
84988 79984
84989 11013
84989 54359
84991 26048
84991 52009
84991 61667
84991 65331
84991 81541
84996 86714
84997 3822
84997 30230
84997 87681
84997 88090
84998 75593
85005 16868
85008 95475
95475 85008
85011 37187
85014 87685
85019 73088
85020 56591
85023 10777
85039 2593
85039 33438
85045 93867
85049 36464
85049 91322
85053 45425
85060 62680
85077 28760
85084 34213
85106 67397
85111 78244
85111 88863
85112 99733
99733 85112
85115 11780
85115 53964
85124 56650
85133 85316
85316 85133
85137 31900
85138 39744
85141 63311
85142 86032
86032 85142
85144 90549
85144 95612
90549 85144
90549 95612
95612 85144
95612 90549
85151 87835
85154 37107
85156 49583
85163 18569
85168 58801
85177 77547
85181 9810
85181 32612
85181 82689
85196 34642
85196 83755
85200 33107
85200 60543
85201 80871
85207 2982
85207 57286
85207 97108
85217 25308
85217 33543
85221 48436
85224 71542
85229 56484
85229 99619
85231 83709
85237 47233
85249 41333
85254 54997
85261 57763
85261 92901
92901 57763
92901 85261
85279 16545
85279 41909
85279 73696
85285 58241
85285 81649
85286 35346
85290 37168
85290 43011
85290 75481
85299 91255
85303 32302
85306 21682
85306 28248
85310 71426
85310 94338
85320 74397
85320 97720
85326 19957
85326 72111
85329 54657
85334 69323
85334 72043
85334 97864
85338 19936
85338 71490
85340 34049
85344 56283
85345 23526
85345 50401
85352 89187
89187 85352
85354 34277
85357 31108
85362 87109
85362 87638
87109 85362
87109 87638
87638 85362
87638 87109
85384 77593
85386 84062
85390 5888
85390 48507
85390 93402
85393 62365
85397 8316
85404 51575
85404 66029
85404 74207
85404 86118
86118 54375
86118 85404
85413 85612
85612 85413
85418 65940
85419 28242
85425 47284
85427 82834
85429 24976
85429 72414
85432 57145
85432 85817
85817 57145
85433 36292
85442 30637
85443 14672
85456 22128
85456 71633
85466 84522
85467 7314
85480 68147
85480 97721
85485 94548
85486 4763
85487 8316
85491 28246
85491 61319
85491 77083
85493 34410
85493 51690
85493 65313
85496 21042
85498 28768
85498 64096
85501 97320
85503 17779
85505 58807
85509 89652
85510 3170
85510 20514
85515 30836
85515 97655
97655 7162
85519 41909
85521 8316
85524 45500
85530 77995
85549 54147
85553 74397
85556 78244
85559 2272
85559 88911
85562 20046
85562 55650
85562 89471
85568 10224
85571 4993
85571 53218
85571 90304
85579 52971
85579 53918
85581 47297
85584 19352
85584 59653
85588 13073
85588 84208
85606 36292
85606 65615
85607 70371
85615 99360
99360 39818
85616 4547
85617 60842
85619 17779
85629 56677
85630 25906
85634 24340
85634 41909
85638 32163
85638 48888
85641 69957
85649 43792
85649 60237
85656 32230
85656 79814
85663 22159
85676 44538
85676 90551
85684 31625
85684 68356
85687 70301
85687 93672
91477 85694
85695 78833
88868 85697
85699 78100
85703 84522
85705 48865
85705 75888
85705 95900
95900 50639
85715 94362
85729 32163
85729 47823
85729 48888
85729 56919
85733 7314
85740 43760
85740 79663
85746 1791
85758 45425
85759 43792
85762 44572
85764 48154
85774 42174
85783 57791
85783 88283
85784 79050
85790 23006
85812 67634
85818 1426
85818 97845
85825 23103
85825 76132
85825 99932
85834 7314
85836 8429
85836 46476
85838 48544
85845 6236
85850 74397
85851 7314
85853 13007
85854 78399
85856 36024
85856 54412
85864 54591
85871 21528
85871 23891
85871 63167
85874 14935
85874 29278
85876 1532
85876 91228
85876 96298
85876 97436
85878 3672
85880 78244
85886 95090
85891 3679
85891 28172
85893 23086
85898 79554
85899 66615
85899 96836
92471 54147
92471 85902
85911 5106
85912 32163
85912 47823
85912 48888
85917 50732
85918 18447
85920 75698
85933 32163
85933 40191
85938 2179
85938 23005
85940 61576
85947 64624
85948 23526
85956 83809
85958 74397
85960 31108
85966 55580
85970 78244
85971 7314
85973 85608
85976 32901
85976 52816
85977 35346
85984 17667
85984 35956
85984 45491
85989 7314
85989 67392
85993 5766
85993 7882
85993 21039
85993 56686
85993 64119
85993 93826
85998 6438
85998 47795
85998 63671
86001 27724
86006 66879
86012 97175
86015 58656
86018 69868
86021 38048
86022 39733
86030 58689
86030 82406
86033 32163
86033 48888
86037 93529
86038 88619
86038 97304
88619 86038
88619 97304
97304 86038
97304 88619
86044 7314
86046 53216
86061 7314
86063 22739
86067 44862
86068 57682
86075 26337
86087 70792
86094 0
86094 11342
86094 38716
86096 12452
86096 33673
86096 57791
86098 24644
86100 7666
86100 17201
86100 70261
86102 31969
86103 37911
86104 61511
86108 4547
86112 8316
86113 72139
86116 88386
86121 12246
86121 60887
86123 5236
86126 36414
86131 90311
86133 1049
86133 93721
86139 69060
86139 91915
86142 32163
86142 48888
86143 32163
86143 40191
86144 94657
86149 7314
86149 90539
86149 97283
90539 7314
90539 86149
86150 50301
86150 78630
86154 34039
86155 24147
86156 89448
86156 93319
93319 86156
93319 89448
86157 6939
86157 12020
86178 38532
86178 45425
86182 31503
86183 71174
86184 27588
86193 16437
86193 65513
86196 61743
86200 49080
86200 92026
86200 93098
92026 72345
86201 44152
86201 62252
86210 8316
86210 32163
89383 86215
86218 1323
86223 32184
86227 7656
86230 24478
86231 32163
86231 57791
86248 43682
86248 49120
86248 81135
86250 6556
86252 90129
90129 86252
86263 98658
86267 36754
86273 47297
86274 81947
86275 62701
86281 9301
86282 66506
86286 86084
86294 54147
86307 7311
86308 27488
86311 74231
86315 43178
86315 64503
86320 96771
96771 86320
86323 16819
86323 47355
86331 74397
86333 11067
86333 33560
86336 86299
86342 77468
86343 39822
86343 98015
86346 82685
86350 7314
86358 72166
95064 74397
95064 86362
86363 93333
86363 96033
93333 86363
93333 96033
96033 86363
96033 93333
86365 49987
86366 1532
86366 91228
86366 96298
86366 97436
86369 45425
86372 70061
94663 86402
86405 22231
86405 50950
86412 6127
86420 95983
86438 91841
86448 34556
86448 64535
86450 33194
86456 7531
86456 90786
86458 4967
86458 66124
86459 43191
86475 40852
86482 29344
86482 80532
86483 64969
86486 25808
86486 80510
86489 57693
86494 88858
86505 10777
86506 35902
86506 41909
86506 56563
86506 79082
86511 48751
86514 75779
86516 56174
86516 64545
86517 58112
86517 71408
86521 97085
86521 98631
97085 86521
97085 98631
86524 68520
86524 84440
86532 30977
86540 40674
86540 49124
86540 95001
86549 2285
86549 26273
86549 71755
86550 84491
86551 99103
99103 86551
86561 57791
86561 68488
86569 57791
86569 68488
86573 19017
86573 88940
86574 67397
86576 87621
87621 86576
86579 46235
86579 89660
86592 29659
86593 66300
86595 7553
86595 36598
86599 10158
86599 49119
86602 8197
86606 674
86606 88907
86608 5314
86609 67386
86616 11789
86616 31968
86618 56484
86618 99619
86626 2819
86630 79157
86635 50732
86637 79050
86638 29143
86643 16217
86643 56481
86645 60793
86646 943
86651 39204
86651 67015
86656 91914
86660 39845
86665 57791
86665 68488
86676 59788
86690 22411
86710 83750
86711 10025
86715 23526
86717 97511
97511 86717
86718 89183
86723 88525
86729 57485
86729 89575
89575 57485
86730 19268
86730 20603
86730 66029
86733 30847
86739 1536
86740 32163
86740 48888
86747 65326
86748 51979
86748 57598
86748 57791
86756 41909
86761 62577
86765 45399
86765 68245
86766 943
86767 35066
86773 7131
86773 54147
86773 77436
86781 83354
86800 90255
90255 86800
86806 52930
86810 47995
86810 64096
86816 8011
86816 57791
86817 60876
86821 15889
86830 1515
86830 26253
86831 22128
86834 35362
86834 86931
86931 35362
86931 86834
86846 54147
86851 76425
86855 70817
86855 86629
86859 1197
86859 67197
86873 17723
86876 7996
86888 94413
86892 90770
86893 70053
86897 43792
86903 50941
86903 57791
86903 58331
86905 13996
86905 32163
86905 33185
86905 39682
86908 60726
86914 28289
86914 43476
86918 65827
86919 8316
86924 97283
86932 4763
86938 41909
86939 87338
87338 56036
87338 64343
86949 81328
86951 211
86958 44792
86961 8441
86961 47355
86962 65358
86962 71676
86962 88889
88889 5005
88889 15116
88889 67837
86968 32163
86968 48888
86975 70306
86976 40795
86976 87171
86976 98329
86983 73521
87000 10750
87000 41770
87006 3160
87010 43792
87011 21679
87017 29884
87017 57691
87023 31961
87023 67399
87023 75025
87023 86084
87033 21604
87036 74397
87037 17332
87041 14672
87042 71896
87046 57537
87046 61540
87047 22128
87049 5005
87049 15116
87049 67837
87049 95997
87058 5202
87067 47512
87071 26048
87071 52009
87071 61667
87071 65331
87085 280
87099 48509
87101 83139
87101 96859
87103 49021
87106 52030
87108 10112
87113 46011
87116 42218
87117 23526
87130 19995
87130 90090
87131 6784
87135 62680
87140 1397
87149 57950
87149 60709
87155 15229
87155 97540
88107 47431
88107 87239
87170 20543
98979 98329
87178 74397
87179 52859
87180 24584
87180 92615
87182 90644
90644 87182
87184 35956
87184 71212
87186 52186
87190 9366
87190 61576
87190 85940
87191 69323
87191 97864
87195 77164
87198 73756
87208 55197
87213 92548
87220 62701
87222 12481
87227 3798
87228 18392
87228 96938
87232 22310
87232 23783
87232 61465
87232 77411
87232 95648
87232 96436
96436 22310
96436 55004
96436 77411
96436 78934
96436 95648
87240 6709
87241 52177
87244 16981
87244 87763
87245 81150
87247 87432
87432 87247
87254 63007
87255 58439
87255 74904
87259 72129
87263 93629
93629 87263
87274 885
87274 9134
87274 88763
87279 73131
87279 79530
87288 46102
87288 57585
87291 68777
87292 30136
87293 74691
87293 97703
87294 55991
87301 14750
87301 73642
87301 74795
87301 76969
87305 29061
87314 12067
87315 23755
87319 71662
87328 97283
87330 61532
87330 64114
87339 8836
87339 30086
87340 57791
87346 797
87351 69537
87351 82172
87353 15259
87353 76023
87362 4635
87362 29459
87363 53505
87366 85428
87370 89206
87370 96197
87371 53852
87371 57249
87399 72789
87399 84117
87420 45179
87433 17667
87435 27019
87435 55942
87437 31180
87442 94007
87446 1826
87446 13786
87449 30523
87452 6601
87452 44376
87452 91035
87452 95754
87457 82206
87463 66448
87471 43792
87472 11160
87472 36235
87473 38005
87483 77504
87487 96032
96032 87487
87498 24581
87499 2028
87499 21682
87502 41909
87503 34011
87503 71644
87507 32163
87507 48888
87509 409
87511 52434
87511 74290
87513 2304
87513 33049
87520 2982
87520 57286
87520 85513
87523 35754
87523 65835
87524 29938
87524 46701
87525 52730
87525 60234
87528 82920
87532 23423
87533 80533
87535 1917
87536 7314
87536 56456
87536 96974
87560 57791
87563 2941
87563 22666
87566 18500
87568 95090
87583 94657
87588 569
87593 6771
87593 64446
87609 38808
87614 32163
87620 13710
87629 74397
87633 85372
87635 20101
87649 12959
87655 14465
87655 62377
87658 58765
87668 93270
93270 67757
93270 80657
87677 28215
87678 42136
87689 37826
87694 18226
87695 76969
87697 64868
87697 71858
87711 14672
87712 943
87722 36151
87735 62377
87735 87655
87738 74397
87749 16579
87749 37146
87759 8837
87759 32812
87786 46639
87789 67857
92014 9025
92014 51689
87791 74733
87793 31305
87793 37899
87796 947
87796 16564
87805 6111
87810 92284
92284 87810
87811 73402
87814 16332
87816 19455
87816 98598
87817 79050
87822 85413
87822 85612
87826 50020
87834 7314
87842 49987
87844 73590
87847 74397
87848 41909
87850 86204
87854 20612
87863 19630
87863 91700
87868 7321
87868 83363
87878 10683
87882 9810
87882 81088
87904 7235
87912 14672
87914 41909
87914 62741
87920 63610
87921 7314
87925 23713
87934 48049
87939 85372
87942 54147
87960 7538
87960 24871
87967 718
87967 36292
87967 92024
92024 718
92024 36292
87972 16910
87975 65558
87977 18520
87977 34215
87978 78833
88000 211
88000 86951
88009 68818
88010 32163
88010 47823
88012 27936
88013 83291
88014 7620
88014 60269
88014 72362
88014 81916
88016 36292
88016 65716
88021 16604
88021 74858
88023 30434
88026 89686
89686 88026
88032 4341
88033 21250
88034 90621
88034 93477
88037 2527
88037 25326
88037 99510
88045 43792
88049 15729
88049 89245
88054 21682
88054 43110
88054 66535
88054 91509
91509 21682
91509 43110
88064 97299
97299 88064
88066 17403
88066 91907
88068 33645
88073 3697
88073 79248
88076 65611
88079 93301
88750 88087
88088 87026
88088 91908
88089 58212
88091 99410
88094 79239
88097 94657
88103 12685
88103 32163
88103 48888
88106 58321
88108 83093
88109 11565
88110 88194
88116 16338
88116 62282
88117 62701
88124 29515
88124 63715
88125 65645
94960 63534
94960 67599
88133 14323
88133 93762
93762 31180
93762 45898
93762 69388
88139 54147
88143 85372
88145 54147
88150 83999
88155 47470
88158 56484
88158 99619
88160 59316
88160 70139
88169 44270
88174 6426
88174 73352
88174 76539
88182 17667
88186 16877
88186 45503
88188 60688
88189 4114
88189 46044
88191 64096
88195 45699
88195 58037
88201 1532
88201 96298
88201 97436
88203 39018
88208 92346
88213 57791
88221 47470
88225 69264
88228 74397
88231 10618
88231 28273
88231 40075
88241 43792
88252 30837
88252 53594
88253 17858
88253 25316
88266 18254
88266 40092
88277 74319
94639 51880
88289 55793
88290 11643
88295 68466
88300 4558
88300 42592
88300 69046
88300 83025
88303 30350
88303 35994
88303 51403
88303 54924
88303 95469
95469 35994
95469 51403
95469 54924
88311 875
88311 69756
88330 32163
88330 48888
88332 9573
88336 40806
88351 943
88378 77135
88379 22724
88379 51760
88387 36292
88391 30837
88398 12372
88404 58773
88411 32163
88411 48888
88414 32718
88414 75562
93095 88417
88429 31786
88433 15683
88437 2549
88437 29271
88439 75470
88440 17667
88441 4027
88444 97175
88457 18392
88457 96938
88472 89776
88476 21682
88477 62377
88479 66313
88484 92913
92913 88484
88502 81171
88504 60843
88509 1826
88509 62142
88514 81513
88517 74005
98177 91370
88526 88756
88527 41548
88528 42456
88529 53180
88533 48855
88535 80626
88536 80634
88544 83216
88545 9492
88546 7818
88547 79333
88549 15439
88549 31746
88549 37303
88549 45996
88549 52872
88557 31564
88561 34431
88565 39364
88565 95559
88568 72331
88574 95941
88575 45425
88582 62701
88585 37146
88587 36496
88587 42440
88587 74397
88590 40493
88605 75401
88612 4898
88612 7575
88622 83758
88627 4131
88632 75122
88637 60842
88641 8687
88641 57791
88644 97175
88647 74523
88650 58259
88655 7418
88657 65547
88666 48692
88667 8316
88667 78218
88672 57791
88674 41955
88682 34287
88682 62680
88682 63416
88687 48023
88691 27205
88698 43792
88703 11566
88711 22204
88711 78814
88713 16373
88714 22430
88718 2745
88723 18583
88723 33966
88726 52434
88726 74290
88726 84420
88735 4547
88739 23088
88739 45619
88739 49216
88749 5973
88749 7916
88749 72305
88752 24906
88771 41909
88783 50207
88783 50436
88784 76643
88784 92422
92422 88784
88788 10400
88791 77249
88793 48161
88793 78780
88794 48749
88794 83646
88800 40937
88800 82978
88802 24836
88808 31981
88820 7314
88820 14107
88826 68245
88833 30941
99811 46932
99811 88840
99811 97728
88846 3580
88846 56464
88848 7314
88848 67392
88850 1173
88850 73394
88851 65118
88856 81425
88867 96197
88870 7319
88874 17667
88874 66392
88875 84522
88876 6111
88878 11482
88878 64246
88878 88643
88879 23862
88879 57791
88879 68488
88887 54830
88887 69102
88888 31779
88888 39195
88888 62812
88894 58437
88894 97433
88903 21387
88908 32512
88910 7314
88910 90822
90822 7314
88916 48308
88923 718
88923 36292
88923 67467
88923 78952
88927 39588
88934 28176
88936 5314
88939 15083
88939 37505
88939 83039
88945 35573
88947 45425
88951 40856
88951 43156
88954 80934
88955 54147
88957 21682
88962 36292
97857 41299
97857 63121
97857 88970
88971 20075
88971 49494
88971 58246
88973 35459
92020 2507
92020 88976
88987 2912
88987 69316
88990 22128
91828 88993
88996 58539
88996 63451
88997 4547
88997 93380
88998 56200
88998 99379
89003 8547
89003 54446
89005 25028
89006 71970
89006 90066
89008 29043
89011 72280
89013 54147
89015 23761
89024 22231
89024 50950
89034 31774
89034 62652
89038 64142
89038 69528
89039 96370
89046 89206
89046 96197
89059 51496
89078 16545
89078 41909
89078 73696
89079 53045
89083 6236
89084 18545
89084 89850
89850 18545
89850 89084
89085 12958
89085 49213
89086 53023
89090 1170
89090 80214
89094 95090
92099 89106
89108 57791
89109 61969
89109 65829
89117 21682
89117 90728
89118 65216
89122 62701
89148 9810
89149 36873
89156 22310
89156 77411
89156 95648
89158 15802
89163 99579
94435 89168
89170 65414
89171 54787
89171 64956
89178 613
89178 12958
89181 57791
89189 37431
89192 97541
89197 60857
89209 85614
89213 61553
89215 91618
91618 89215
89219 38702
89220 73423
89221 67855
89233 32279
89233 41205
89233 44574
89233 48435
89233 82116
89235 49987
89236 18794
89240 943
89242 60575
89252 9198
89254 21682
89254 65827
89257 63408
89265 9810
89267 33194
89269 90060
90060 85593
89276 34525
89277 26124
89285 78810
89287 4760
89288 16210
89288 79983
89297 81902
89307 15554
89311 40461
89315 2033
89321 32701
89326 32163
89327 56754
89327 93902
89336 23005
89340 32163
89343 93301
89346 75048
89362 39894
89362 81941
89377 25680
89377 39706
89377 90686
89381 97862
89387 22793
89387 57040
89388 30427
89390 48976
89391 79964
89391 99462
99462 79964
99462 89391
89393 11822
89393 51683
89393 99095
89395 32163
89398 47468
89402 29992
89403 4547
89410 48414
91602 39367
91602 60736
91602 89411
91602 92860
89415 65010
89418 55286
89425 11874
89428 39916
89429 1406
89429 70281
89434 7380
89434 75135
89451 56650
89452 52416
89452 54102
89457 13643
89458 1826
89459 19669
89460 41909
89460 76161
89470 45047
89477 16217
89477 56481
89479 18331
89480 18408
89481 66915
89482 45699
89483 22740
89483 58205
89484 52059
89490 62680
89494 43713
94884 82500
94884 89496
89504 13792
89505 24995
89505 30208
89505 91847
89508 41299
89508 63121
89508 88970
89512 3813
89520 5314
89522 60002
89529 77854
89530 57628
89539 67393
89540 94657
89541 93115
89542 1536
89547 41909
89551 32859
89552 41909
89554 309
89556 41909
89558 10276
89558 55282
89558 75708
89568 5113
89568 72951
89568 85716
89568 92049
89568 98817
92049 24688
92049 35572
92049 55604
89571 95648
89573 68080
89578 59788
89578 99075
89590 81043
89601 77547
89614 73789
89618 31503
89618 40257
89621 20612
89621 51534
89630 79050
89634 16688
89634 28138
89635 92280
92280 5977
89636 85266
89642 40272
89642 63555
89644 24305
89646 836
89661 72345
89663 16547
89663 44597
89663 51040
89663 68465
89666 6002
89671 49400
89671 50402
89678 16664
89689 15293
89695 97120
89699 65547
89700 97693
97693 89700
89705 57211
89710 38246
89721 96923
89729 23960
89731 28876
89737 89487
89740 33756
89741 16868
89741 70907
89742 834
89742 53139
89742 97954
97954 53139
97954 74417
97954 89742
89743 25295
89747 65421
89750 38131
89750 62594
89752 3170
89752 20514
89752 82917
89753 97182
89756 8316
89760 16009
89764 211
89764 27022
89772 43143
89773 0
89777 16682
89777 28129
89777 49105
89787 41909
89787 52662
89797 54147
89803 38999
89804 69323
89804 97864
89807 1049
89807 93721
89811 78244
89813 57791
89836 63862
89849 67860
89853 57617
89857 36065
89858 19251
89862 16405
89865 71970
89865 90066
89866 47989
89869 84232
89870 55490
89870 66305
89875 67730
89882 24788
89882 30837
89882 48296
89891 54147
89896 35066
89898 79522
89901 5575
89901 42184
89903 31068
89904 31225
89908 8997
89913 17951
89913 18408
89921 91700
89936 62573
89938 97283
89944 16406
89948 15905
89948 19358
89950 97399
89953 32163
89972 32285
89976 71670
89982 7229
89982 7314
89982 34313
89982 52312
89982 52539
89982 76545
89982 86206
89984 88540
89985 6567
89986 63685
89995 32163
89995 48888
89999 20750
90015 49568
90016 10071
90020 27130
90032 62701
90033 59788
90036 5236
90056 91700
90068 16098
90068 79158
90077 78480
90081 67634
99744 38150
99744 90086
90094 88087
90097 1074
90097 84522
90098 382
90102 17495
90103 8251
90103 42925
90103 63800
90103 69197
90109 6256
90109 42276
90110 96021
90113 21187
90113 54393
90113 67237
90122 65067
90125 5314
90126 44440
90128 0
90128 11342
90128 15901
90142 43792
90149 21682
90153 99178
90163 16539
90163 55596
90166 66380
90166 96955
90175 763
90175 56749
90175 88224
90177 58224
90178 45179
90178 45391
90182 3387
90186 22007
90187 81101
90187 98968
90196 35391
90203 90893
90205 32163
90205 81970
90208 53447
90210 79451
90220 16558
90227 8316
90229 80293
90232 81242
90234 50697
90234 87845
90238 31407
90238 32952
90238 97985
90240 54147
90244 11443
90249 3339
90266 68825
90268 97514
97514 90268
90271 14228
90279 52688
90279 55209
90279 84161
90286 3768
90287 97788
97788 90287
90288 46329
90288 60543
90290 74945
90297 8234
90297 17004
90298 66392
90300 23
90300 97652
90312 81316
90314 39364
90326 23089
90326 38612
90326 61340
90327 2132
90328 64341
90337 41909
90337 57381
90341 67874
90344 29778
90344 54147
90344 56844
90347 75918
90362 31108
90363 55007
90365 14550
90369 47937
90369 81981
90377 32388
90377 34604
90390 5977
90402 69868
90411 87551
90413 20094
90421 280
90421 60558
90427 32163
90427 48888
90436 6567
90442 41909
90444 34049
90447 72957
90451 49922
90451 55316
90452 30836
90458 3054
90487 62367
90495 45297
90500 23873
90509 43603
90510 45405
90515 95756
90517 26927
90517 48757
90519 55870
90524 57496
90524 77450
90528 9250
90535 5634
90535 97780
97780 5634
97780 90535
90538 54387
90544 65561
90546 86621
90547 12481
90547 67090
90566 48015
90566 54147
90574 60725
90581 45155
90581 70049
90581 81587
90581 84446
90581 93736
90589 62821
90590 15994
90594 50286
90612 73505
90617 18408
90618 10025
90626 92728
90626 99929
90628 43035
90632 9533
90632 80626
90635 20747
90639 34193
90639 49503
90651 62701
90655 7314
90661 74510
90661 83235
90663 54147
90668 53543
90668 61684
90672 38808
90677 28588
90697 9785
90697 37475
90699 2027
90717 16210
90717 79983
90721 44445
90723 76681
90730 18021
90735 44966
90735 56465
90736 11573
90736 54384
90738 73402
90743 50544
90745 16868
90749 30956
90752 30836
90761 81947
90763 63763
90764 28759
90764 39934
90764 77927
90769 17128
90774 54789
90777 93111
90790 96726
90793 78708
90797 64313
90799 80293
90800 70787
90802 57733
90804 32163
90804 48888
90826 96912
90827 6771
90829 64695
90833 82951
90838 284
90838 9088
90839 18885
90846 62701
90852 55007
90853 42458
90854 62680
90856 26048
90856 52009
90856 61667
90856 65331
90860 43792
90871 95850
90878 7314
90885 11243
90896 75122
90897 57363
90897 80636
90898 43032
90906 87313
90906 91555
91555 20288
91555 89076
90907 59540
90914 87642
90914 93894
90918 61924
90918 79131
90922 13926
90928 28791
90929 84522
90933 27254
90933 81886
90934 1536
90936 32163
90936 48888
90937 52876
90943 38401
90943 79157
90944 22256
90956 85608
90957 91950
90961 12420
90964 32163
90964 48888
90971 11508
90971 17383
90984 6771
90993 91914
91020 31066
91020 63204
91020 68831
91023 97399
91030 35574
91030 40675
91031 3958
91031 15263
91031 32163
91031 48888
91031 79367
91031 86526
91032 57130
91034 89763
91053 3038
91053 20922
91053 57227
91053 88163
91067 8748
91067 12765
91067 31867
91067 34012
91067 93265
91071 25644
91071 75196
91074 41607
91075 47355
91089 26048
91089 52009
91089 61667
91089 65331
91096 5252
91096 22280
91098 6552
91098 69321
91100 52711
91103 49418
91107 21682
91107 65827
91121 58214
91127 67732
91128 43100
91128 43426
91129 13494
91134 36136
91135 15981
91135 59462
91135 78279
91135 88747
91139 34240
91140 6236
91140 64112
91154 69885
91159 84522
91161 50639
91161 89657
91163 53267
91163 64354
91166 53087
91168 65326
91168 91517
91517 65326
91171 91493
91177 16496
91177 33724
91178 91182
91178 99649
91182 91178
99649 91178
91179 7314
91185 8316
91202 53312
91203 59788
99077 91204
91214 5921
91222 52730
91222 60234
91232 16442
91232 65829
91235 97300
91236 59020
91256 35218
91258 4763
91259 22798
91259 94657
91263 63741
91264 6236
91264 64112
91268 3171
91269 31627
91269 44381
91274 94209
91287 22257
91289 78896
91294 12526
91302 75139
91306 10009
91310 39364
91317 13478
91326 93555
91326 97759
93555 91326
93555 97759
91332 38532
91332 45425
91334 5005
91334 15116
91334 67837
91358 18408
91364 70589
91370 98177
91371 50284
91374 84522
91376 91914
91377 83547
91381 7232
91381 52102
91381 80211
91381 92269
91387 40312
91387 91396
91393 48749
91393 86299
91405 24220
91405 44688
91407 72414
91412 14672
91414 5079
91414 10457
91414 15883
91414 21682
91414 76425
91418 21682
91418 96141
91418 98783
96141 21682
96141 91418
96141 98783
98783 21682
98783 96141
91419 94786
91427 55081
91435 86526
91435 86621
91440 26666
91440 63308
91455 64778
91456 83477
91476 50400
91476 90613
91481 19691
91481 35230
91481 55107
95759 2914
95759 38925
95759 91482
95759 97759
91489 51723
91492 97314
97314 91492
91498 44945
91498 64866
91500 1536
91501 81315
91503 6682
91506 73826
91507 49629
91510 30233
91511 87685
91520 59774
91521 74397
91527 21078
91533 36292
91533 62158
91537 36395
91537 75010
91538 48988
91538 71412
91542 7314
91543 12016
91546 16285
91553 19333
91556 57791
91578 82710
91580 9111
91581 35662
91583 5435
91589 19572
91589 41299
91589 88970
91591 54570
91592 1515
91592 26253
91593 81328
91594 8316
91594 25331
91594 85398
91598 90893
91623 28123
91624 4898
91624 7575
91625 7131
91625 54147
91625 77436
91627 48733
91635 55122
91636 41909
91651 49583
91652 17921
91662 45425
91663 74397
91668 92108
92108 91668
91676 6848
91691 2389
91691 40652
91691 41909
91695 24872
91702 13502
91708 38596
91709 81986
91711 33568
91711 45831
91711 66724
91712 37186
91712 98759
91716 5864
91727 96443
96443 91727
91730 95323
91768 45425
91775 45425
91778 5820
91778 54003
91778 86299
91782 17953
91782 35024
91799 6775
91799 47265
91799 92942
91807 0
91807 38716
91811 23526
91824 4625
91824 61213
91825 54147
91836 4738
91836 27484
91837 97331
97331 35440
97331 91837
91853 91327
91856 88763
91860 54147
91860 56844
91860 88036
91886 32163
91887 29320
91897 83113
91899 98173
91905 59430
91909 94211
91911 20944
91912 14576
91916 7314
91924 30949
91927 79997
91929 38253
91930 13935
91930 14916
91936 56044
91938 18326
91938 83376
91938 93290
91941 2937
91945 35490
91945 37729
91945 61009
91954 30837
91954 53594
91957 37743
91957 90760
91960 29681
91962 2072
91970 41909
91970 71325
91971 16868
91976 29623
91976 36601
91976 61810
91980 13620
91980 31893
91985 69264
91990 87147
91994 62701
91996 11543
91996 69742
92000 80626
92016 49950
92029 51040
92029 68465
92039 29340
92039 68382
92039 84765
92040 16679
92040 43935
92045 45125
92047 48408
92048 8316
92054 31302
92054 83435
92060 6827
92068 44977
92073 87322
92090 8457
92090 31968
92100 51683
92102 22432
92102 25691
92107 7131
92107 54147
92107 77436
92109 23526
92111 97388
97388 92111
92131 1674
92134 24438
92134 90490
92137 84289
92152 9773
92152 15143
92152 21982
92152 23068
92152 23383
92153 28768
92153 64096
92157 57795
92169 74870
92175 98397
92178 26047
92191 10453
92191 84401
92193 68452
92198 479
92198 44968
92198 54147
92198 91004
92208 80864
92224 74193
97628 92259
92261 27833
92261 80856
92270 24689
92271 4547
92274 15367
92274 61858
92274 72503
92279 7010
92279 35664
92282 72650
92286 4570
92286 75371
92302 53708
92303 58260
92307 77740
92307 92499
92309 7932
92314 25103
92316 23737
92319 31771
92319 43160
92319 54490
92321 24911
92322 85343
92324 74397
92326 50567
92328 17412
92339 32820
92341 8958
92341 28743
92341 48587
92344 21682
92353 13662
92357 57791
92365 33009
92366 74408
92369 62261
92371 3375
92371 71415
92382 98192
92385 64343
92390 4290
92395 6679
92395 61319
92396 53980
92399 83329
92407 53386
92407 95896
92412 60615
92420 42443
92428 943
92429 943
92434 20101
92438 3483
92438 21682
92438 36557
92438 49560
92438 65424
92438 93025
92441 2637
92445 6857
92445 12200
92452 2812
92463 67185
92465 98938
92467 13633
92467 69289
92468 24066
92468 36197
92468 55818
92468 68385
92473 20679
92473 57497
92473 69995
92474 83216
92481 4547
92496 73402
92500 90103
92502 1536
92502 86085
92513 29569
92515 36972
92517 32163
92524 4039
92524 28153
92524 74397
92524 97720
92526 31996
92529 41365
92530 20828
92533 32006
92533 92767
92535 81328
92539 61274
92539 99201
92542 9810
92544 4832
92544 56735
92559 41909
92562 20321
92562 93616
92562 94736
92563 7314
92590 29555
92590 50613
92595 26717
92595 97556
92596 18509
92606 14483
92609 97283
92610 3388
92610 43018
92610 71039
92619 8653
92623 48646
92628 8316
92632 94687
92636 41909
92640 56829
92640 60543
92656 14672
92661 15143
92668 57791
92675 26355
92678 34049
92679 42388
92680 2230
92683 54789
92696 70875
92706 2485
92706 46105
92707 83748
92713 20612
92720 15893
92722 97283
92723 27356
92723 83854
92725 10319
92729 7314
92732 13216
92732 43023
92735 50506
92735 57349
92741 12096
92741 85599
92741 87024
92746 68038
92759 23086
92771 48976
92773 59392
92775 19936
92775 71490
92793 80626
92796 41909
92798 65287
92801 89289
92813 62166
92816 80734
92817 8011
92817 27353
92817 57791
92817 90059
92818 54147
92829 39561
92832 70049
92833 19562
92833 51389
92833 59681
92835 51040
92835 68465
92837 97283
92838 3170
92838 20514
92844 41802
92845 75044
92853 35354
92857 46755
92857 92268
92858 44966
92859 83644
92864 36720
92866 61099
92867 75600
92871 16868
92877 32163
92881 44734
92887 33257
92887 33953
92902 99685
92909 27645
92909 29157
92909 73549
92914 12191
92914 66947
92915 89289
92916 48099
92918 61115
92939 32701
92943 62680
92948 18517
92950 97848
97848 92950
92954 93747
93747 18298
92956 62381
92959 50633
92966 94255
92976 47900
92976 87120
92980 5973
92980 7916
92980 72305
92980 93263
92982 51720
92983 18752
92984 5889
92984 88305
92985 24887
92985 86909
92985 98716
92990 11042
92990 84548
92993 7386
92993 75783
92993 85406
92993 92139
92998 2982
92998 45681
92998 57286
92998 69453
92998 85513
93002 86078
93006 68843
93008 54147
93009 16446
93009 91467
93013 56677
93013 76695
93015 7314
93016 82671
93017 93865
93020 42244
93020 52311
93020 60990
93020 78836
93020 84522
93022 78511
93043 50136
93046 16414
93046 16868
93047 48477
93048 18392
93053 58749
93055 99210
93066 36292
93077 8455
93077 26829
93078 99270
93080 68825
93081 41299
93081 88970
93085 26279
93088 56300
93088 73612
93093 79050
93104 41914
93106 51540
93107 31712
93113 17047
93118 22485
93119 15587
93120 36292
93120 62158
93141 74929
93143 55929
93151 42346
93151 67507
93152 34378
93165 12115
93165 37176
93165 69326
93166 40670
93166 55011
93166 78723
93166 94459
93174 50202
93178 46347
93181 66375
93184 26351
93189 6771
93193 25708
93196 7314
93205 16868
93205 48667
93206 77959
93210 30837
93221 33617
93221 54147
93221 96602
96602 54147
93229 21682
93229 90728
93234 76075
93239 57497
93240 40150
93242 79841
93264 8316
93266 8197
93272 95811
95811 93272
93282 29458
93285 73287
93289 54485
93291 27051
93291 86508
93297 37238
93297 46314
94078 93301
93310 40996
93310 90946
93311 76866
93315 77503
93318 58088
93325 41909
93331 3170
93331 20514
93347 66246
93354 94657
93368 86907
93372 9819
93373 23193
93382 20721
93385 57596
93390 72106
93393 22011
93393 24558
93393 95569
95569 22011
95569 24558
95569 75884
95569 93393
93396 1515
93396 26253
93408 50373
93410 1339
93417 39744
93418 38731
93419 22862
93419 75135
93424 50639
93425 53495
93426 74397
93428 718
93428 36292
93430 25858
93433 96911
93439 49651
93444 94657
93452 29981
93452 36292
93452 66614
93456 16910
93458 6731
93458 42216
93458 74187
93458 83097
93458 87215
93462 85074
93472 2982
93472 57286
93481 64205
93483 84862
93488 76425
93491 97182
93494 20612
93495 15254
93495 96085
93496 40759
93499 34410
93499 65313
93510 1532
93510 96298
93510 97436
93511 17212
93511 61122
93519 29704
93522 22708
93526 6944
93528 16547
93528 44597
93528 51040
93528 68465
93535 27192
93535 69479
93541 24840
93541 62768
93541 90232
93546 7314
93558 98911
93567 22686
93567 95215
93568 58539
93571 33693
93571 44522
93571 89997
93579 48360
93583 48360
93592 39364
93596 20721
93600 7581
93614 34367
93614 36121
93614 62032
93615 36334
93618 54147
93619 91250
93621 62177
93634 11639
93634 61622
93637 7770
93641 93305
93642 58511
93660 16868
93662 72393
93664 943
93666 49758
93670 9533
93670 80626
93684 58807
93686 57791
93687 94657
93694 42021
93694 75364
93695 77547
93703 14778
93708 54690
93708 73497
93723 62381
93730 12958
93731 19660
93731 33898
93731 75753
93731 87326
93731 91681
93735 7916
93735 48651
93735 60660
93735 72305
93741 78722
93741 79243
93742 19485
93744 9335
93751 2072
93758 56082
93771 38822
93773 73622
93786 86947
93787 45425
93789 21682
93794 46932
93794 97728
93802 5508
93802 19654
93802 22817
93802 67939
93802 79845
93803 85372
93805 64333
93805 83737
93805 97283
93815 4417
93815 50639
93819 1614
98035 93821
93832 45208
93833 26279
93836 57791
93838 67505
93839 92263
93856 98207
93857 6784
93861 68466
93862 1285
93862 28663
93862 32734
93872 15143
93873 30199
93876 1656
93880 45750
93901 4630
93901 54147
93901 85585
93904 42776
93905 63423
93909 46015
93909 54653
93909 64189
93909 67021
93920 45427
93923 4990
93923 31518
93923 35071
93923 77323
93929 16094
93931 4552
93931 18865
93933 12872
93933 23960
93943 40849
93945 83737
93946 241
93949 42462
93954 42244
93954 47708
93954 52311
93954 78836
93954 84522
93955 40131
93955 64833
93955 94274
94274 8316
93956 83759
93959 84751
93967 73190
93967 74150
93972 95607
95607 41909
93978 84906
93978 90531
93991 89776
94012 97413
94017 54147
94017 96837
94018 51880
94022 50732
94023 76969
94029 66187
94031 7027
94031 19785
94031 59110
94031 83986
94032 94122
94122 94032
94033 4457
94033 32276
94033 33240
94034 9810
94034 11243
94037 52114
94038 58321
94047 70622
94052 84561
94054 47083
94054 70508
94056 49590
94062 54147
94063 40898
94064 10291
94068 78244
94075 57791
94075 68488
94094 84417
94097 23647
94099 51040
94099 68465
94102 73590
94102 82797
94105 28108
94121 8979
94126 17412
94136 57837
94136 72668
94151 3093
94154 56303
94159 58652
94160 54147
94170 21682
94173 49987
94178 18518
94192 95941
94200 20101
94206 60843
94214 51082
94224 6650
94226 57791
94227 49393
94229 99219
94230 85100
94234 97079
97079 94234
94237 36112
94238 78729
94242 15883
94248 23211
94249 40033
94249 96828
94261 89652
94265 44060
94265 92454
94266 32163
94267 7314
94275 26712
94277 62701
94280 94709
94709 94280
94284 77959
94297 78929
94308 62680
94311 73648
94317 28671
94317 31290
94317 92938
94326 63431
94328 45508
94328 87666
94328 91762
94336 54147
94339 41321
94342 4547
94346 65313
94352 2955
94352 12115
94352 69326
94352 78409
94356 69119
94361 8316
94382 19914
94384 32431
94384 94706
94387 6111
94401 22021
94407 54389
94407 76900
94408 21433
94408 74678
94433 9312
94440 66413
94444 77339
94445 48406
94445 55793
94446 90399
94447 18312
94447 29349
94447 59344
94455 48995
94458 31539
94458 36123
94458 51495
94471 70817
94471 86629
94472 5005
94478 85135
94481 5889
94481 88305
94483 11243
94483 70379
94488 91679
94489 68843
94509 54147
94518 55793
94519 64245
94528 23459
94528 54147
94533 52607
94540 14677
94540 21682
94551 52434
94551 74290
94551 84420
94552 71412
94556 65611
94557 92362
94561 92160
94575 32163
94575 60862
94576 66286
94578 32163
94578 37063
94578 48888
94589 43760
94589 79663
94601 13238
94614 7314
94620 85130
94622 9474
94641 18209
94649 72125
94653 53613
94656 53849
94661 45630
94661 66182
94661 69751
94664 95115
94668 65838
94676 54789
94678 32697
94678 79250
94680 16186
94685 48865
94685 58129
94708 66179
94710 41909
94720 41909
94727 8316
94727 28782
94734 70503
94734 76680
94745 58749
94749 61527
94758 63648
94758 80185
94762 19451
94762 99806
94764 5871
94764 17667
94767 54690
94767 73497
94771 62252
94771 75664
94774 69291
94776 41092
94779 24689
94783 62059
94783 77616
94785 36822
94789 38802
94789 49103
94803 65326
94803 86747
94808 6038
94808 6266
94808 6711
94808 44721
94808 83378
94808 85126
94808 85143
94809 47468
94811 32959
94814 36594
94814 63332
94814 80531
94814 85294
94814 95126
94816 54147
94820 41909
94820 73696
94824 61639
94825 23103
94825 76132
94825 99932
94826 8881
94826 23666
94827 36623
94834 89300
94835 60742
94841 32501
94854 54147
94856 36292
94864 47379
94864 54147
94867 21088
94867 32966
94871 46406
94875 54147
94876 28408
94886 99962
99962 94886
94887 95319
94896 9272
94897 49534
94901 76879
94903 16910
94903 54736
94906 11240
94906 46854
94915 46551
94922 3038
94922 20922
94922 57227
94922 88163
94924 97256
94925 43009
94937 76447
94938 58652
94942 7314
94953 34049
94953 90444
94980 17660
94982 81857
94983 89834
94990 74397
94997 93739
95004 2592
95005 66031
95014 62493
95024 3380
95024 94100
95035 37936
95040 12591
95040 59283
95047 91035
95049 80808
95058 87253
95061 57791
95063 76447
95071 52616
95072 91541
95076 4690
95076 8329
95079 62493
95087 53586
95092 42341
95094 51809
95103 42586
95103 51436
95103 93415
95112 3813
95113 95090
95120 80114
95127 7656
95130 74397
95145 90893
95147 59788
95151 40795
95151 87171
95151 98329
95157 62701
95161 30408
95161 73470
95167 6172
95168 7613
95176 74397
95179 32190
95179 33016
95179 71446
95212 36292
95217 29551
95217 59654
95229 14816
95229 20529
95244 13728
95246 8748
95246 12765
95246 31867
95246 34012
95259 6771
95259 64446
95275 8329
95275 13073
95275 61820
95275 78021
95275 78516
95276 16545
95276 41909
95276 73696
95283 9196
95289 5115
95293 29519
95294 77406
95294 91565
95300 23293
95300 56349
95300 99909
95303 25632
95303 89977
95306 5820
95306 54003
95306 86299
95310 65174
95315 29965
95324 49200
95326 32268
95330 71463
95330 96656
95331 83216
95332 58541
95336 22310
95336 77411
95336 95648
95341 96065
96065 95341
95366 19352
95366 59653
95367 32163
95367 48888
95372 60253
95377 40384
95377 60442
95377 74131
95377 91392
95377 96121
95380 8316
95380 91327
95381 8316
95391 54358
95392 86299
95402 32190
95402 33016
95402 71446
95414 47140
95421 73648
95426 47297
95429 76243
95431 91700
95434 99036
95441 21026
95441 47995
95785 18310
95785 41909
95451 46949
95453 54087
95453 79797
95457 94365
95459 8316
95466 96860
95473 51624
95473 83216
95474 67182
95477 14672
95478 83999
95480 54147
95482 53741
95486 30775
95486 93251
95489 62288
95489 97236
97236 62288
97236 95489
95511 11341
95511 48237
95517 57791
95518 49987
95519 11806
95532 4882
95541 44257
95544 27913
95552 15367
95557 82479
95566 16545
95566 41909
95566 73696
95571 73503
95575 32712
95577 71971
95579 42021
95579 75364
95595 74352
95595 77773
95598 75048
95600 33112
95603 41593
95613 36292
95613 65716
95624 15374
95629 25319
95630 7314
95637 62680
95644 91730
95644 95323
95655 33098
95659 35964
95659 54796
95663 36292
95670 32163
95670 47823
95670 48888
95672 12958
95676 35362
95684 10043
95684 23996
95684 24689
95688 4479
95690 40996
95690 86299
95691 28986
95696 1536
95697 2072
95701 20798
95707 33520
95715 48692
95720 29019
95720 77625
95722 85959
95724 19817
95729 36292
95730 9382
95730 86351
95734 36292
95734 98940
95735 68001
95748 14327
95749 60424
95757 14897
95757 18392
95757 63763
95762 57483
95765 56650
95773 5789
95776 54147
95782 52847
95782 57826
95782 60944
95782 86771
95783 8638
95783 39364
95796 91906
95801 3191
95803 51606
95812 3518
95830 7283
95830 18692
95830 18909
95830 52494
95830 57558
95835 54764
95835 59482
95835 81454
95835 92680
95839 30397
95846 54147
95852 4439
95870 59868
95873 62498
95875 62279
95876 12958
95877 95984
95880 29893
95883 55527
95890 17667
95891 60887
95891 80626
95892 52434
95892 74290
95899 16910
95907 5674
95911 39503
95911 72663
95912 43760
95912 79663
95913 11212
95913 38726
95918 41909
95919 93529
95931 25992
95931 96265
95931 97020
95933 41354
95954 6233
95954 92968
95963 52416
95974 74397
95979 55023
95980 20403
96003 32163
96003 48888
96005 16880
96005 35976
96005 84067
96006 31779
96006 39195
96006 62812
96010 13564
96013 42500
96014 19914
96036 41909
96036 73696
96040 45425
96054 71274
96054 93960
96054 98262
96064 28039
96069 84284
96070 7455
96070 87435
96077 2635
96080 40728
96080 82574
96086 62825
96086 69212
96086 76448
96088 12958
96091 25003
96091 51721
96092 20867
96092 65856
96094 11458
96098 25622
96109 66426
96114 7314
96115 48733
96122 32163
96127 76447
96131 58689
96131 82406
96133 41909
96136 41909
96137 96794
96794 96137
96140 37962
96149 44047
96152 45425
96155 97037
97037 96155
96156 24066
96156 36197
96156 55818
96156 68385
96160 3054
96162 5115
96192 66035
96199 45820
96199 99036
96202 17667
96202 66392
96208 78160
96210 21138
96215 13331
96216 44780
96216 66633
96217 87039
96218 1536
96221 79904
96226 12235
96226 12964
96226 80327
96230 58321
96238 87889
96243 74397
96250 4951
96254 77737
96264 13558
96268 3388
96268 43018
96272 2072
96276 98498
96305 80532
96305 99697
99697 80532
99697 96305
96307 53943
96315 43422
96319 98525
98525 96319
96321 16332
96323 8316
96330 28244
96336 68466
96349 14672
96359 86078
96361 3512
96363 18855
96363 84215
96363 95342
96364 49203
96364 68245
96367 61527
96372 50810
96372 82760
96372 87910
96375 16109
96375 25548
96382 41909
96388 76029
96388 94460
96397 91686
96402 76759
96402 77430
96407 64472
96424 71633
96438 24845
96438 37876
96438 58738
96438 87203
96441 98063
96442 1536
96445 71231
96445 90492
96461 38643
96462 3170
96462 20514
96463 41909
96466 22148
96469 7884
96469 74639
96472 7314
96484 13202
96500 296
96500 74224
96508 73057
96518 66858
96521 36292
96521 37149
96527 22007
96532 6236
96532 10035
96533 47507
96536 37240
96536 57791
96544 3125
96544 50008
96544 54147
96544 85756
96550 6256
96550 42276
96554 70061
96563 41909
96567 54147
96571 48143
96572 12713
96578 62680
96579 37211
96581 29818
96583 25759
96588 55504
96591 10025
96593 7531
96593 90786
96603 14981
96613 21682
96615 88710
96621 56650
96624 94210
96632 73862
96632 76768
96638 10025
96641 2945
96642 8994
96642 19480
96642 64010
96645 56677
96645 76695
96646 55724
96646 62287
96646 92030
96649 3180
96649 14787
96649 90798
96652 76969
96653 24324
96653 36342
96658 20425
96663 44972
96671 98864
96673 31134
96674 91035
96680 17547
96680 47927
96683 68770
96685 68082
96693 17412
96694 38059
96697 41909
96698 14427
96722 64100
96729 42568
96729 53026
96734 78823
96737 76314
96744 72421
96753 49003
96768 29817
96770 30233
96787 16930
96788 40587
96788 47093
96791 65769
96792 91710
96796 14034
96796 71412
96799 4937
96804 15736
96804 80002
96806 83214
96808 80166
96808 93123
96815 45425
96822 22128
96822 83854
96838 59218
96838 92038
96848 49303
96848 49411
96849 41321
96850 15693
96852 74513
96855 32163
96855 47823
96855 48888
96855 63971
96863 94542
96864 3170
96864 20514
96866 5005
96886 44039
96888 58944
96888 99263
96890 20532
96890 65000
96893 11639
96893 61622
96895 2028
96895 21682
96895 63807
96898 66915
96898 78215
96904 32959
96918 55007
96920 20613
96922 75880
96922 94542
96922 99487
96925 74397
96934 7314
96937 55121
96943 7884
96943 60124
96943 61344
96943 74639
96943 92511
96948 84100
96951 17779
96959 16868
96959 48667
96960 9927
96961 89612
96964 28777
96966 12232
96966 45285
96972 62291
96977 4374
96984 24066
96984 36197
96984 55818
96984 68385
96986 74314
96986 88316
96988 57791
96994 47355
96999 99766
99766 96999
97000 66885
97005 24976
97007 71549
97010 20718
97010 30837
97010 53594
97010 91554
97018 21682
97019 74397
97023 74397
97025 69163
97029 34876
97029 53921
97029 78765
97039 28759
97039 39934
97039 77927
97040 73648
97042 93000
97055 9205
97068 16579
97075 40256
97077 37493
97077 72640
97087 97754
97088 78815
97091 27598
97091 54147
97091 96839
97093 16910
97094 43934
97094 46858
97098 32163
97098 48888
97098 91814
97100 32163
97104 73305
97110 49663
97115 55259
97119 19614
97134 31180
97134 54850
97139 45425
97148 45425
97149 16868
97149 55274
97151 5314
97152 22007
97155 3512
97155 96361
97156 47470
97163 8522
97169 57497
97183 31180
97192 83435
97199 31977
97199 54147
97201 66147
97201 97179
97203 69511
97210 16679
97210 43935
97213 8316
97217 1826
97220 29849
97221 54147
97222 90868
97230 12013
97230 32163
97230 48888
97231 68466
97238 34639
97247 11478
97247 22466
97247 42825
97247 75907
97248 19045
97248 32655
97248 39152
97264 62680
97268 58486
97273 72403
97273 78244
97273 88863
97275 77086
97277 42048
97278 85372
97290 11217
97290 43003
97291 53051
97298 14228
97302 16595
97302 95090
97309 71649
97316 28588
97330 69868
97349 44167
97358 34410
97358 51690
97358 65313
97364 45425
97366 54147
97366 96837
97375 79157
97377 75975
97378 45425
97386 74397
97398 45806
97401 43934
97401 77723
97406 66975
97406 82798
97416 20094
97423 849
97423 59462
97428 17667
97428 66392
97428 72873
97440 35052
97440 63549
97440 82689
97440 90169
97450 98749
98749 97450
97464 34049
97464 47865
97465 87459
97468 70053
97469 74397
97481 74397
97492 28649
97501 44572
97504 36292
97505 74397
97510 97834
97513 99142
97515 90787
97516 95333
97518 40153
97519 40763
97521 49109
97521 65316
97521 90293
97530 11675
97531 47355
97533 26926
97533 43234
97533 84658
97542 98604
97555 9137
97555 19141
97555 79171
97558 79333
97562 94657
97564 3054
97565 11780
97567 51040
97567 68465
97573 74204
97574 4299
97574 17235
97574 90553
97575 6715
97575 9246
97575 99764
97576 6002
97579 54147
97590 13478
97593 1068
97594 62493
97597 22563
97597 79515
97600 1123
97600 65899
97613 85372
97617 99465
97618 99579
97627 25212
97627 63862
97631 280
97632 60539
97633 22431
97635 32163
97640 3171
97647 54147
97648 22676
97648 32163
97658 72013
97662 88715
97663 39354
97663 52138
97678 62701
97679 24220
97679 44688
97704 27569
97704 70582
97717 21682
97723 74397
97723 97720
97725 4985
97731 25802
97732 62261
97733 57791
97734 4570
97734 75371
97734 92286
97736 75567
97736 88728
97738 32600
97743 42815
97744 50129
97745 17293
97751 7291
97755 9533
97755 80626
97758 5665
97768 56795
97772 14672
97791 31066
97791 63204
97791 68831
97794 38294
97797 7314
97815 62680
97817 50062
97817 52078
97817 90598
97835 30624
97847 53497
97871 96197
97872 7314
97879 54830
97898 76735
97898 92348
97903 32163
97903 48888
97909 78244
97913 49778
97916 49987
97917 49987
97937 36292
97938 17547
97938 47927
97947 18512
97947 35349
97948 97400
97951 932
97951 4870
97953 24670
97958 47709
97967 108
97982 70634
97984 32523
97984 45315
97984 55590
97988 3093
97991 78843
98001 74716
98003 80293
98005 58807
98007 10261
98007 29035
98007 58112
98007 71408
98019 943
98024 90359
98039 71146
98051 11566
98052 52179
98057 4365
98057 5337
98057 52099
98060 36197
98060 70252
98064 78611
98069 66752
98074 21629
98080 85372
98086 35500
98086 71468
98090 10695
98090 30213
98092 30760
98093 8018
98097 97720
98109 48643
98109 68275
98109 72421
98109 81883
98120 28059
98121 57791
98122 13285
98124 5126
98126 41909
98128 68044
98130 17547
98130 47927
98130 53546
98131 54147
98139 57791
98139 68488
98150 43792
98156 59346
98169 69292
98169 73207
98186 62471
98188 93493
98194 49851
98202 70176
98215 47391
98220 30637
98221 36464
98221 91322
98236 54147
98246 41909
98248 33198
98251 943
98267 8744
98270 56943
98275 23823
98279 85819
98297 3259
98297 13491
98299 9557
98310 1515
98310 26253
98310 51580
98311 4775
98311 57375
98314 41213
98319 24689
98321 10714
98321 30975
98321 36292
98321 69242
98325 35473
98325 70818
98330 26107
98330 67378
98330 68029
98330 77709
98336 30638
98336 34312
98336 53357
98336 64562
98339 9358
98349 6236
98361 8905
98361 9151
98371 87003
98373 59207
98382 36292
98386 36292
98392 97059
98393 36823
98396 75122
98405 8547
98405 54446
98410 68499
98411 76128
98418 62163
99125 36940
99125 98419
98424 39283
98431 87924
98433 40493
98435 92263
98437 17894
98456 8177
98456 36292
98458 87584
98461 85191
98461 99152
98467 66752
98469 53732
98473 74397
98475 41909
98475 73696
98478 41909
98479 29981
98479 36292
98479 66614
98482 22513
98483 85372
98497 99040
98503 10777
98506 69543
98507 60429
98509 39503
98509 72663
98520 63311
98527 97377
98532 60609
98532 90303
98543 70189
98543 77917
98543 84107
98544 85608
98551 72657
98553 29679
98556 15726
98573 4576
98584 45425
98585 11806
98597 99452
99452 98597
98599 17100
98603 6443
98607 57465
98608 89846
98616 13072
98620 67749
98620 72691
98624 43128
98632 49233
98632 78244
98632 88863
98635 49845
98636 66885
98642 34559
98644 3170
98644 20514
98650 33206
98659 50827
98659 78520
98660 62273
98662 40646
98663 80015
98663 83905
98665 74397
98671 93870
98674 4407
98675 55793
98675 69058
98680 98004
98697 69485
98699 69932
98704 278
98704 23097
98705 46225
98711 72106
98712 40038
98715 52179
98719 40269
98722 58801
98725 4749
98726 65067
98726 86002
98733 45948
98735 1634
98735 10148
98735 94430
98750 83216
98760 94657
98766 51789
98769 8735
98776 14405
98784 2257
98784 3287
98784 51683
98785 6653
98791 72992
98791 86508
98792 60539
98794 14091
98806 77593
98814 19548
98821 18945
98823 59564
98832 7314
98848 67224
98852 19364
98852 92842
98857 34763
98861 14499
98865 18646
98869 7402
98870 26048
98870 52009
98870 61667
98870 65331
98870 78312
98874 30941
98879 32163
98879 48888
98887 63973
98888 41909
98889 69153
98897 32163
98899 24071
98899 74397
98901 58652
98903 13007
98908 44270
98934 21683
98936 106
98936 46965
98942 47355
98942 73911
98942 88869
98946 54147
98948 16540
98949 90287
98954 4235
98954 86299
98960 34664
98960 57166
98960 90105
98961 15693
98963 16679
98963 43935
98977 74123
98982 17569
98982 57618
98983 57791
98988 2986
98989 37838
98994 5930
98995 61527
98996 36292
98996 65716
99013 29963
99022 28201
99028 9810
99033 82832
99035 28988
99041 65732
99047 52434
99047 74290
99047 84420
99058 14674
99063 32148
99065 62381
99073 42523
99081 32163
99081 48888
99097 11147
99097 65319
99097 88776
99106 12312
99106 31192
99106 41554
99110 72009
99118 54390
99120 31746
99122 16828
99122 20774
99122 68759
99128 19126
99128 54974
99134 10079
99141 77840
99141 84636
99141 94243
99144 38155
99145 82387
99146 50936
99149 54147
99158 12788
99159 51793
99160 25535
99162 16698
99163 58801
99168 13502
99169 61429
99169 97000
99180 66758
99181 69628
99184 22157
99184 57947
99189 76464
99200 13771
99203 26204
99212 57791
99214 45425
99217 45425
99224 16299
99228 36292
99228 62158
99238 93374
99240 62680
99252 7314
99266 49106
99267 52931
99267 61100
99272 6236
99272 64112
99273 10562
99280 98998
99289 40973
99289 50740
99289 83325
99292 70633
99297 28123
99297 91623
99303 35478
99303 88305
99308 11443
99320 82237
99322 943
99325 72017
99330 34395
99334 37107
99335 45425
99335 97139
99344 69329
99348 7314
99350 4882
99350 55342
99352 71003
99354 59413
99363 62680
99364 57791
99367 4018
99367 87126
99374 16540
99378 6236
99378 64112
99386 21682
99390 211
99390 76027
99395 54948
99396 16682
99396 28129
99396 49105
99400 44792
99403 27681
99406 56484
99406 99619
99411 91814
99423 3974
99424 65890
99441 21682
99454 68713
99455 20285
99455 53591
99467 62381
99468 55348
99469 55003
99470 38432
99471 78472
99476 12750
99479 69531
99480 94657
99482 2072
99482 21069
99488 19548
99503 8588
99503 62624
99506 54147
99512 46330
99512 65728
99513 99379
99514 32163
99514 65091
99514 67286
99530 94067
99537 65998
99550 23005
99559 41433
99562 3054
99563 29685
99571 36292
99574 78244
99590 25719
99604 11780
99604 53964
99606 97283
99613 84440
99618 6815
99618 25541
99621 19485
99623 49851
99629 18520
99629 34215
99629 62831
99633 1167
99633 67197
99633 70615
99633 74925
99636 85383
99638 51040
99640 16334
99647 29938
99647 46701
99647 75207
99648 94657
99653 17547
99653 47927
99654 84522
99655 9678
99659 21140
99663 14286
99663 95285
99677 19535
99677 87744
99681 21433
99681 74678
99683 61327
99683 87020
99692 66300
99695 99392
99704 8329
99706 43913
99707 67732
99708 12217
99714 89857
99724 3807
99724 26360
99724 42354
99724 82280
99729 29233
99735 60842
99738 8994
99738 19480
99738 64010
99741 91389
99747 6349
99752 38336
99753 16868
99753 88178
99755 8902
99756 61375
99762 85295
99769 31776
99775 70857
99775 92210
99777 62701
99780 72890
99783 91700
99784 45425
99785 99923
99788 54171
99788 70061
99788 90977
99800 28124
99800 62273
99800 84654
99800 86490
99808 13578
99808 40751
99808 44557
99808 81747
99808 86522
99809 25912
99810 46723
99810 65732
99810 66742
99810 74209
99817 39805
99817 48976
99821 1056
99821 47998
99821 49196
99825 27605
99838 17
99838 33881
99838 40033
99838 96828
99839 8521
99843 78039
99854 32163
99854 47823
99854 48888
99854 58700
99855 5005
99855 15116
99855 67837
99859 8756
99861 133
99861 19810
99861 59788
99861 78746
99861 86621
99864 45754
99864 60247
99864 70943
99874 5942
99889 54147
99894 59788
99910 20573
99920 94211
99927 16981
99927 87763
99930 13202
99937 50308
99939 57791
99940 44966
99942 49962
99943 11639
99943 61622
99948 28995
99948 58123
99949 76346
99957 68205
99959 404
99961 60543
99963 3054
99965 4478
99966 5693
99966 58493
99966 91969
99983 1149
99983 62567
99988 15709
99988 36419
99988 84909
99990 24055
99990 59197
99998 13710
99998 93251
99999 36292
99999 62158
